{"__comment":"Designed by Wow4201 with BDcraft Cubik PRO 0.93 Beta - http://bdcraft.net","textures":{"cone_32_side":"blocks/cone_32_side","top":"blocks/top"},"elements":[{"__comment":"Window","from":[2,0,5],"to":[14,1,11],"faces":{"down":{"uv":[14,11,2,5],"texture":"#top"},"up":{"uv":[2,5,14,11],"texture":"#top"},"north":{"uv":[2,15,14,16],"texture":"#cone_32_side"},"south":{"uv":[2,15,14,16],"texture":"#cone_32_side"},"west":{"uv":[5,15,11,16],"texture":"#cone_32_side"},"east":{"uv":[5,15,11,16],"texture":"#cone_32_side"}}},{"__comment":"Window","from":[3,0,4],"to":[13,1,5],"faces":{"down":{"uv":[13,5,3,4],"texture":"#top"},"up":{"uv":[3,4,13,5],"texture":"#top"},"north":{"uv":[3,15,13,16],"texture":"#cone_32_side"},"south":{"uv":[3,15,13,16],"texture":"#cone_32_side"},"west":{"uv":[4,15,5,16],"texture":"#cone_32_side"},"east":{"uv":[11,15,12,16],"texture":"#cone_32_side"}}},{"__comment":"Window","from":[3,0,11],"to":[13,1,12],"faces":{"down":{"uv":[13,12,3,11],"texture":"#top"},"up":{"uv":[3,11,13,12],"texture":"#top"},"north":{"uv":[3,15,13,16],"texture":"#cone_32_side"},"south":{"uv":[3,15,13,16],"texture":"#cone_32_side"},"west":{"uv":[11,15,12,16],"texture":"#cone_32_side"},"east":{"uv":[4,15,5,16],"texture":"#cone_32_side"}}},{"__comment":"Window","from":[4,0,3],"to":[12,1,4],"faces":{"down":{"uv":[12,4,4,3],"texture":"#top"},"up":{"uv":[4,3,12,4],"texture":"#top"},"north":{"uv":[4,15,12,16],"texture":"#cone_32_side"},"south":{"uv":[4,15,12,16],"texture":"#cone_32_side"},"west":{"uv":[3,15,4,16],"texture":"#cone_32_side"},"east":{"uv":[12,15,13,16],"texture":"#cone_32_side"}}},{"__comment":"Window","from":[4,1,7],"to":[12,2,9],"faces":{"down":{"uv":[12,9,4,7],"texture":"#top"},"up":{"uv":[4,7,12,9],"texture":"#top"},"north":{"uv":[4,14,12,15],"texture":"#cone_32_side"},"south":{"uv":[4,14,12,15],"texture":"#cone_32_side"},"west":{"uv":[7,14,9,15],"texture":"#cone_32_side"},"east":{"uv":[7,14,9,15],"texture":"#cone_32_side"}}},{"__comment":"Window","from":[4,0,12],"to":[12,1,13],"faces":{"down":{"uv":[12,13,4,12],"texture":"#top"},"up":{"uv":[4,12,12,13],"texture":"#top"},"north":{"uv":[4,15,12,16],"texture":"#cone_32_side"},"south":{"uv":[4,15,12,16],"texture":"#cone_32_side"},"west":{"uv":[12,15,13,16],"texture":"#cone_32_side"},"east":{"uv":[3,15,4,16],"texture":"#cone_32_side"}}},{"__comment":"Window","from":[5,0,2],"to":[11,1,3],"faces":{"down":{"uv":[11,3,5,2],"texture":"#top"},"up":{"uv":[5,2,11,3],"texture":"#top"},"north":{"uv":[5,15,11,16],"texture":"#cone_32_side"},"south":{"uv":[5,15,11,16],"texture":"#cone_32_side"},"west":{"uv":[2,15,3,16],"texture":"#cone_32_side"},"east":{"uv":[13,15,14,16],"texture":"#cone_32_side"}}},{"__comment":"Window","from":[5,1,5],"to":[11,2,7],"faces":{"down":{"uv":[11,7,5,5],"texture":"#top"},"up":{"uv":[5,5,11,7],"texture":"#top"},"north":{"uv":[5,14,11,15],"texture":"#cone_32_side"},"south":{"uv":[5,14,11,15],"texture":"#cone_32_side"},"west":{"uv":[5,14,7,15],"texture":"#cone_32_side"},"east":{"uv":[9,14,11,15],"texture":"#cone_32_side"}}},{"__comment":"Window","from":[5,2,6],"to":[11,5,10],"faces":{"down":{"uv":[11,10,5,6],"texture":"#top"},"up":{"uv":[5,6,11,10],"texture":"#top"},"north":{"uv":[5,11,11,14],"texture":"#cone_32_side"},"south":{"uv":[5,11,11,14],"texture":"#cone_32_side"},"west":{"uv":[6,11,10,14],"texture":"#cone_32_side"},"east":{"uv":[6,11,10,14],"texture":"#cone_32_side"}}},{"__comment":"Window","from":[5,5,7],"to":[11,7,9],"faces":{"down":{"uv":[11,9,5,7],"texture":"#top"},"up":{"uv":[5,7,11,9],"texture":"#top"},"north":{"uv":[5,9,11,11],"texture":"#cone_32_side"},"south":{"uv":[5,9,11,11],"texture":"#cone_32_side"},"west":{"uv":[7,9,9,11],"texture":"#cone_32_side"},"east":{"uv":[7,9,9,11],"texture":"#cone_32_side"}}},{"__comment":"Window","from":[5,1,9],"to":[11,2,11],"faces":{"down":{"uv":[11,11,5,9],"texture":"#top"},"up":{"uv":[5,9,11,11],"texture":"#top"},"north":{"uv":[5,14,11,15],"texture":"#cone_32_side"},"south":{"uv":[5,14,11,15],"texture":"#cone_32_side"},"west":{"uv":[9,14,11,15],"texture":"#cone_32_side"},"east":{"uv":[5,14,7,15],"texture":"#cone_32_side"}}},{"__comment":"Window","from":[5,0,13],"to":[11,1,14],"faces":{"down":{"uv":[11,14,5,13],"texture":"#top"},"up":{"uv":[5,13,11,14],"texture":"#top"},"north":{"uv":[5,15,11,16],"texture":"#cone_32_side"},"south":{"uv":[5,15,11,16],"texture":"#cone_32_side"},"west":{"uv":[13,15,14,16],"texture":"#cone_32_side"},"east":{"uv":[2,15,3,16],"texture":"#cone_32_side"}}},{"__comment":"Window","from":[6,2,5],"to":[10,5,6],"faces":{"down":{"uv":[10,6,6,5],"texture":"#top"},"up":{"uv":[6,5,10,6],"texture":"#top"},"north":{"uv":[6,11,10,14],"texture":"#cone_32_side"},"south":{"uv":[6,11,10,14],"texture":"#cone_32_side"},"west":{"uv":[5,11,6,14],"texture":"#cone_32_side"},"east":{"uv":[10,11,11,14],"texture":"#cone_32_side"}}},{"__comment":"Window","from":[6,5,6],"to":[10,10,7],"faces":{"down":{"uv":[10,7,6,6],"texture":"#top"},"up":{"uv":[6,6,10,7],"texture":"#top"},"north":{"uv":[6,6,10,11],"texture":"#cone_32_side"},"south":{"uv":[6,6,10,11],"texture":"#cone_32_side"},"west":{"uv":[6,6,7,11],"texture":"#cone_32_side"},"east":{"uv":[9,6,10,11],"texture":"#cone_32_side"}}},{"__comment":"Window","from":[6,7,7],"to":[10,10,10],"faces":{"down":{"uv":[10,10,6,7],"texture":"#top"},"up":{"uv":[6,7,10,10],"texture":"#top"},"north":{"uv":[6,6,10,9],"texture":"#cone_32_side"},"south":{"uv":[6,6,10,9],"texture":"#cone_32_side"},"west":{"uv":[7,6,10,9],"texture":"#cone_32_side"},"east":{"uv":[6,6,9,9],"texture":"#cone_32_side"}}},{"__comment":"Window","from":[6,10,7],"to":[10,12,9],"faces":{"down":{"uv":[10,9,6,7],"texture":"#top"},"up":{"uv":[6,7,10,9],"texture":"#top"},"north":{"uv":[6,4,10,6],"texture":"#cone_32_side"},"south":{"uv":[6,4,10,6],"texture":"#cone_32_side"},"west":{"uv":[7,4,9,6],"texture":"#cone_32_side"},"east":{"uv":[7,4,9,6],"texture":"#cone_32_side"}}},{"__comment":"Window","from":[6,5,9],"to":[10,7,10],"faces":{"down":{"uv":[10,10,6,9],"texture":"#top"},"up":{"uv":[6,9,10,10],"texture":"#top"},"north":{"uv":[6,9,10,11],"texture":"#cone_32_side"},"south":{"uv":[6,9,10,11],"texture":"#cone_32_side"},"west":{"uv":[9,9,10,11],"texture":"#cone_32_side"},"east":{"uv":[6,9,7,11],"texture":"#cone_32_side"}}},{"__comment":"Window","from":[6,2,10],"to":[10,5,11],"faces":{"down":{"uv":[10,11,6,10],"texture":"#top"},"up":{"uv":[6,10,10,11],"texture":"#top"},"north":{"uv":[6,11,10,14],"texture":"#cone_32_side"},"south":{"uv":[6,11,10,14],"texture":"#cone_32_side"},"west":{"uv":[10,11,11,14],"texture":"#cone_32_side"},"east":{"uv":[5,11,6,14],"texture":"#cone_32_side"}}},{"__comment":"Window","from":[7,1,4],"to":[9,2,5],"faces":{"down":{"uv":[9,5,7,4],"texture":"#top"},"up":{"uv":[7,4,9,5],"texture":"#top"},"north":{"uv":[7,14,9,15],"texture":"#cone_32_side"},"south":{"uv":[7,14,9,15],"texture":"#cone_32_side"},"west":{"uv":[4,14,5,15],"texture":"#cone_32_side"},"east":{"uv":[11,14,12,15],"texture":"#cone_32_side"}}},{"__comment":"Window","from":[7,5,5],"to":[9,7,6],"faces":{"down":{"uv":[9,6,7,5],"texture":"#top"},"up":{"uv":[7,5,9,6],"texture":"#top"},"north":{"uv":[7,9,9,11],"texture":"#cone_32_side"},"south":{"uv":[7,9,9,11],"texture":"#cone_32_side"},"west":{"uv":[5,9,6,11],"texture":"#cone_32_side"},"east":{"uv":[10,9,11,11],"texture":"#cone_32_side"}}},{"__comment":"Window","from":[7,10,6],"to":[9,12,7],"faces":{"down":{"uv":[9,7,7,6],"texture":"#top"},"up":{"uv":[7,6,9,7],"texture":"#top"},"north":{"uv":[7,4,9,6],"texture":"#cone_32_side"},"south":{"uv":[7,4,9,6],"texture":"#cone_32_side"},"west":{"uv":[6,4,7,6],"texture":"#cone_32_side"},"east":{"uv":[9,4,10,6],"texture":"#cone_32_side"}}},{"__comment":"Window","from":[7,12,7],"to":[9,16,9],"faces":{"down":{"uv":[9,9,7,7],"texture":"#top"},"up":{"uv":[7,7,9,9],"texture":"#top"},"north":{"uv":[7,0,9,4],"texture":"#cone_32_side"},"south":{"uv":[7,0,9,4],"texture":"#cone_32_side"},"west":{"uv":[7,0,9,4],"texture":"#cone_32_side"},"east":{"uv":[7,0,9,4],"texture":"#cone_32_side"}}},{"__comment":"Window","from":[7,10,9],"to":[9,12,10],"faces":{"down":{"uv":[9,10,7,9],"texture":"#top"},"up":{"uv":[7,9,9,10],"texture":"#top"},"north":{"uv":[7,4,9,6],"texture":"#cone_32_side"},"south":{"uv":[7,4,9,6],"texture":"#cone_32_side"},"west":{"uv":[9,4,10,6],"texture":"#cone_32_side"},"east":{"uv":[6,4,7,6],"texture":"#cone_32_side"}}},{"__comment":"Window","from":[7,5,10],"to":[9,7,11],"faces":{"down":{"uv":[9,11,7,10],"texture":"#top"},"up":{"uv":[7,10,9,11],"texture":"#top"},"north":{"uv":[7,9,9,11],"texture":"#cone_32_side"},"south":{"uv":[7,9,9,11],"texture":"#cone_32_side"},"west":{"uv":[10,9,11,11],"texture":"#cone_32_side"},"east":{"uv":[5,9,6,11],"texture":"#cone_32_side"}}},{"__comment":"Window","from":[7,1,11],"to":[9,2,12],"faces":{"down":{"uv":[9,12,7,11],"texture":"#top"},"up":{"uv":[7,11,9,12],"texture":"#top"},"north":{"uv":[7,14,9,15],"texture":"#cone_32_side"},"south":{"uv":[7,14,9,15],"texture":"#cone_32_side"},"west":{"uv":[11,14,12,15],"texture":"#cone_32_side"},"east":{"uv":[4,14,5,15],"texture":"#cone_32_side"}}}]}