{
    "__comment": "Model generated by Timwins using MrCrayfish's Model Creator (http://mrcrayfish.com/modelcreator/)",
    "textures": {
        "particle": "blocks/anvil 1",
        "0": "blocks/anvil 1",
        "1": "blocks/hardened clay stained green",
        "2": "blocks/door iron lower",
        "3": "blocks/woo colored black"
    },
    "elements": [
        {
            "name": "Element",
            "from": [ -16.0, 10.25, 7.5 ], 
            "to": [ 7.0, 10.75, 7.75 ], 
            "faces": {
                "north": { "texture": "#0", "uv": [ 9.0, 5.25, 16.0, 5.75 ] },
                "east": { "texture": "#0", "uv": [ 8.25, 5.25, 8.5, 5.75 ] },
                "south": { "texture": "#0", "uv": [ 0.0, 5.25, 7.0, 5.75 ] },
                "west": { "texture": "#0", "uv": [ 7.5, 5.25, 7.75, 5.75 ], "cullface": "west" },
                "up": { "texture": "#0", "uv": [ 0.0, 7.5, 7.0, 7.75 ] },
                "down": { "texture": "#0", "uv": [ 16.0, 7.75, 9.0, 7.5 ] }
            }
        },
        {
            "name": "Element",
            "from": [ 0.0, 8.75, 7.25 ], 
            "to": [ 14.75, 10.25, 8.75 ], 
            "faces": {
                "north": { "texture": "#1", "uv": [ 1.25, 5.75, 16.0, 7.25 ] },
                "east": { "texture": "#1", "uv": [ 7.25, 5.75, 8.75, 7.25 ] },
                "south": { "texture": "#1", "uv": [ 0.0, 5.75, 14.75, 7.25 ] },
                "west": { "texture": "#1", "uv": [ 7.25, 5.75, 8.75, 7.25 ], "cullface": "west" },
                "up": { "texture": "#1", "uv": [ 0.0, 7.25, 14.75, 8.75 ] },
                "down": { "texture": "#1", "uv": [ 16.0, 8.75, 1.25, 7.25 ] }
            }
        },
        {
            "name": "Element",
            "from": [ -16.0, 10.0, 7.75 ], 
            "to": [ 0.0, 10.25, 8.25 ], 
            "faces": {
                "north": { "texture": "#0", "uv": [ 16.0, 5.75, 16.0, 6.0 ] },
                "south": { "texture": "#0", "uv": [ 0.0, 5.75, 0.0, 6.0 ] },
                "west": { "texture": "#0", "uv": [ 7.75, 5.75, 8.25, 6.0 ], "cullface": "west" },
                "up": { "texture": "#0", "uv": [ 0.0, 7.75, 0.0, 8.25 ] },
                "down": { "texture": "#0", "uv": [ 16.0, 8.25, 16.0, 7.75 ] }
            }
        },
        {
            "name": "Element",
            "from": [ -16.0, 10.75, 7.75 ], 
            "to": [ 7.0, 11.0, 8.25 ], 
            "faces": {
                "north": { "texture": "#0", "uv": [ 9.0, 5.0, 16.0, 5.25 ] },
                "south": { "texture": "#0", "uv": [ 0.0, 5.0, 7.0, 5.25 ] },
                "west": { "texture": "#0", "uv": [ 7.75, 5.0, 8.25, 5.25 ], "cullface": "west" },
                "up": { "texture": "#0", "uv": [ 0.0, 7.75, 7.0, 8.25 ] },
                "down": { "texture": "#0", "uv": [ 16.0, 8.25, 9.0, 7.75 ] }
            }
        },
        {
            "name": "Element",
            "from": [ -16.0, 10.25, 8.25 ], 
            "to": [ 7.0, 10.75, 8.5 ], 
            "faces": {
                "north": { "texture": "#0", "uv": [ 9.0, 5.25, 16.0, 5.75 ] },
                "east": { "texture": "#0", "uv": [ 7.5, 5.25, 7.75, 5.75 ] },
                "south": { "texture": "#0", "uv": [ 0.0, 5.25, 7.0, 5.75 ] },
                "west": { "texture": "#0", "uv": [ 8.25, 5.25, 8.5, 5.75 ], "cullface": "west" },
                "up": { "texture": "#0", "uv": [ 0.0, 8.25, 7.0, 8.5 ] },
                "down": { "texture": "#0", "uv": [ 16.0, 8.5, 9.0, 8.25 ] }
            }
        },
        {
            "name": "Element",
            "from": [ 6.25, 8.5, 7.25 ], 
            "to": [ 13.25, 8.75, 8.75 ], 
            "faces": {
                "north": { "texture": "#1", "uv": [ 2.75, 7.25, 9.75, 7.5 ] },
                "south": { "texture": "#1", "uv": [ 6.25, 7.25, 13.25, 7.5 ] },
                "west": { "texture": "#1", "uv": [ 7.25, 7.25, 8.75, 7.5 ] },
                "down": { "texture": "#1", "uv": [ 9.75, 8.75, 2.75, 7.25 ] }
            }
        },
        {
            "name": "Element",
            "from": [ 5.75, 8.75, 7.25 ], 
            "to": [ 8.5, 9.0, 8.75 ], 
            "rotation": { "origin": [ 5.75, 9.0, 7.25 ], "axis": "z", "angle": -22.5 },
            "faces": {
                "north": { "texture": "#1", "uv": [ 4.25, 0.0, 8.5, 0.25 ] },
                "east": { "texture": "#1", "uv": [ 7.25, 0.0, 8.75, 0.25 ] },
                "south": { "texture": "#1", "uv": [ 7.5, 0.0, 11.75, 0.25 ] },
                "west": { "texture": "#1", "uv": [ 7.25, 0.0, 8.75, 0.25 ] },
                "up": { "texture": "#1", "uv": [ 7.5, 7.25, 11.75, 8.75 ] },
                "down": { "texture": "#1", "uv": [ 8.5, 8.75, 4.25, 7.25 ] }
            }
        },
        {
            "name": "Element",
            "from": [ 7.0, 8.25, 7.25 ], 
            "to": [ 13.25, 8.5, 8.75 ], 
            "faces": {
                "north": { "texture": "#1", "uv": [ 2.75, 7.5, 9.0, 7.75 ] },
                "east": { "texture": "#1", "uv": [ 7.25, 7.5, 8.75, 7.75 ] },
                "south": { "texture": "#1", "uv": [ 7.0, 7.5, 13.25, 7.75 ] },
                "west": { "texture": "#1", "uv": [ 7.25, 7.5, 8.75, 7.75 ] },
                "down": { "texture": "#1", "uv": [ 9.0, 8.75, 2.75, 7.25 ] }
            }
        },
        {
            "name": "Element",
            "from": [ 7.5, 8.0, 7.25 ], 
            "to": [ 13.25, 8.25, 8.75 ], 
            "faces": {
                "north": { "texture": "#1", "uv": [ 2.75, 7.75, 8.5, 8.0 ] },
                "east": { "texture": "#1", "uv": [ 7.25, 7.75, 8.75, 8.0 ] },
                "south": { "texture": "#1", "uv": [ 7.5, 7.75, 13.25, 8.0 ] },
                "west": { "texture": "#1", "uv": [ 7.25, 7.75, 8.75, 8.0 ] },
                "down": { "texture": "#1", "uv": [ 8.5, 8.75, 2.75, 7.25 ] }
            }
        },
        {
            "name": "Element",
            "from": [ 8.25, 7.75, 7.25 ], 
            "to": [ 13.25, 8.0, 8.75 ], 
            "faces": {
                "north": { "texture": "#1", "uv": [ 2.75, 8.0, 7.75, 8.25 ] },
                "east": { "texture": "#1", "uv": [ 7.25, 8.0, 8.75, 8.25 ] },
                "south": { "texture": "#1", "uv": [ 8.25, 8.0, 13.25, 8.25 ] },
                "west": { "texture": "#1", "uv": [ 7.25, 8.0, 8.75, 8.25 ] },
                "down": { "texture": "#1", "uv": [ 7.75, 8.75, 2.75, 7.25 ] }
            }
        },
        {
            "name": "Element",
            "from": [ 0.0, 10.25, 7.25 ], 
            "to": [ 10.0, 10.5, 8.75 ], 
            "faces": {
                "north": { "texture": "#1", "uv": [ 6.0, 5.5, 16.0, 5.75 ] },
                "east": { "texture": "#1", "uv": [ 7.25, 5.5, 8.75, 5.75 ] },
                "south": { "texture": "#1", "uv": [ 0.0, 5.5, 10.0, 5.75 ] },
                "west": { "texture": "#1", "uv": [ 7.25, 5.5, 8.75, 5.75 ], "cullface": "west" },
                "up": { "texture": "#1", "uv": [ 0.0, 7.25, 10.0, 8.75 ] }
            }
        },
        {
            "name": "Element",
            "from": [ 12.75, 10.0, 7.25 ], 
            "to": [ 13.5, 10.5, 8.75 ], 
            "faces": {
                "north": { "texture": "#1", "uv": [ 2.5, 5.5, 3.25, 6.0 ] },
                "east": { "texture": "#1", "uv": [ 7.25, 5.5, 8.75, 6.0 ] },
                "south": { "texture": "#1", "uv": [ 12.75, 5.5, 13.5, 6.0 ] },
                "west": { "texture": "#1", "uv": [ 7.25, 5.5, 8.75, 6.0 ] },
                "up": { "texture": "#1", "uv": [ 12.75, 7.25, 13.5, 8.75 ] },
                "down": { "texture": "#1", "uv": [ 3.25, 8.75, 2.5, 7.25 ] }
            }
        },
        {
            "name": "Element",
            "from": [ 10.0, 10.25, 8.5 ], 
            "to": [ 12.75, 10.5, 8.75 ], 
            "faces": {
                "north": { "texture": "#1", "uv": [ 3.25, 5.5, 6.0, 5.75 ] },
                "south": { "texture": "#1", "uv": [ 10.0, 5.5, 12.75, 5.75 ] },
                "up": { "texture": "#1", "uv": [ 10.0, 8.5, 12.75, 8.75 ] }
            }
        },
        {
            "name": "Element",
            "from": [ 7.0, 10.5, 7.5 ], 
            "to": [ 10.0, 11.0, 8.5 ], 
            "faces": {
                "north": { "texture": "#0", "uv": [ 6.0, 5.0, 9.0, 5.5 ] },
                "east": { "texture": "#0", "uv": [ 7.5, 5.0, 8.5, 5.5 ] },
                "south": { "texture": "#0", "uv": [ 7.0, 5.0, 10.0, 5.5 ] },
                "west": { "texture": "#0", "uv": [ 7.5, 5.0, 8.5, 5.5 ] },
                "up": { "texture": "#0", "uv": [ 7.0, 7.5, 10.0, 8.5 ] }
            }
        },
        {
            "name": "Element",
            "from": [ 10.0, 10.25, 7.75 ], 
            "to": [ 12.75, 10.75, 8.25 ], 
            "faces": {
                "north": { "texture": "#2", "uv": [ 3.25, 5.25, 6.0, 5.75 ] },
                "south": { "texture": "#2", "uv": [ 10.0, 5.25, 12.75, 5.75 ] },
                "west": { "texture": "#2", "uv": [ 7.75, 5.25, 8.25, 5.75 ] },
                "up": { "texture": "#2", "uv": [ 10.0, 7.75, 12.75, 8.25 ] }
            }
        },
        {
            "name": "Element",
            "from": [ 14.75, 8.75, 7.0 ], 
            "to": [ 24.5, 10.0, 9.0 ], 
            "faces": {
                "north": { "texture": "#1", "uv": [ 0.0, 6.0, 1.25, 7.25 ] },
                "south": { "texture": "#1", "uv": [ 14.75, 6.0, 16.0, 7.25 ] },
                "west": { "texture": "#1", "uv": [ 7.0, 6.0, 9.0, 7.25 ] },
                "up": { "texture": "#1", "uv": [ 14.75, 7.0, 16.0, 9.0 ] },
                "down": { "texture": "#1", "uv": [ 1.25, 9.0, 0.0, 7.0 ] }
            }
        },
        {
            "name": "Element",
            "from": [ 10.0, 10.5, 8.0 ], 
            "to": [ 12.75, 11.25, 8.5 ], 
            "faces": {
                "north": { "texture": "#0", "uv": [ 3.25, 4.75, 6.0, 5.5 ] },
                "east": { "texture": "#0", "uv": [ 7.5, 4.75, 8.0, 5.5 ] },
                "south": { "texture": "#0", "uv": [ 10.0, 4.75, 12.75, 5.5 ] },
                "west": { "texture": "#0", "uv": [ 8.0, 4.75, 8.5, 5.5 ] },
                "up": { "texture": "#0", "uv": [ 10.0, 8.0, 12.75, 8.5 ] },
                "down": { "texture": "#0", "uv": [ 6.0, 8.5, 3.25, 8.0 ] }
            }
        },
        {
            "name": "Element",
            "from": [ 12.75, 10.0, 7.5 ], 
            "to": [ 15.0, 11.0, 8.5 ], 
            "faces": {
                "north": { "texture": "#0", "uv": [ 1.0, 5.0, 3.25, 6.0 ] },
                "east": { "texture": "#0", "uv": [ 7.5, 5.0, 8.5, 6.0 ] },
                "south": { "texture": "#0", "uv": [ 12.75, 5.0, 15.0, 6.0 ] },
                "west": { "texture": "#0", "uv": [ 7.5, 5.0, 8.5, 6.0 ] },
                "up": { "texture": "#0", "uv": [ 12.75, 7.5, 15.0, 8.5 ] },
                "down": { "texture": "#0", "uv": [ 3.25, 8.5, 1.0, 7.5 ] }
            }
        },
        {
            "name": "Element",
            "from": [ 7.75, 11.0, 7.75 ], 
            "to": [ 10.0, 11.25, 8.25 ], 
            "faces": {
                "north": { "texture": "#0", "uv": [ 6.0, 4.75, 8.25, 5.0 ] },
                "east": { "texture": "#0", "uv": [ 7.75, 4.75, 8.25, 5.0 ] },
                "south": { "texture": "#0", "uv": [ 7.75, 4.75, 10.0, 5.0 ] },
                "west": { "texture": "#0", "uv": [ 7.75, 4.75, 8.25, 5.0 ] },
                "up": { "texture": "#0", "uv": [ 7.75, 7.75, 10.0, 8.25 ] }
            }
        },
        {
            "name": "Element",
            "from": [ 12.75, 11.0, 7.75 ], 
            "to": [ 13.75, 11.25, 8.25 ], 
            "faces": {
                "north": { "texture": "#0", "uv": [ 2.25, 4.75, 3.25, 5.0 ] },
                "east": { "texture": "#0", "uv": [ 7.75, 4.75, 8.25, 5.0 ] },
                "south": { "texture": "#0", "uv": [ 12.75, 4.75, 13.75, 5.0 ] },
                "west": { "texture": "#0", "uv": [ 7.75, 4.75, 8.25, 5.0 ] },
                "up": { "texture": "#0", "uv": [ 12.75, 7.75, 13.75, 8.25 ] }
            }
        },
        {
            "name": "Element",
            "from": [ 13.75, 9.75, 7.5 ], 
            "to": [ 14.25, 10.75, 7.75 ], 
            "rotation": { "origin": [ 13.75, 10.75, 7.5 ], "axis": "x", "angle": 45.0 },
            "faces": {
                "north": { "texture": "#0", "uv": [ 2.5, 5.25, 3.0, 7.75 ] },
                "east": { "texture": "#0", "uv": [ 9.0, 5.25, 9.25, 7.75 ] },
                "south": { "texture": "#0", "uv": [ 13.0, 5.25, 13.5, 7.75 ] },
                "west": { "texture": "#0", "uv": [ 6.75, 5.25, 7.0, 7.75 ] },
                "up": { "texture": "#0", "uv": [ 13.0, 6.75, 13.5, 7.0 ] },
                "down": { "texture": "#0", "uv": [ 3.0, 7.0, 2.5, 6.75 ] }
            }
        },
        {
            "name": "Element",
            "from": [ 13.5, 8.0, 6.0 ], 
            "to": [ 14.5, 9.0, 7.0 ], 
            "faces": {
                "north": { "texture": "#0", "uv": [ 1.5, 7.0, 2.5, 8.0 ] },
                "east": { "texture": "#0", "uv": [ 9.0, 7.0, 10.0, 8.0 ] },
                "south": { "texture": "#0", "uv": [ 13.5, 7.0, 14.5, 8.0 ] },
                "west": { "texture": "#0", "uv": [ 6.0, 7.0, 7.0, 8.0 ] },
                "up": { "texture": "#0", "uv": [ 13.5, 6.0, 14.5, 7.0 ] },
                "down": { "texture": "#0", "uv": [ 2.5, 7.0, 1.5, 6.0 ] }
            }
        },
        {
            "name": "Element",
            "from": [ 13.75, 8.25, 6.75 ], 
            "to": [ 14.25, 10.0, 7.0 ], 
            "rotation": { "origin": [ 13.75, 10.0, 6.75 ], "axis": "x", "angle": 22.5 },
            "faces": {
                "north": { "texture": "#0", "uv": [ 7.5, 0.0, 8.5, 1.75 ] },
                "east": { "texture": "#0", "uv": [ 8.25, 0.0, 8.5, 1.75 ] },
                "south": { "texture": "#0", "uv": [ 7.5, 0.0, 8.5, 1.75 ] },
                "west": { "texture": "#0", "uv": [ 7.5, 0.0, 7.75, 1.75 ] },
                "up": { "texture": "#0", "uv": [ 7.5, 7.5, 8.5, 7.75 ] },
                "down": { "texture": "#0", "uv": [ 8.5, 7.75, 7.5, 7.5 ] }
            }
        },
        {
            "name": "Element",
            "from": [ 13.0, 7.25, 7.5 ], 
            "to": [ 13.25, 7.75, 8.5 ], 
            "faces": {
                "north": { "texture": "#1", "uv": [ 2.75, 8.25, 3.0, 8.75 ] },
                "east": { "texture": "#1", "uv": [ 7.5, 8.25, 8.5, 8.75 ] },
                "south": { "texture": "#1", "uv": [ 13.0, 8.25, 13.25, 8.75 ] },
                "west": { "texture": "#1", "uv": [ 7.5, 8.25, 8.5, 8.75 ] },
                "down": { "texture": "#1", "uv": [ 3.0, 8.5, 2.75, 7.5 ] }
            }
        },
        {
            "name": "Element",
            "from": [ 13.25, 7.25, 7.5 ], 
            "to": [ 13.5, 7.5, 8.5 ], 
            "faces": {
                "north": { "texture": "#1", "uv": [ 2.5, 8.5, 2.75, 8.75 ] },
                "east": { "texture": "#1", "uv": [ 7.5, 8.5, 8.5, 8.75 ] },
                "south": { "texture": "#1", "uv": [ 13.25, 8.5, 13.5, 8.75 ] },
                "up": { "texture": "#1", "uv": [ 13.25, 7.5, 13.5, 8.5 ] }
            }
        },
        {
            "name": "Element",
            "from": [ 13.25, 7.0, 7.5 ], 
            "to": [ 15.0, 7.25, 8.5 ], 
            "faces": {
                "north": { "texture": "#1", "uv": [ 1.0, 8.75, 2.75, 9.0 ] },
                "east": { "texture": "#1", "uv": [ 7.5, 8.75, 8.5, 9.0 ] },
                "south": { "texture": "#1", "uv": [ 13.25, 8.75, 15.0, 9.0 ] },
                "west": { "texture": "#1", "uv": [ 7.5, 8.75, 8.5, 9.0 ] },
                "up": { "texture": "#1", "uv": [ 13.25, 7.5, 15.0, 8.5 ] },
                "down": { "texture": "#1", "uv": [ 2.75, 8.5, 1.0, 7.5 ] }
            }
        },
        {
            "name": "Element",
            "from": [ 14.75, 7.25, 7.5 ], 
            "to": [ 15.0, 7.5, 8.5 ], 
            "faces": {
                "north": { "texture": "#1", "uv": [ 1.0, 8.5, 1.25, 8.75 ] },
                "south": { "texture": "#1", "uv": [ 14.75, 8.5, 15.0, 8.75 ] },
                "west": { "texture": "#1", "uv": [ 7.5, 8.5, 8.5, 8.75 ] },
                "up": { "texture": "#1", "uv": [ 14.75, 7.5, 15.0, 8.5 ] }
            }
        },
        {
            "name": "Element",
            "from": [ 15.0, 7.25, 7.5 ], 
            "to": [ 15.25, 8.5, 8.5 ], 
            "faces": {
                "north": { "texture": "#1", "uv": [ 0.75, 7.5, 1.0, 8.75 ] },
                "south": { "texture": "#1", "uv": [ 15.0, 7.5, 15.25, 8.75 ] },
                "west": { "texture": "#1", "uv": [ 7.5, 7.5, 8.5, 8.75 ] },
                "down": { "texture": "#1", "uv": [ 1.0, 8.5, 0.75, 7.5 ] }
            }
        },
        {
            "name": "Element",
            "from": [ 15.25, 6.75, 7.5 ], 
            "to": [ 16.5, 8.5, 8.5 ], 
            "faces": {
                "north": { "texture": "#1", "uv": [ 0.0, 7.5, 0.75, 9.25 ] },
                "east": { "texture": "#1", "uv": [ 7.5, 7.5, 8.5, 9.25 ], "cullface": "east" },
                "south": { "texture": "#1", "uv": [ 15.25, 7.5, 16.0, 9.25 ] },
                "west": { "texture": "#1", "uv": [ 7.5, 7.5, 8.5, 9.25 ] },
                "down": { "texture": "#1", "uv": [ 0.75, 8.5, 0.0, 7.5 ] }
            }
        },
        {
            "name": "Element",
            "from": [ 15.5, 5.1500000059604645, 7.5 ], 
            "to": [ 16.75, 6.549999997019768, 8.5 ], 
            "faces": {
                "north": { "texture": "#1", "uv": [ 0.0, 9.25, 0.5, 11.25 ] },
                "east": { "texture": "#1", "uv": [ 7.5, 9.25, 8.5, 11.25 ], "cullface": "east" },
                "south": { "texture": "#1", "uv": [ 15.5, 9.25, 16.0, 11.25 ] },
                "west": { "texture": "#1", "uv": [ 7.5, 9.25, 8.5, 11.25 ] },
                "up": { "texture": "#1", "uv": [ 15.5, 7.5, 16.0, 8.5 ] },
                "down": { "texture": "#1", "uv": [ 0.5, 8.5, 0.0, 7.5 ] }
            }
        },
        {
            "name": "Element",
            "from": [ 15.5, 6.75, 7.25 ], 
            "to": [ 16.25, 8.5, 8.75 ], 
            "faces": {
                "north": { "texture": "#1", "uv": [ 0.0, 7.5, 0.5, 9.25 ] },
                "east": { "texture": "#1", "uv": [ 7.25, 7.5, 8.75, 9.25 ], "cullface": "east" },
                "south": { "texture": "#1", "uv": [ 15.5, 7.5, 16.0, 9.25 ] },
                "west": { "texture": "#1", "uv": [ 7.25, 7.5, 8.75, 9.25 ] },
                "down": { "texture": "#1", "uv": [ 0.5, 8.75, 0.0, 7.25 ] }
            }
        },
        {
            "name": "Element",
            "from": [ 13.25, 8.5, 7.25 ], 
            "to": [ 16.5, 8.75, 8.75 ], 
            "faces": {
                "north": { "texture": "#1", "uv": [ 0.0, 7.25, 2.75, 7.5 ] },
                "east": { "texture": "#1", "uv": [ 7.25, 7.25, 8.75, 7.5 ], "cullface": "east" },
                "south": { "texture": "#1", "uv": [ 13.25, 7.25, 16.0, 7.5 ] },
                "up": { "texture": "#1", "uv": [ 13.25, 7.25, 16.0, 8.75 ] },
                "down": { "texture": "#1", "uv": [ 2.75, 8.75, 0.0, 7.25 ] }
            }
        },
        {
            "name": "Element",
            "from": [ 13.25, 8.25, 7.5 ], 
            "to": [ 13.5, 8.5, 8.5 ], 
            "faces": {
                "north": { "texture": "#1", "uv": [ 2.5, 7.5, 2.75, 7.75 ] },
                "east": { "texture": "#1", "uv": [ 7.5, 7.5, 8.5, 7.75 ] },
                "south": { "texture": "#1", "uv": [ 13.25, 7.5, 13.5, 7.75 ] },
                "down": { "texture": "#1", "uv": [ 2.75, 8.5, 2.5, 7.5 ] }
            }
        },
        {
            "name": "Element",
            "from": [ 14.75, 8.25, 7.5 ], 
            "to": [ 15.0, 8.5, 8.5 ], 
            "faces": {
                "north": { "texture": "#1", "uv": [ 1.0, 7.5, 1.25, 7.75 ] },
                "south": { "texture": "#1", "uv": [ 14.75, 7.5, 15.0, 7.75 ] },
                "west": { "texture": "#1", "uv": [ 7.5, 7.5, 8.5, 7.75 ] },
                "down": { "texture": "#1", "uv": [ 1.25, 8.5, 1.0, 7.5 ] }
            }
        },
        {
            "name": "Element",
            "from": [ 14.25, 7.5, 7.75 ], 
            "to": [ 14.5, 8.75, 8.25 ], 
            "rotation": { "origin": [ 14.25, 8.75, 7.75 ], "axis": "z", "angle": -22.5 },
            "faces": {
                "north": { "texture": "#0", "uv": [ 8.25, 0.0, 8.5, 1.25 ] },
                "east": { "texture": "#0", "uv": [ 7.5, 0.0, 8.5, 1.25 ] },
                "south": { "texture": "#0", "uv": [ 7.5, 0.0, 7.75, 1.25 ] },
                "west": { "texture": "#0", "uv": [ 7.5, 0.0, 8.5, 1.25 ] },
                "down": { "texture": "#0", "uv": [ 8.5, 8.5, 8.25, 7.5 ] }
            }
        },
        {
            "name": "Element",
            "from": [ 16.75, 5.0, 7.25 ], 
            "to": [ 17.25, 6.299999997019768, 8.75 ], 
            "faces": {
                "north": { "texture": "#1", "uv": [ 0.0, 9.5, 0.0, 11.0 ] },
                "east": { "texture": "#1", "uv": [ 7.25, 9.5, 8.75, 11.0 ], "cullface": "east" },
                "south": { "texture": "#1", "uv": [ 16.0, 9.5, 16.0, 11.0 ] },
                "up": { "texture": "#1", "uv": [ 16.0, 7.25, 16.0, 8.75 ] },
                "down": { "texture": "#1", "uv": [ 0.0, 8.75, 0.0, 7.25 ] }
            }
        },
        {
            "name": "Element",
            "from": [ 17.25, 5.0, 7.25 ], 
            "to": [ 17.75, 6.25, 8.75 ], 
            "faces": {
                "north": { "texture": "#1", "uv": [ 0.0, 9.75, 0.0, 11.0 ] },
                "east": { "texture": "#1", "uv": [ 7.25, 9.75, 8.75, 11.0 ], "cullface": "east" },
                "south": { "texture": "#1", "uv": [ 16.0, 9.75, 16.0, 11.0 ] },
                "up": { "texture": "#1", "uv": [ 16.0, 7.25, 16.0, 8.75 ] },
                "down": { "texture": "#1", "uv": [ 0.0, 8.75, 0.0, 7.25 ] }
            }
        },
        {
            "name": "Element",
            "from": [ 17.75, 5.25, 7.25 ], 
            "to": [ 19.25, 6.25, 8.75 ], 
            "faces": {
                "north": { "texture": "#1", "uv": [ 0.0, 9.75, 0.0, 10.75 ] },
                "east": { "texture": "#1", "uv": [ 7.25, 9.75, 8.75, 10.75 ], "cullface": "east" },
                "south": { "texture": "#1", "uv": [ 16.0, 9.75, 16.0, 10.75 ] },
                "up": { "texture": "#1", "uv": [ 16.0, 7.25, 16.0, 8.75 ] },
                "down": { "texture": "#1", "uv": [ 0.0, 8.75, 0.0, 7.25 ] }
            }
        },
        {
            "name": "Element",
            "from": [ 16.149999998509884, 8.0, 7.25 ], 
            "to": [ 16.649999998509884, 8.75, 8.75 ], 
            "faces": {
                "north": { "texture": "#1", "uv": [ 0.0, 7.25, 0.0, 8.0 ] },
                "east": { "texture": "#1", "uv": [ 7.25, 7.25, 8.75, 8.0 ], "cullface": "east" },
                "south": { "texture": "#1", "uv": [ 16.0, 7.25, 16.0, 8.0 ] },
                "west": { "texture": "#1", "uv": [ 7.25, 7.25, 8.75, 8.0 ] },
                "down": { "texture": "#1", "uv": [ 0.0, 8.75, 0.0, 7.25 ] }
            }
        },
        {
            "name": "Element",
            "from": [ 16.75, 8.5, 7.0 ], 
            "to": [ 24.5, 8.75, 9.0 ], 
            "faces": {
                "north": { "texture": "#1", "uv": [ 0.0, 7.25, 0.0, 7.5 ] },
                "south": { "texture": "#1", "uv": [ 16.0, 7.25, 16.0, 7.5 ] },
                "west": { "texture": "#1", "uv": [ 7.0, 7.25, 9.0, 7.5 ] },
                "down": { "texture": "#1", "uv": [ 0.0, 9.0, 0.0, 7.0 ] }
            }
        },
        {
            "name": "Element",
            "from": [ 16.75, 8.25, 7.25 ], 
            "to": [ 18.75, 8.5, 8.75 ], 
            "faces": {
                "north": { "texture": "#1", "uv": [ 0.0, 7.5, 0.0, 7.75 ] },
                "south": { "texture": "#1", "uv": [ 16.0, 7.5, 16.0, 7.75 ] },
                "down": { "texture": "#1", "uv": [ 0.0, 8.75, 0.0, 7.25 ] }
            }
        },
        {
            "name": "Element",
            "from": [ 18.25, 6.25, 7.25 ], 
            "to": [ 18.75, 6.299999997019768, 8.75 ], 
            "faces": {
                "north": { "texture": "#1", "uv": [ 0.0, 9.5, 0.0, 9.75 ] },
                "south": { "texture": "#1", "uv": [ 16.0, 9.5, 16.0, 9.75 ] },
                "west": { "texture": "#1", "uv": [ 7.25, 9.5, 8.75, 9.75 ] },
                "up": { "texture": "#1", "uv": [ 16.0, 7.25, 16.0, 8.75 ] }
            }
        },
        {
            "name": "Element",
            "from": [ 18.75, 7.75, 7.25 ], 
            "to": [ 19.25, 8.5, 8.75 ], 
            "faces": {
                "north": { "texture": "#1", "uv": [ 0.0, 7.5, 0.0, 8.25 ] },
                "south": { "texture": "#1", "uv": [ 16.0, 7.5, 16.0, 8.25 ] },
                "west": { "texture": "#1", "uv": [ 7.25, 7.5, 8.75, 8.25 ] },
                "down": { "texture": "#1", "uv": [ 0.0, 8.75, 0.0, 7.25 ] }
            }
        },
        {
            "name": "Element",
            "from": [ 19.0, 6.75, 7.25 ], 
            "to": [ 19.25, 7.75, 8.75 ], 
            "faces": {
                "north": { "texture": "#1", "uv": [ 0.0, 8.25, 0.0, 9.25 ] },
                "south": { "texture": "#1", "uv": [ 16.0, 8.25, 16.0, 9.25 ] },
                "west": { "texture": "#1", "uv": [ 7.25, 8.25, 8.75, 9.25 ] }
            }
        },
        {
            "name": "Element",
            "from": [ 18.75, 6.25, 7.25 ], 
            "to": [ 19.25, 6.75, 8.75 ], 
            "faces": {
                "north": { "texture": "#1", "uv": [ 0.0, 9.25, 0.0, 9.75 ] },
                "south": { "texture": "#1", "uv": [ 16.0, 9.25, 16.0, 9.75 ] },
                "west": { "texture": "#1", "uv": [ 7.25, 9.25, 8.75, 9.75 ] },
                "up": { "texture": "#1", "uv": [ 16.0, 7.25, 16.0, 8.75 ] }
            }
        },
        {
            "name": "Element",
            "from": [ 19.5, 8.25, 7.0 ], 
            "to": [ 24.5, 8.5, 9.0 ], 
            "faces": {
                "north": { "texture": "#1", "uv": [ 0.0, 7.5, 0.0, 7.75 ] },
                "south": { "texture": "#1", "uv": [ 16.0, 7.5, 16.0, 7.75 ] },
                "west": { "texture": "#1", "uv": [ 7.0, 7.5, 9.0, 7.75 ] },
                "down": { "texture": "#1", "uv": [ 0.0, 9.0, 0.0, 7.0 ] }
            }
        },
        {
            "name": "Element",
            "from": [ 19.25, 6.25, 7.25 ], 
            "to": [ 20.0, 8.5, 8.75 ], 
            "faces": {
                "north": { "texture": "#1", "uv": [ 0.0, 7.5, 0.0, 9.75 ] },
                "east": { "texture": "#1", "uv": [ 7.25, 7.5, 8.75, 9.75 ], "cullface": "east" },
                "south": { "texture": "#1", "uv": [ 16.0, 7.5, 16.0, 9.75 ] },
                "west": { "texture": "#1", "uv": [ 7.25, 7.5, 8.75, 9.75 ] },
                "down": { "texture": "#1", "uv": [ 0.0, 8.75, 0.0, 7.25 ] }
            }
        },
        {
            "name": "Element",
            "from": [ 20.0, 6.25, 7.0 ], 
            "to": [ 24.5, 7.75, 9.0 ], 
            "faces": {
                "north": { "texture": "#1", "uv": [ 0.0, 8.25, 0.0, 9.75 ] },
                "south": { "texture": "#1", "uv": [ 16.0, 8.25, 16.0, 9.75 ] },
                "west": { "texture": "#1", "uv": [ 7.0, 8.25, 9.0, 9.75 ] },
                "down": { "texture": "#1", "uv": [ 0.0, 9.0, 0.0, 7.0 ] }
            }
        },
        {
            "name": "Element",
            "from": [ 19.75, 7.75, 7.0 ], 
            "to": [ 24.5, 8.25, 9.0 ], 
            "faces": {
                "north": { "texture": "#1", "uv": [ 0.0, 7.75, 0.0, 8.25 ] },
                "south": { "texture": "#1", "uv": [ 16.0, 7.75, 16.0, 8.25 ] },
                "west": { "texture": "#1", "uv": [ 7.0, 7.75, 9.0, 8.25 ] },
                "down": { "texture": "#1", "uv": [ 0.0, 9.0, 0.0, 7.0 ] }
            }
        },
        {
            "name": "Element",
            "from": [ 19.25, 5.5, 7.25 ], 
            "to": [ 19.75, 6.25, 8.75 ], 
            "faces": {
                "north": { "texture": "#1", "uv": [ 0.0, 9.75, 0.0, 10.5 ] },
                "east": { "texture": "#1", "uv": [ 7.25, 9.75, 8.75, 10.5 ], "cullface": "east" },
                "south": { "texture": "#1", "uv": [ 16.0, 9.75, 16.0, 10.5 ] },
                "down": { "texture": "#1", "uv": [ 0.0, 8.75, 0.0, 7.25 ] }
            }
        },
        {
            "name": "Element",
            "from": [ 22.75, 5.75, 7.25 ], 
            "to": [ 24.5, 6.25, 8.75 ], 
            "faces": {
                "north": { "texture": "#1", "uv": [ 0.0, 9.75, 0.0, 10.25 ] },
                "south": { "texture": "#1", "uv": [ 16.0, 9.75, 16.0, 10.25 ] },
                "west": { "texture": "#1", "uv": [ 7.25, 9.75, 8.75, 10.25 ] },
                "down": { "texture": "#1", "uv": [ 0.0, 8.75, 0.0, 7.25 ] }
            }
        },
        {
            "name": "Element",
            "from": [ 24.5, 5.25, 7.0 ], 
            "to": [ 25.5, 10.25, 9.0 ], 
            "faces": {
                "north": { "texture": "#0", "uv": [ 0.0, 5.75, 0.0, 10.75 ] },
                "south": { "texture": "#0", "uv": [ 16.0, 5.75, 16.0, 10.75 ] },
                "west": { "texture": "#0", "uv": [ 7.0, 5.75, 9.0, 10.75 ] },
                "up": { "texture": "#0", "uv": [ 16.0, 7.0, 16.0, 9.0 ] },
                "down": { "texture": "#0", "uv": [ 0.0, 9.0, 0.0, 7.0 ] }
            }
        },
        {
            "name": "Element",
            "from": [ 20.0, 10.0, 7.5 ], 
            "to": [ 24.25, 10.25, 8.5 ], 
            "faces": {
                "north": { "texture": "#0", "uv": [ 0.0, 5.75, 0.0, 6.0 ] },
                "east": { "texture": "#0", "uv": [ 7.5, 5.75, 8.5, 6.0 ], "cullface": "east" },
                "south": { "texture": "#0", "uv": [ 16.0, 5.75, 16.0, 6.0 ] },
                "west": { "texture": "#0", "uv": [ 7.5, 5.75, 8.5, 6.0 ] },
                "up": { "texture": "#0", "uv": [ 16.0, 7.5, 16.0, 8.5 ] }
            }
        },
        {
            "name": "Element",
            "from": [ 25.5, 5.0, 7.0 ], 
            "to": [ 26.0, 10.25, 9.0 ], 
            "faces": {
                "north": { "texture": "#0", "uv": [ 0.0, 5.75, 0.0, 11.0 ] },
                "east": { "texture": "#0", "uv": [ 7.0, 5.75, 9.0, 11.0 ], "cullface": "east" },
                "south": { "texture": "#0", "uv": [ 16.0, 5.75, 16.0, 11.0 ] },
                "west": { "texture": "#0", "uv": [ 7.0, 5.75, 9.0, 11.0 ] },
                "up": { "texture": "#0", "uv": [ 16.0, 7.0, 16.0, 9.0 ] },
                "down": { "texture": "#0", "uv": [ 0.0, 9.0, 0.0, 7.0 ] }
            }
        },
        {
            "name": "Element",
            "from": [ 9.25, 5.5, 7.5 ], 
            "to": [ 9.75, 7.75, 8.5 ], 
            "faces": {
                "north": { "texture": "#0", "uv": [ 6.25, 8.25, 6.75, 10.5 ] },
                "east": { "texture": "#0", "uv": [ 7.5, 8.25, 8.5, 10.5 ] },
                "south": { "texture": "#0", "uv": [ 9.25, 8.25, 9.75, 10.5 ] },
                "west": { "texture": "#0", "uv": [ 7.5, 8.25, 8.5, 10.5 ] },
                "down": { "texture": "#0", "uv": [ 6.75, 8.5, 6.25, 7.5 ] }
            }
        },
        {
            "name": "Element",
            "from": [ 9.75, 5.5, 7.75 ], 
            "to": [ 10.0, 7.75, 8.25 ], 
            "faces": {
                "north": { "texture": "#0", "uv": [ 6.0, 8.25, 6.25, 10.5 ] },
                "south": { "texture": "#0", "uv": [ 9.75, 8.25, 10.0, 10.5 ] },
                "down": { "texture": "#0", "uv": [ 6.25, 8.25, 6.0, 7.75 ] }
            }
        },
        {
            "name": "Element",
            "from": [ 10.0, 5.5, 7.5 ], 
            "to": [ 12.5, 7.75, 8.5 ], 
            "faces": {
                "north": { "texture": "#0", "uv": [ 3.5, 8.25, 6.0, 10.5 ] },
                "east": { "texture": "#0", "uv": [ 7.5, 8.25, 8.5, 10.5 ] },
                "south": { "texture": "#0", "uv": [ 10.0, 8.25, 12.5, 10.5 ] },
                "west": { "texture": "#0", "uv": [ 7.5, 8.25, 8.5, 10.5 ] },
                "down": { "texture": "#0", "uv": [ 6.0, 8.5, 3.5, 7.5 ] }
            }
        },
        {
            "name": "Element",
            "from": [ 12.5, 11.25, 7.75 ], 
            "to": [ 13.0, 12.25, 8.25 ], 
            "faces": {
                "north": { "texture": "#0", "uv": [ 3.0, 3.75, 3.5, 4.75 ] },
                "east": { "texture": "#0", "uv": [ 7.75, 3.75, 8.25, 4.75 ] },
                "south": { "texture": "#0", "uv": [ 12.5, 3.75, 13.0, 4.75 ] },
                "west": { "texture": "#0", "uv": [ 7.75, 3.75, 8.25, 4.75 ] },
                "down": { "texture": "#0", "uv": [ 3.5, 8.25, 3.0, 7.75 ] }
            }
        },
        {
            "name": "Element",
            "from": [ 9.0, 11.25, 7.75 ], 
            "to": [ 9.5, 12.25, 8.25 ], 
            "faces": {
                "north": { "texture": "#0", "uv": [ 6.5, 3.75, 7.0, 4.75 ] },
                "east": { "texture": "#0", "uv": [ 7.75, 3.75, 8.25, 4.75 ] },
                "south": { "texture": "#0", "uv": [ 9.0, 3.75, 9.5, 4.75 ] },
                "west": { "texture": "#0", "uv": [ 7.75, 3.75, 8.25, 4.75 ] }
            }
        },
        {
            "name": "Element",
            "from": [ 12.5, 13.5, 7.25 ], 
            "to": [ 13.0, 13.75, 8.75 ], 
            "faces": {
                "north": { "texture": "#0", "uv": [ 3.0, 2.25, 3.5, 2.5 ] },
                "east": { "texture": "#0", "uv": [ 7.25, 2.25, 8.75, 2.5 ] },
                "south": { "texture": "#0", "uv": [ 12.5, 2.25, 13.0, 2.5 ] },
                "west": { "texture": "#0", "uv": [ 7.25, 2.25, 8.75, 2.5 ] },
                "up": { "texture": "#0", "uv": [ 12.5, 7.25, 13.0, 8.75 ] },
                "down": { "texture": "#0", "uv": [ 3.5, 8.75, 3.0, 7.25 ] }
            }
        },
        {
            "name": "Element",
            "from": [ 9.0, 13.5, 7.25 ], 
            "to": [ 9.5, 13.75, 7.5 ], 
            "faces": {
                "north": { "texture": "#0", "uv": [ 6.5, 2.25, 7.0, 2.5 ] },
                "east": { "texture": "#0", "uv": [ 8.5, 2.25, 8.75, 2.5 ] },
                "west": { "texture": "#0", "uv": [ 7.25, 2.25, 7.5, 2.5 ] },
                "up": { "texture": "#0", "uv": [ 9.0, 7.25, 9.5, 7.5 ] }
            }
        },
        {
            "name": "Element",
            "from": [ 8.0, 13.5, 7.5 ], 
            "to": [ 13.75, 13.75, 8.5 ], 
            "faces": {
                "north": { "texture": "#0", "uv": [ 2.25, 2.25, 8.0, 2.5 ] },
                "south": { "texture": "#0", "uv": [ 8.0, 2.25, 13.75, 2.5 ] },
                "up": { "texture": "#0", "uv": [ 8.0, 7.5, 13.75, 8.5 ] },
                "down": { "texture": "#0", "uv": [ 8.0, 8.5, 2.25, 7.5 ] }
            }
        },
        {
            "name": "Element",
            "from": [ 7.0, 12.5, 7.25 ], 
            "to": [ 14.5, 13.5, 7.5 ], 
            "faces": {
                "north": { "texture": "#0", "uv": [ 1.5, 2.5, 9.0, 3.5 ] },
                "east": { "texture": "#0", "uv": [ 8.5, 2.5, 8.75, 3.5 ] },
                "south": { "texture": "#0", "uv": [ 7.0, 2.5, 14.5, 3.5 ] },
                "west": { "texture": "#0", "uv": [ 7.25, 2.5, 7.5, 3.5 ] },
                "up": { "texture": "#0", "uv": [ 7.0, 7.25, 14.5, 7.5 ] },
                "down": { "texture": "#0", "uv": [ 9.0, 7.5, 1.5, 7.25 ] }
            }
        },
        {
            "name": "Element",
            "from": [ 8.0, 12.25, 7.5 ], 
            "to": [ 13.75, 12.5, 8.5 ], 
            "faces": {
                "north": { "texture": "#0", "uv": [ 2.25, 3.5, 8.0, 3.75 ] },
                "south": { "texture": "#0", "uv": [ 8.0, 3.5, 13.75, 3.75 ] },
                "up": { "texture": "#0", "uv": [ 8.0, 7.5, 13.75, 8.5 ] },
                "down": { "texture": "#0", "uv": [ 8.0, 8.5, 2.25, 7.5 ] }
            }
        },
        {
            "name": "Element",
            "from": [ 7.0, 12.5, 8.5 ], 
            "to": [ 14.5, 13.5, 8.75 ], 
            "faces": {
                "north": { "texture": "#0", "uv": [ 1.5, 2.5, 9.0, 3.5 ] },
                "east": { "texture": "#0", "uv": [ 7.25, 2.5, 7.5, 3.5 ] },
                "south": { "texture": "#0", "uv": [ 7.0, 2.5, 14.5, 3.5 ] },
                "west": { "texture": "#0", "uv": [ 8.5, 2.5, 8.75, 3.5 ] },
                "up": { "texture": "#0", "uv": [ 7.0, 8.5, 14.5, 8.75 ] },
                "down": { "texture": "#0", "uv": [ 9.0, 8.75, 1.5, 8.5 ] }
            }
        },
        {
            "name": "Element",
            "from": [ 7.0, 13.5, 7.25 ], 
            "to": [ 8.0, 13.75, 8.75 ], 
            "faces": {
                "north": { "texture": "#0", "uv": [ 8.0, 2.25, 9.0, 2.5 ] },
                "east": { "texture": "#0", "uv": [ 7.25, 2.25, 8.75, 2.5 ] },
                "south": { "texture": "#0", "uv": [ 7.0, 2.25, 8.0, 2.5 ] },
                "west": { "texture": "#0", "uv": [ 7.25, 2.25, 8.75, 2.5 ] },
                "up": { "texture": "#0", "uv": [ 7.0, 7.25, 8.0, 8.75 ] },
                "down": { "texture": "#0", "uv": [ 9.0, 8.75, 8.0, 7.25 ] }
            }
        },
        {
            "name": "Element",
            "from": [ 9.0, 13.5, 8.5 ], 
            "to": [ 9.5, 13.75, 8.75 ], 
            "faces": {
                "east": { "texture": "#0", "uv": [ 7.25, 2.25, 7.5, 2.5 ] },
                "south": { "texture": "#0", "uv": [ 9.0, 2.25, 9.5, 2.5 ] },
                "west": { "texture": "#0", "uv": [ 8.5, 2.25, 8.75, 2.5 ] },
                "up": { "texture": "#0", "uv": [ 9.0, 8.5, 9.5, 8.75 ] }
            }
        },
        {
            "name": "Element",
            "from": [ 12.5, 12.25, 7.25 ], 
            "to": [ 13.0, 12.5, 8.75 ], 
            "faces": {
                "north": { "texture": "#0", "uv": [ 3.0, 3.5, 3.5, 3.75 ] },
                "east": { "texture": "#0", "uv": [ 7.25, 3.5, 8.75, 3.75 ] },
                "south": { "texture": "#0", "uv": [ 12.5, 3.5, 13.0, 3.75 ] },
                "west": { "texture": "#0", "uv": [ 7.25, 3.5, 8.75, 3.75 ] },
                "up": { "texture": "#0", "uv": [ 12.5, 7.25, 13.0, 8.75 ] },
                "down": { "texture": "#0", "uv": [ 3.5, 8.75, 3.0, 7.25 ] }
            }
        },
        {
            "name": "Element",
            "from": [ 9.0, 12.25, 7.25 ], 
            "to": [ 9.5, 12.5, 7.5 ], 
            "faces": {
                "north": { "texture": "#0", "uv": [ 6.5, 3.5, 7.0, 3.75 ] },
                "east": { "texture": "#0", "uv": [ 8.5, 3.5, 8.75, 3.75 ] },
                "west": { "texture": "#0", "uv": [ 7.25, 3.5, 7.5, 3.75 ] },
                "down": { "texture": "#0", "uv": [ 7.0, 7.5, 6.5, 7.25 ] }
            }
        },
        {
            "name": "Element",
            "from": [ 7.0, 12.25, 7.25 ], 
            "to": [ 8.0, 12.5, 8.75 ], 
            "faces": {
                "north": { "texture": "#0", "uv": [ 8.0, 3.5, 9.0, 3.75 ] },
                "east": { "texture": "#0", "uv": [ 7.25, 3.5, 8.75, 3.75 ] },
                "south": { "texture": "#0", "uv": [ 7.0, 3.5, 8.0, 3.75 ] },
                "west": { "texture": "#0", "uv": [ 7.25, 3.5, 8.75, 3.75 ] },
                "up": { "texture": "#0", "uv": [ 7.0, 7.25, 8.0, 8.75 ] },
                "down": { "texture": "#0", "uv": [ 9.0, 8.75, 8.0, 7.25 ] }
            }
        },
        {
            "name": "Element",
            "from": [ 6.25, 13.75, 7.5 ], 
            "to": [ 7.0, 14.0, 8.5 ], 
            "faces": {
                "north": { "texture": "#0", "uv": [ 9.0, 2.0, 9.75, 2.25 ] },
                "east": { "texture": "#0", "uv": [ 7.5, 2.0, 8.5, 2.25 ] },
                "south": { "texture": "#0", "uv": [ 6.25, 2.0, 7.0, 2.25 ] },
                "west": { "texture": "#0", "uv": [ 7.5, 2.0, 8.5, 2.25 ] },
                "up": { "texture": "#0", "uv": [ 6.25, 7.5, 7.0, 8.5 ] },
                "down": { "texture": "#0", "uv": [ 9.75, 8.5, 9.0, 7.5 ] }
            }
        },
        {
            "name": "Element",
            "from": [ 6.25, 12.0, 7.5 ], 
            "to": [ 7.0, 12.25, 8.5 ], 
            "faces": {
                "north": { "texture": "#0", "uv": [ 9.0, 3.75, 9.75, 4.0 ] },
                "east": { "texture": "#0", "uv": [ 7.5, 3.75, 8.5, 4.0 ] },
                "south": { "texture": "#0", "uv": [ 6.25, 3.75, 7.0, 4.0 ] },
                "west": { "texture": "#0", "uv": [ 7.5, 3.75, 8.5, 4.0 ] },
                "up": { "texture": "#0", "uv": [ 6.25, 7.5, 7.0, 8.5 ] },
                "down": { "texture": "#0", "uv": [ 9.75, 8.5, 9.0, 7.5 ] }
            }
        },
        {
            "name": "Element",
            "from": [ 6.25, 12.5, 8.75 ], 
            "to": [ 7.0, 13.5, 9.0 ], 
            "faces": {
                "north": { "texture": "#0", "uv": [ 9.0, 2.5, 9.75, 3.5 ] },
                "east": { "texture": "#0", "uv": [ 7.0, 2.5, 7.25, 3.5 ] },
                "south": { "texture": "#0", "uv": [ 6.25, 2.5, 7.0, 3.5 ] },
                "west": { "texture": "#0", "uv": [ 8.75, 2.5, 9.0, 3.5 ] },
                "up": { "texture": "#0", "uv": [ 6.25, 8.75, 7.0, 9.0 ] },
                "down": { "texture": "#0", "uv": [ 9.75, 9.0, 9.0, 8.75 ] }
            }
        },
        {
            "name": "Element",
            "from": [ 6.25, 12.5, 7.0 ], 
            "to": [ 7.0, 13.5, 7.25 ], 
            "faces": {
                "north": { "texture": "#0", "uv": [ 9.0, 2.5, 9.75, 3.5 ] },
                "east": { "texture": "#0", "uv": [ 8.75, 2.5, 9.0, 3.5 ] },
                "south": { "texture": "#0", "uv": [ 6.25, 2.5, 7.0, 3.5 ] },
                "west": { "texture": "#0", "uv": [ 7.0, 2.5, 7.25, 3.5 ] },
                "up": { "texture": "#0", "uv": [ 6.25, 7.0, 7.0, 7.25 ] },
                "down": { "texture": "#0", "uv": [ 9.75, 7.25, 9.0, 7.0 ] }
            }
        },
        {
            "name": "Element",
            "from": [ 6.25, 13.5, 8.25 ], 
            "to": [ 7.0, 13.75, 8.75 ], 
            "faces": {
                "north": { "texture": "#0", "uv": [ 9.0, 2.25, 9.75, 2.5 ] },
                "south": { "texture": "#0", "uv": [ 6.25, 2.25, 7.0, 2.5 ] },
                "west": { "texture": "#0", "uv": [ 8.25, 2.25, 8.75, 2.5 ] },
                "up": { "texture": "#0", "uv": [ 6.25, 8.25, 7.0, 8.75 ] },
                "down": { "texture": "#0", "uv": [ 9.75, 8.75, 9.0, 8.25 ] }
            }
        },
        {
            "name": "Element",
            "from": [ 6.25, 13.25, 8.5 ], 
            "to": [ 7.0, 13.5, 8.75 ], 
            "faces": {
                "north": { "texture": "#0", "uv": [ 9.0, 2.5, 9.75, 2.75 ] },
                "west": { "texture": "#0", "uv": [ 8.5, 2.5, 8.75, 2.75 ] },
                "down": { "texture": "#0", "uv": [ 9.75, 8.75, 9.0, 8.5 ] }
            }
        },
        {
            "name": "Element",
            "from": [ 6.25, 13.5, 7.25 ], 
            "to": [ 7.0, 13.75, 7.75 ], 
            "faces": {
                "north": { "texture": "#0", "uv": [ 9.0, 2.25, 9.75, 2.5 ] },
                "south": { "texture": "#0", "uv": [ 6.25, 2.25, 7.0, 2.5 ] },
                "west": { "texture": "#0", "uv": [ 7.25, 2.25, 7.75, 2.5 ] },
                "up": { "texture": "#0", "uv": [ 6.25, 7.25, 7.0, 7.75 ] },
                "down": { "texture": "#0", "uv": [ 9.75, 7.75, 9.0, 7.25 ] }
            }
        },
        {
            "name": "Element",
            "from": [ 6.25, 13.25, 7.25 ], 
            "to": [ 7.0, 13.5, 7.5 ], 
            "faces": {
                "south": { "texture": "#0", "uv": [ 6.25, 2.5, 7.0, 2.75 ] },
                "west": { "texture": "#0", "uv": [ 7.25, 2.5, 7.5, 2.75 ] },
                "down": { "texture": "#0", "uv": [ 9.75, 7.5, 9.0, 7.25 ] }
            }
        },
        {
            "name": "Element",
            "from": [ 6.25, 12.25, 8.25 ], 
            "to": [ 7.0, 12.5, 8.75 ], 
            "faces": {
                "north": { "texture": "#0", "uv": [ 9.0, 3.5, 9.75, 3.75 ] },
                "south": { "texture": "#0", "uv": [ 6.25, 3.5, 7.0, 3.75 ] },
                "west": { "texture": "#0", "uv": [ 8.25, 3.5, 8.75, 3.75 ] },
                "up": { "texture": "#0", "uv": [ 6.25, 8.25, 7.0, 8.75 ] },
                "down": { "texture": "#0", "uv": [ 9.75, 8.75, 9.0, 8.25 ] }
            }
        },
        {
            "name": "Element",
            "from": [ 6.25, 12.25, 7.25 ], 
            "to": [ 7.0, 12.5, 7.75 ], 
            "faces": {
                "north": { "texture": "#0", "uv": [ 9.0, 3.5, 9.75, 3.75 ] },
                "south": { "texture": "#0", "uv": [ 6.25, 3.5, 7.0, 3.75 ] },
                "west": { "texture": "#0", "uv": [ 7.25, 3.5, 7.75, 3.75 ] },
                "up": { "texture": "#0", "uv": [ 6.25, 7.25, 7.0, 7.75 ] },
                "down": { "texture": "#0", "uv": [ 9.75, 7.75, 9.0, 7.25 ] }
            }
        },
        {
            "name": "Element",
            "from": [ 6.25, 12.5, 7.25 ], 
            "to": [ 7.0, 12.75, 7.5 ], 
            "faces": {
                "south": { "texture": "#0", "uv": [ 6.25, 3.25, 7.0, 3.5 ] },
                "west": { "texture": "#0", "uv": [ 7.25, 3.25, 7.5, 3.5 ] },
                "up": { "texture": "#0", "uv": [ 6.25, 7.25, 7.0, 7.5 ] }
            }
        },
        {
            "name": "Element",
            "from": [ 6.25, 12.5, 8.5 ], 
            "to": [ 7.0, 12.75, 8.75 ], 
            "faces": {
                "north": { "texture": "#0", "uv": [ 9.0, 3.25, 9.75, 3.5 ] },
                "west": { "texture": "#0", "uv": [ 8.5, 3.25, 8.75, 3.5 ] },
                "up": { "texture": "#0", "uv": [ 6.25, 8.5, 7.0, 8.75 ] }
            }
        },
        {
            "name": "Element",
            "from": [ 4.5, 14.0, 7.5 ], 
            "to": [ 6.25, 14.25, 8.5 ], 
            "faces": {
                "north": { "texture": "#0", "uv": [ 9.75, 1.75, 11.5, 2.0 ] },
                "east": { "texture": "#0", "uv": [ 7.5, 1.75, 8.5, 2.0 ] },
                "south": { "texture": "#0", "uv": [ 4.5, 1.75, 6.25, 2.0 ] },
                "west": { "texture": "#0", "uv": [ 7.5, 1.75, 8.5, 2.0 ] },
                "up": { "texture": "#0", "uv": [ 4.5, 7.5, 6.25, 8.5 ] },
                "down": { "texture": "#0", "uv": [ 11.5, 8.5, 9.75, 7.5 ] }
            }
        },
        {
            "name": "Element",
            "from": [ 4.5, 13.75, 8.25 ], 
            "to": [ 6.25, 14.0, 8.75 ], 
            "faces": {
                "north": { "texture": "#0", "uv": [ 9.75, 2.0, 11.5, 2.25 ] },
                "east": { "texture": "#0", "uv": [ 7.25, 2.0, 7.75, 2.25 ] },
                "south": { "texture": "#0", "uv": [ 4.5, 2.0, 6.25, 2.25 ] },
                "west": { "texture": "#0", "uv": [ 8.25, 2.0, 8.75, 2.25 ] },
                "up": { "texture": "#0", "uv": [ 4.5, 8.25, 6.25, 8.75 ] },
                "down": { "texture": "#0", "uv": [ 11.5, 8.75, 9.75, 8.25 ] }
            }
        },
        {
            "name": "Element",
            "from": [ 4.5, 13.25, 8.75 ], 
            "to": [ 6.25, 13.75, 9.0 ], 
            "faces": {
                "north": { "texture": "#0", "uv": [ 9.75, 2.25, 11.5, 2.75 ] },
                "east": { "texture": "#0", "uv": [ 7.0, 2.25, 7.25, 2.75 ] },
                "south": { "texture": "#0", "uv": [ 4.5, 2.25, 6.25, 2.75 ] },
                "west": { "texture": "#0", "uv": [ 8.75, 2.25, 9.0, 2.75 ] },
                "up": { "texture": "#0", "uv": [ 4.5, 8.75, 6.25, 9.0 ] },
                "down": { "texture": "#0", "uv": [ 11.5, 9.0, 9.75, 8.75 ] }
            }
        },
        {
            "name": "Element",
            "from": [ 4.5, 12.5, 9.0 ], 
            "to": [ 6.25, 13.5, 9.25 ], 
            "faces": {
                "north": { "texture": "#0", "uv": [ 9.75, 2.5, 11.5, 3.5 ] },
                "east": { "texture": "#0", "uv": [ 6.75, 2.5, 7.0, 3.5 ] },
                "south": { "texture": "#0", "uv": [ 4.5, 2.5, 6.25, 3.5 ] },
                "west": { "texture": "#0", "uv": [ 9.0, 2.5, 9.25, 3.5 ] },
                "up": { "texture": "#0", "uv": [ 4.5, 9.0, 6.25, 9.25 ] },
                "down": { "texture": "#0", "uv": [ 11.5, 9.25, 9.75, 9.0 ] }
            }
        },
        {
            "name": "Element",
            "from": [ 4.5, 12.25, 8.75 ], 
            "to": [ 6.25, 12.75, 9.0 ], 
            "faces": {
                "north": { "texture": "#0", "uv": [ 9.75, 3.25, 11.5, 3.75 ] },
                "east": { "texture": "#0", "uv": [ 7.0, 3.25, 7.25, 3.75 ] },
                "south": { "texture": "#0", "uv": [ 4.5, 3.25, 6.25, 3.75 ] },
                "west": { "texture": "#0", "uv": [ 8.75, 3.25, 9.0, 3.75 ] },
                "up": { "texture": "#0", "uv": [ 4.5, 8.75, 6.25, 9.0 ] },
                "down": { "texture": "#0", "uv": [ 11.5, 9.0, 9.75, 8.75 ] }
            }
        },
        {
            "name": "Element",
            "from": [ 4.5, 12.0, 8.25 ], 
            "to": [ 6.25, 12.25, 8.75 ], 
            "faces": {
                "north": { "texture": "#0", "uv": [ 9.75, 3.75, 11.5, 4.0 ] },
                "east": { "texture": "#0", "uv": [ 7.25, 3.75, 7.75, 4.0 ] },
                "south": { "texture": "#0", "uv": [ 4.5, 3.75, 6.25, 4.0 ] },
                "west": { "texture": "#0", "uv": [ 8.25, 3.75, 8.75, 4.0 ] },
                "up": { "texture": "#0", "uv": [ 4.5, 8.25, 6.25, 8.75 ] },
                "down": { "texture": "#0", "uv": [ 11.5, 8.75, 9.75, 8.25 ] }
            }
        },
        {
            "name": "Element",
            "from": [ 4.5, 11.75, 7.5 ], 
            "to": [ 6.25, 12.0, 8.5 ], 
            "faces": {
                "north": { "texture": "#0", "uv": [ 9.75, 4.0, 11.5, 4.25 ] },
                "east": { "texture": "#0", "uv": [ 7.5, 4.0, 8.5, 4.25 ] },
                "south": { "texture": "#0", "uv": [ 4.5, 4.0, 6.25, 4.25 ] },
                "west": { "texture": "#0", "uv": [ 7.5, 4.0, 8.5, 4.25 ] },
                "up": { "texture": "#0", "uv": [ 4.5, 7.5, 6.25, 8.5 ] },
                "down": { "texture": "#0", "uv": [ 11.5, 8.5, 9.75, 7.5 ] }
            }
        },
        {
            "name": "Element",
            "from": [ 4.5, 12.0, 7.25 ], 
            "to": [ 6.25, 12.25, 7.75 ], 
            "faces": {
                "north": { "texture": "#0", "uv": [ 9.75, 3.75, 11.5, 4.0 ] },
                "east": { "texture": "#0", "uv": [ 8.25, 3.75, 8.75, 4.0 ] },
                "south": { "texture": "#0", "uv": [ 4.5, 3.75, 6.25, 4.0 ] },
                "west": { "texture": "#0", "uv": [ 7.25, 3.75, 7.75, 4.0 ] },
                "up": { "texture": "#0", "uv": [ 4.5, 7.25, 6.25, 7.75 ] },
                "down": { "texture": "#0", "uv": [ 11.5, 7.75, 9.75, 7.25 ] }
            }
        },
        {
            "name": "Element",
            "from": [ 4.5, 12.25, 7.0 ], 
            "to": [ 6.25, 12.75, 7.25 ], 
            "faces": {
                "north": { "texture": "#0", "uv": [ 9.75, 3.25, 11.5, 3.75 ] },
                "east": { "texture": "#0", "uv": [ 8.75, 3.25, 9.0, 3.75 ] },
                "south": { "texture": "#0", "uv": [ 4.5, 3.25, 6.25, 3.75 ] },
                "west": { "texture": "#0", "uv": [ 7.0, 3.25, 7.25, 3.75 ] },
                "up": { "texture": "#0", "uv": [ 4.5, 7.0, 6.25, 7.25 ] },
                "down": { "texture": "#0", "uv": [ 11.5, 7.25, 9.75, 7.0 ] }
            }
        },
        {
            "name": "Element",
            "from": [ 4.5, 12.5, 6.75 ], 
            "to": [ 6.25, 13.5, 7.0 ], 
            "faces": {
                "north": { "texture": "#0", "uv": [ 9.75, 2.5, 11.5, 3.5 ] },
                "east": { "texture": "#0", "uv": [ 9.0, 2.5, 9.25, 3.5 ] },
                "south": { "texture": "#0", "uv": [ 4.5, 2.5, 6.25, 3.5 ] },
                "west": { "texture": "#0", "uv": [ 6.75, 2.5, 7.0, 3.5 ] },
                "up": { "texture": "#0", "uv": [ 4.5, 6.75, 6.25, 7.0 ] },
                "down": { "texture": "#0", "uv": [ 11.5, 7.0, 9.75, 6.75 ] }
            }
        },
        {
            "name": "Element",
            "from": [ 4.5, 13.25, 7.0 ], 
            "to": [ 6.25, 13.75, 7.25 ], 
            "faces": {
                "north": { "texture": "#0", "uv": [ 9.75, 2.25, 11.5, 2.75 ] },
                "east": { "texture": "#0", "uv": [ 8.75, 2.25, 9.0, 2.75 ] },
                "south": { "texture": "#0", "uv": [ 4.5, 2.25, 6.25, 2.75 ] },
                "west": { "texture": "#0", "uv": [ 7.0, 2.25, 7.25, 2.75 ] },
                "up": { "texture": "#0", "uv": [ 4.5, 7.0, 6.25, 7.25 ] },
                "down": { "texture": "#0", "uv": [ 11.5, 7.25, 9.75, 7.0 ] }
            }
        },
        {
            "name": "Element",
            "from": [ 4.5, 13.75, 7.25 ], 
            "to": [ 6.25, 14.0, 7.75 ], 
            "faces": {
                "north": { "texture": "#0", "uv": [ 9.75, 2.0, 11.5, 2.25 ] },
                "east": { "texture": "#0", "uv": [ 8.25, 2.0, 8.75, 2.25 ] },
                "south": { "texture": "#0", "uv": [ 4.5, 2.0, 6.25, 2.25 ] },
                "west": { "texture": "#0", "uv": [ 7.25, 2.0, 7.75, 2.25 ] },
                "up": { "texture": "#0", "uv": [ 4.5, 7.25, 6.25, 7.75 ] },
                "down": { "texture": "#0", "uv": [ 11.5, 7.75, 9.75, 7.25 ] }
            }
        },
        {
            "name": "Element",
            "from": [ 4.75, 12.25, 7.25 ], 
            "to": [ 5.75, 13.75, 8.75 ], 
            "faces": {
                "north": { "texture": "#3", "uv": [ 7.25, 2.25, 7.75, 2.75 ] },
                "east": { "texture": "#3", "uv": [ 7.75, 2.25, 7.25, 2.75 ] },
                "south": { "texture": "#3", "uv": [ 7.25, 2.75, 7.75, 2.25 ] },
                "west": { "texture": "#3", "uv": [ 7.25, 2.25, 7.75, 2.75 ] },
                "up": { "texture": "#3", "uv": [ 7.25, 2.25, 7.75, 2.75 ] },
                "down": { "texture": "#3", "uv": [ 7.25, 2.75, 7.75, 2.25 ] }
            }
        },
        {
            "name": "Element",
            "from": [ 4.75, 12.0, 7.75 ], 
            "to": [ 5.5, 14.0, 8.25 ], 
            "faces": {
                "north": { "texture": "#3", "uv": [ 7.5, 2.0, 8.0, 2.5 ] },
                "east": { "texture": "#3", "uv": [ 8.0, 2.0, 7.5, 2.5 ] },
                "south": { "texture": "#3", "uv": [ 7.5, 2.5, 8.0, 2.0 ] },
                "west": { "texture": "#3", "uv": [ 7.5, 2.0, 8.0, 2.5 ] }
            }
        },
        {
            "name": "Element",
            "from": [ 4.75, 12.75, 7.0 ], 
            "to": [ 5.5, 13.25, 9.0 ], 
            "faces": {
                "east": { "texture": "#3", "uv": [ 7.5, 2.5, 7.0, 3.0 ] },
                "west": { "texture": "#3", "uv": [ 7.0, 2.5, 7.5, 3.0 ] },
                "up": { "texture": "#3", "uv": [ 7.0, 2.5, 7.5, 3.0 ] },
                "down": { "texture": "#3", "uv": [ 7.0, 3.0, 7.5, 2.5 ] }
            }
        },
        {
            "name": "Element",
            "from": [ 13.75, 13.5, 7.5 ], 
            "to": [ 14.5, 13.75, 8.5 ], 
            "faces": {
                "north": { "texture": "#0", "uv": [ 1.5, 2.25, 2.25, 2.5 ] },
                "east": { "texture": "#0", "uv": [ 7.5, 2.25, 8.5, 2.5 ] },
                "south": { "texture": "#0", "uv": [ 13.75, 2.25, 14.5, 2.5 ] },
                "up": { "texture": "#0", "uv": [ 13.75, 7.5, 14.5, 8.5 ] },
                "down": { "texture": "#0", "uv": [ 2.25, 8.5, 1.5, 7.5 ] }
            }
        },
        {
            "name": "Element",
            "from": [ 13.75, 12.25, 7.5 ], 
            "to": [ 14.5, 12.5, 8.5 ], 
            "faces": {
                "north": { "texture": "#0", "uv": [ 1.5, 3.5, 2.25, 3.75 ] },
                "east": { "texture": "#0", "uv": [ 7.5, 3.5, 8.5, 3.75 ] },
                "south": { "texture": "#0", "uv": [ 13.75, 3.5, 14.5, 3.75 ] },
                "up": { "texture": "#0", "uv": [ 13.75, 7.5, 14.5, 8.5 ] },
                "down": { "texture": "#0", "uv": [ 2.25, 8.5, 1.5, 7.5 ] }
            }
        },
        {
            "name": "Element",
            "from": [ 14.5, 13.75, 7.5 ], 
            "to": [ 16.0, 14.0, 8.5 ], 
            "faces": {
                "north": { "texture": "#0", "uv": [ 0.0, 2.0, 1.5, 2.25 ] },
                "east": { "texture": "#0", "uv": [ 7.5, 2.0, 8.5, 2.25 ], "cullface": "east" },
                "south": { "texture": "#0", "uv": [ 14.5, 2.0, 16.0, 2.25 ] },
                "west": { "texture": "#0", "uv": [ 7.5, 2.0, 8.5, 2.25 ] },
                "up": { "texture": "#0", "uv": [ 14.5, 7.5, 16.0, 8.5 ] },
                "down": { "texture": "#0", "uv": [ 1.5, 8.5, 0.0, 7.5 ] }
            }
        },
        {
            "name": "Element",
            "from": [ 14.5, 13.5, 7.25 ], 
            "to": [ 16.0, 13.75, 7.75 ], 
            "faces": {
                "north": { "texture": "#0", "uv": [ 0.0, 2.25, 1.5, 2.5 ] },
                "east": { "texture": "#0", "uv": [ 8.25, 2.25, 8.75, 2.5 ], "cullface": "east" },
                "south": { "texture": "#0", "uv": [ 14.5, 2.25, 16.0, 2.5 ] },
                "west": { "texture": "#0", "uv": [ 7.25, 2.25, 7.75, 2.5 ] },
                "up": { "texture": "#0", "uv": [ 14.5, 7.25, 16.0, 7.75 ] },
                "down": { "texture": "#0", "uv": [ 1.5, 7.75, 0.0, 7.25 ] }
            }
        },
        {
            "name": "Element",
            "from": [ 14.5, 13.5, 8.25 ], 
            "to": [ 16.0, 13.75, 8.75 ], 
            "faces": {
                "north": { "texture": "#0", "uv": [ 0.0, 2.25, 1.5, 2.5 ] },
                "east": { "texture": "#0", "uv": [ 7.25, 2.25, 7.75, 2.5 ], "cullface": "east" },
                "south": { "texture": "#0", "uv": [ 14.5, 2.25, 16.0, 2.5 ] },
                "west": { "texture": "#0", "uv": [ 8.25, 2.25, 8.75, 2.5 ] },
                "up": { "texture": "#0", "uv": [ 14.5, 8.25, 16.0, 8.75 ] },
                "down": { "texture": "#0", "uv": [ 1.5, 8.75, 0.0, 8.25 ] }
            }
        },
        {
            "name": "Element",
            "from": [ 14.5, 12.5, 8.75 ], 
            "to": [ 16.0, 13.5, 9.0 ], 
            "faces": {
                "north": { "texture": "#0", "uv": [ 0.0, 2.5, 1.5, 3.5 ] },
                "east": { "texture": "#0", "uv": [ 7.0, 2.5, 7.25, 3.5 ], "cullface": "east" },
                "south": { "texture": "#0", "uv": [ 14.5, 2.5, 16.0, 3.5 ] },
                "west": { "texture": "#0", "uv": [ 8.75, 2.5, 9.0, 3.5 ] },
                "up": { "texture": "#0", "uv": [ 14.5, 8.75, 16.0, 9.0 ] },
                "down": { "texture": "#0", "uv": [ 1.5, 9.0, 0.0, 8.75 ] }
            }
        },
        {
            "name": "Element",
            "from": [ 14.5, 12.5, 7.0 ], 
            "to": [ 16.0, 13.5, 7.25 ], 
            "faces": {
                "north": { "texture": "#0", "uv": [ 0.0, 2.5, 1.5, 3.5 ] },
                "east": { "texture": "#0", "uv": [ 8.75, 2.5, 9.0, 3.5 ], "cullface": "east" },
                "south": { "texture": "#0", "uv": [ 14.5, 2.5, 16.0, 3.5 ] },
                "west": { "texture": "#0", "uv": [ 7.0, 2.5, 7.25, 3.5 ] },
                "up": { "texture": "#0", "uv": [ 14.5, 7.0, 16.0, 7.25 ] },
                "down": { "texture": "#0", "uv": [ 1.5, 7.25, 0.0, 7.0 ] }
            }
        },
        {
            "name": "Element",
            "from": [ 14.5, 12.0, 7.5 ], 
            "to": [ 16.0, 12.25, 8.5 ], 
            "faces": {
                "north": { "texture": "#0", "uv": [ 0.0, 3.75, 1.5, 4.0 ] },
                "east": { "texture": "#0", "uv": [ 7.5, 3.75, 8.5, 4.0 ], "cullface": "east" },
                "south": { "texture": "#0", "uv": [ 14.5, 3.75, 16.0, 4.0 ] },
                "west": { "texture": "#0", "uv": [ 7.5, 3.75, 8.5, 4.0 ] },
                "up": { "texture": "#0", "uv": [ 14.5, 7.5, 16.0, 8.5 ] },
                "down": { "texture": "#0", "uv": [ 1.5, 8.5, 0.0, 7.5 ] }
            }
        },
        {
            "name": "Element",
            "from": [ 14.5, 12.25, 8.25 ], 
            "to": [ 16.0, 12.5, 8.75 ], 
            "faces": {
                "north": { "texture": "#0", "uv": [ 0.0, 3.5, 1.5, 3.75 ] },
                "east": { "texture": "#0", "uv": [ 7.25, 3.5, 7.75, 3.75 ], "cullface": "east" },
                "south": { "texture": "#0", "uv": [ 14.5, 3.5, 16.0, 3.75 ] },
                "west": { "texture": "#0", "uv": [ 8.25, 3.5, 8.75, 3.75 ] },
                "up": { "texture": "#0", "uv": [ 14.5, 8.25, 16.0, 8.75 ] },
                "down": { "texture": "#0", "uv": [ 1.5, 8.75, 0.0, 8.25 ] }
            }
        },
        {
            "name": "Element",
            "from": [ 14.5, 12.25, 7.25 ], 
            "to": [ 16.0, 12.5, 7.75 ], 
            "faces": {
                "north": { "texture": "#0", "uv": [ 0.0, 3.5, 1.5, 3.75 ] },
                "east": { "texture": "#0", "uv": [ 8.25, 3.5, 8.75, 3.75 ], "cullface": "east" },
                "south": { "texture": "#0", "uv": [ 14.5, 3.5, 16.0, 3.75 ] },
                "west": { "texture": "#0", "uv": [ 7.25, 3.5, 7.75, 3.75 ] },
                "up": { "texture": "#0", "uv": [ 14.5, 7.25, 16.0, 7.75 ] },
                "down": { "texture": "#0", "uv": [ 1.5, 7.75, 0.0, 7.25 ] }
            }
        },
        {
            "name": "Element",
            "from": [ 14.5, 13.25, 7.25 ], 
            "to": [ 16.0, 13.5, 7.5 ], 
            "faces": {
                "east": { "texture": "#0", "uv": [ 8.5, 2.5, 8.75, 2.75 ], "cullface": "east" },
                "south": { "texture": "#0", "uv": [ 14.5, 2.5, 16.0, 2.75 ] },
                "down": { "texture": "#0", "uv": [ 1.5, 7.5, 0.0, 7.25 ] }
            }
        },
        {
            "name": "Element",
            "from": [ 14.5, 13.25, 8.5 ], 
            "to": [ 16.0, 13.5, 8.75 ], 
            "faces": {
                "north": { "texture": "#0", "uv": [ 0.0, 2.5, 1.5, 2.75 ] },
                "east": { "texture": "#0", "uv": [ 7.25, 2.5, 7.5, 2.75 ], "cullface": "east" },
                "down": { "texture": "#0", "uv": [ 1.5, 8.75, 0.0, 8.5 ] }
            }
        },
        {
            "name": "Element",
            "from": [ 14.5, 12.5, 7.25 ], 
            "to": [ 16.0, 12.75, 7.5 ], 
            "faces": {
                "east": { "texture": "#0", "uv": [ 8.5, 3.25, 8.75, 3.5 ], "cullface": "east" },
                "south": { "texture": "#0", "uv": [ 14.5, 3.25, 16.0, 3.5 ] },
                "up": { "texture": "#0", "uv": [ 14.5, 7.25, 16.0, 7.5 ] }
            }
        },
        {
            "name": "Element",
            "from": [ 14.5, 12.5, 8.5 ], 
            "to": [ 16.0, 12.75, 8.75 ], 
            "faces": {
                "north": { "texture": "#0", "uv": [ 0.0, 3.25, 1.5, 3.5 ] },
                "east": { "texture": "#0", "uv": [ 7.25, 3.25, 7.5, 3.5 ], "cullface": "east" },
                "up": { "texture": "#0", "uv": [ 14.5, 8.5, 16.0, 8.75 ] }
            }
        },
        {
            "name": "Element",
            "from": [ 15.25, 12.5, 7.5 ], 
            "to": [ 15.75, 13.5, 8.5 ], 
            "faces": {
                "north": { "texture": "#3", "uv": [ 14.75, 7.5, 15.25, 8.0 ] },
                "east": { "texture": "#3", "uv": [ 15.25, 7.5, 14.75, 8.0 ] },
                "south": { "texture": "#3", "uv": [ 15.25, 7.5, 14.75, 8.0 ] },
                "west": { "texture": "#3", "uv": [ 14.75, 7.5, 15.25, 8.0 ] },
                "up": { "texture": "#3", "uv": [ 14.75, 7.5, 15.25, 8.0 ] },
                "down": { "texture": "#3", "uv": [ 14.75, 8.0, 15.25, 7.5 ] }
            }
        },
        {
            "name": "Element",
            "from": [ 15.25, 12.25, 7.75 ], 
            "to": [ 15.75, 13.75, 8.25 ], 
            "faces": {
                "north": { "texture": "#3", "uv": [ 14.75, 7.5, 15.25, 8.0 ] },
                "east": { "texture": "#3", "uv": [ 15.25, 7.5, 14.75, 8.0 ] },
                "south": { "texture": "#3", "uv": [ 15.25, 7.5, 14.75, 8.0 ] },
                "west": { "texture": "#3", "uv": [ 14.75, 7.5, 15.25, 8.0 ] }
            }
        },
        {
            "name": "Element",
            "from": [ 15.25, 12.75, 7.25 ], 
            "to": [ 15.75, 13.25, 8.75 ], 
            "faces": {
                "east": { "texture": "#3", "uv": [ 15.25, 7.25, 14.75, 7.75 ] },
                "west": { "texture": "#3", "uv": [ 14.75, 7.25, 15.25, 7.75 ] },
                "up": { "texture": "#3", "uv": [ 14.75, 7.25, 15.25, 7.75 ] },
                "down": { "texture": "#3", "uv": [ 14.75, 7.75, 15.25, 7.25 ] }
            }
        },
        {
            "name": "Cube",
            "from": [ 17.350000008940697, 8.400000002980232, 7.25 ], 
            "to": [ 19.350000008940697, 8.650000002980232, 8.75 ], 
            "rotation": { "origin": [ 17.50000000745058, 7.500000007450581, 8.0 ], "axis": "z", "angle": -22.5 },
            "faces": {
                "north": { "texture": "#1", "uv": [ 0.0, 7.5, 0.0, 7.75 ] },
                "south": { "texture": "#1", "uv": [ 16.0, 7.5, 16.0, 7.75 ] },
                "down": { "texture": "#1", "uv": [ 0.0, 8.75, 0.0, 7.25 ] }
            }
        },
        {
            "name": "Cube",
            "from": [ 18.750000029802322, 5.900000010430812, 7.25 ], 
            "to": [ 18.95000002980232, 7.900000010430812, 8.75 ], 
            "rotation": { "origin": [ 17.50000000745058, 7.500000007450581, 8.0 ], "axis": "z", "angle": 22.5 },
            "faces": {
                "north": { "texture": "#1", "uv": [ 0.0, 7.5, 0.0, 7.75 ] },
                "south": { "texture": "#1", "uv": [ 16.0, 7.5, 16.0, 7.75 ] },
                "down": { "texture": "#1", "uv": [ 0.0, 8.75, 0.0, 7.25 ] }
            }
        },
        {
            "name": "Cube",
            "from": [ 18.950000032782555, 5.900000010430812, 7.25 ], 
            "to": [ 19.150000032782554, 7.900000010430812, 8.75 ], 
            "rotation": { "origin": [ 17.50000000745058, 7.500000007450581, 8.0 ], "axis": "z", "angle": -22.5 },
            "faces": {
                "north": { "texture": "#1", "uv": [ 0.0, 7.5, 0.0, 7.75 ] },
                "south": { "texture": "#1", "uv": [ 16.0, 7.5, 16.0, 7.75 ] },
                "down": { "texture": "#1", "uv": [ 0.0, 8.75, 0.0, 7.25 ] }
            }
        },
        {
            "name": "Cube",
            "from": [ 17.150000005960464, 5.900000010430812, 7.25 ], 
            "to": [ 19.150000005960464, 6.150000010430812, 8.75 ], 
            "rotation": { "origin": [ 17.50000000745058, 7.500000007450581, 8.0 ], "axis": "z", "angle": 22.5 },
            "faces": {
                "north": { "texture": "#1", "uv": [ 0.0, 7.5, 0.0, 7.75 ] },
                "south": { "texture": "#1", "uv": [ 16.0, 7.5, 16.0, 7.75 ] },
                "down": { "texture": "#1", "uv": [ 0.0, 8.75, 0.0, 7.25 ] }
            }
        },
        {
            "name": "Cube",
            "from": [ 17.05000000447035, 6.100000013411044, 7.25 ], 
            "to": [ 19.05000000447035, 6.350000013411044, 8.75 ], 
            "rotation": { "origin": [ 17.50000000745058, 7.500000007450581, 8.0 ], "axis": "z", "angle": -22.5 },
            "faces": {
                "north": { "texture": "#1", "uv": [ 0.0, 7.5, 0.0, 7.75 ] },
                "south": { "texture": "#1", "uv": [ 16.0, 7.5, 16.0, 7.75 ] },
                "down": { "texture": "#1", "uv": [ 0.0, 8.75, 0.0, 7.25 ] }
            }
        },
        {
            "name": "Cube",
            "from": [ 17.05000000447035, 8.300000001490115, 7.25 ], 
            "to": [ 19.05000000447035, 8.550000001490115, 8.75 ], 
            "rotation": { "origin": [ 17.50000000745058, 7.500000007450581, 8.0 ], "axis": "z", "angle": 22.5 },
            "faces": {
                "north": { "texture": "#1", "uv": [ 0.0, 7.5, 0.0, 7.75 ] },
                "south": { "texture": "#1", "uv": [ 16.0, 7.5, 16.0, 7.75 ] },
                "down": { "texture": "#1", "uv": [ 0.0, 8.75, 0.0, 7.25 ] }
            }
        },
        {
            "name": "Cube",
            "from": [ 15.5, 4.950000002980232, 7.5 ], 
            "to": [ 16.549999997019768, 6.75, 8.5 ], 
            "faces": {
                "north": { "texture": "#1", "uv": [ 0.0, 9.25, 0.5, 11.25 ] },
                "east": { "texture": "#1", "uv": [ 7.5, 9.25, 8.5, 11.25 ], "cullface": "east" },
                "south": { "texture": "#1", "uv": [ 15.5, 9.25, 16.0, 11.25 ] },
                "west": { "texture": "#1", "uv": [ 7.5, 9.25, 8.5, 11.25 ] },
                "up": { "texture": "#1", "uv": [ 15.5, 7.5, 16.0, 8.5 ] },
                "down": { "texture": "#1", "uv": [ 0.5, 8.5, 0.0, 7.5 ] }
            }
        },
        {
            "name": "Cube",
            "from": [ 16.350000023841858, 7.000000026822089, 7.350000001490116 ], 
            "to": [ 16.650000025331973, 9.00000002682209, 8.649999998509884 ], 
            "rotation": { "origin": [ 17.50000000745058, 7.500000007450581, 8.0 ], "axis": "z", "angle": -22.5 },
            "faces": {
                "north": { "texture": "#1", "uv": [ 0.0, 7.5, 0.0, 7.75 ] },
                "south": { "texture": "#1", "uv": [ 16.0, 7.5, 16.0, 7.75 ] },
                "down": { "texture": "#1", "uv": [ 0.0, 8.75, 0.0, 7.25 ] }
            }
        },
        {
            "name": "Cube",
            "from": [ 16.250000022351742, 6.500000019371509, 7.350000001490116 ], 
            "to": [ 16.45000002235174, 8.500000019371509, 8.649999998509884 ], 
            "rotation": { "origin": [ 17.50000000745058, 7.500000007450581, 8.0 ], "axis": "z", "angle": 22.5 },
            "faces": {
                "north": { "texture": "#1", "uv": [ 0.0, 7.5, 0.0, 7.75 ] },
                "south": { "texture": "#1", "uv": [ 16.0, 7.5, 16.0, 7.75 ] },
                "down": { "texture": "#1", "uv": [ 0.0, 8.75, 0.0, 7.25 ] }
            }
        },
        {
            "name": "Cube",
            "from": [ 17.200000010430813, 3.849999986588955, 7.199999995529652 ], 
            "to": [ 20.24999999254942, 4.649999983608723, 8.800000004470348 ], 
            "rotation": { "origin": [ 15.599999994039536, 5.0, 8.0 ], "axis": "z", "angle": 22.5 },
            "faces": {
                "north": { "texture": "#1", "uv": [ 0.0, 9.25, 0.5, 11.25 ] },
                "east": { "texture": "#1", "uv": [ 7.5, 9.25, 8.5, 11.25 ], "cullface": "east" },
                "south": { "texture": "#1", "uv": [ 15.5, 9.25, 16.0, 11.25 ] },
                "west": { "texture": "#1", "uv": [ 7.5, 9.25, 8.5, 11.25 ] },
                "up": { "texture": "#1", "uv": [ 15.5, 7.5, 16.0, 8.5 ] },
                "down": { "texture": "#1", "uv": [ 0.5, 8.5, 0.0, 7.5 ] }
            }
        },
        {
            "name": "Cube",
            "from": [ 19.100000008940697, 2.3000000074505804, 7.199999995529652 ], 
            "to": [ 23.75, 3.100000004470348, 8.800000004470348 ], 
            "rotation": { "origin": [ 15.599999994039536, 5.300000004470348, 8.0 ], "axis": "z", "angle": 45.0 },
            "faces": {
                "north": { "texture": "#1", "uv": [ 0.0, 9.25, 0.5, 11.25 ] },
                "east": { "texture": "#1", "uv": [ 7.5, 9.25, 8.5, 11.25 ], "cullface": "east" },
                "south": { "texture": "#1", "uv": [ 15.5, 9.25, 16.0, 11.25 ] },
                "west": { "texture": "#1", "uv": [ 7.5, 9.25, 8.5, 11.25 ] },
                "up": { "texture": "#1", "uv": [ 15.5, 7.5, 16.0, 8.5 ] },
                "down": { "texture": "#1", "uv": [ 0.5, 8.5, 0.0, 7.5 ] }
            }
        },
        {
            "name": "Cube",
            "from": [ 15.300000001490115, 4.949999988079071, 7.199999995529652 ], 
            "to": [ 17.049999964237212, 5.949999988079071, 8.800000004470348 ], 
            "faces": {
                "north": { "texture": "#1", "uv": [ 0.0, 9.25, 0.5, 11.25 ] },
                "east": { "texture": "#1", "uv": [ 7.5, 9.25, 8.5, 11.25 ], "cullface": "east" },
                "south": { "texture": "#1", "uv": [ 15.5, 9.25, 16.0, 11.25 ] },
                "west": { "texture": "#1", "uv": [ 7.5, 9.25, 8.5, 11.25 ] },
                "up": { "texture": "#1", "uv": [ 15.5, 7.5, 16.0, 8.5 ] },
                "down": { "texture": "#1", "uv": [ 0.5, 8.5, 0.0, 7.5 ] }
            }
        },
        {
            "name": "Cube",
            "from": [ 17.099999994039536, 8.449999995529652, 7.199999995529652 ], 
            "to": [ 18.149999991059303, 9.549999982118607, 8.799999998509884 ], 
            "rotation": { "origin": [ 8.0, 8.0, 8.0 ], "axis": "z", "angle": -22.5 },
            "faces": {
                "north": { "texture": "#1", "uv": [ 0.0, 9.25, 0.5, 11.25 ] },
                "east": { "texture": "#1", "uv": [ 7.5, 9.25, 8.5, 11.25 ], "cullface": "east" },
                "south": { "texture": "#1", "uv": [ 15.5, 9.25, 16.0, 11.25 ] },
                "west": { "texture": "#1", "uv": [ 7.5, 9.25, 8.5, 11.25 ] },
                "up": { "texture": "#1", "uv": [ 15.5, 7.5, 16.0, 8.5 ] },
                "down": { "texture": "#1", "uv": [ 0.5, 8.5, 0.0, 7.5 ] }
            }
        },
        {
            "name": "Cube",
            "from": [ -0.29999998956918716, 8.950000002980232, 7.450000002980232 ], 
            "to": [ 0.20000001043081284, 10.25, 8.549999997019768 ], 
            "faces": {
                "north": { "texture": "#1", "uv": [ 1.25, 5.75, 16.0, 7.25 ] },
                "east": { "texture": "#1", "uv": [ 7.25, 5.75, 8.75, 7.25 ] },
                "south": { "texture": "#1", "uv": [ 0.0, 5.75, 13.75, 7.25 ] },
                "west": { "texture": "#1", "uv": [ 7.25, 5.75, 8.75, 7.25 ], "cullface": "west" },
                "up": { "texture": "#1", "uv": [ 0.0, 7.25, 14.75, 8.75 ] },
                "down": { "texture": "#1", "uv": [ 16.0, 8.75, 1.25, 7.25 ] }
            }
        },
        {
            "name": "Cube",
            "from": [ -9.299999989569187, 8.349999994039536, 6.950000010430813 ], 
            "to": [ 0.7000000104308128, 8.649999991059303, 7.650000013411045 ], 
            "faces": {
                "north": { "texture": "#1", "uv": [ 1.25, 5.75, 16.0, 7.25 ] },
                "east": { "texture": "#1", "uv": [ 7.25, 5.75, 8.75, 7.25 ] },
                "south": { "texture": "#1", "uv": [ 0.0, 5.75, 13.75, 7.25 ] },
                "west": { "texture": "#1", "uv": [ 7.25, 5.75, 8.75, 7.25 ], "cullface": "west" },
                "up": { "texture": "#1", "uv": [ 0.0, 7.25, 14.75, 8.75 ] },
                "down": { "texture": "#1", "uv": [ 16.0, 8.75, 1.25, 7.25 ] }
            }
        },
        {
            "name": "Cube",
            "from": [ -9.299999989569187, 8.149999991059303, 7.150000013411045 ], 
            "to": [ 0.9000000134110451, 8.849999994039536, 7.450000010430813 ], 
            "faces": {
                "north": { "texture": "#1", "uv": [ 1.25, 5.75, 16.0, 7.25 ] },
                "east": { "texture": "#1", "uv": [ 7.25, 5.75, 8.75, 7.25 ] },
                "south": { "texture": "#1", "uv": [ 0.0, 5.75, 13.75, 7.25 ] },
                "west": { "texture": "#1", "uv": [ 7.25, 5.75, 8.75, 7.25 ], "cullface": "west" },
                "up": { "texture": "#1", "uv": [ 0.0, 7.25, 14.75, 8.75 ] },
                "down": { "texture": "#1", "uv": [ 16.0, 8.75, 1.25, 7.25 ] }
            }
        },
        {
            "name": "Cube",
            "from": [ -9.299999989569187, 8.349999994039536, 8.350000001490116 ], 
            "to": [ 0.7000000104308128, 8.649999991059303, 9.050000004470348 ], 
            "faces": {
                "north": { "texture": "#1", "uv": [ 1.25, 5.75, 16.0, 7.25 ] },
                "east": { "texture": "#1", "uv": [ 7.25, 5.75, 8.75, 7.25 ] },
                "south": { "texture": "#1", "uv": [ 0.0, 5.75, 13.75, 7.25 ] },
                "west": { "texture": "#1", "uv": [ 7.25, 5.75, 8.75, 7.25 ], "cullface": "west" },
                "up": { "texture": "#1", "uv": [ 0.0, 7.25, 14.75, 8.75 ] },
                "down": { "texture": "#1", "uv": [ 16.0, 8.75, 1.25, 7.25 ] }
            }
        },
        {
            "name": "Cube",
            "from": [ -9.299999989569187, 8.149999991059303, 8.550000004470348 ], 
            "to": [ 0.9000000134110451, 8.849999994039536, 8.850000001490116 ], 
            "faces": {
                "north": { "texture": "#1", "uv": [ 1.25, 5.75, 16.0, 7.25 ] },
                "east": { "texture": "#1", "uv": [ 7.25, 5.75, 8.75, 7.25 ] },
                "south": { "texture": "#1", "uv": [ 0.0, 5.75, 13.75, 7.25 ] },
                "west": { "texture": "#1", "uv": [ 7.25, 5.75, 8.75, 7.25 ], "cullface": "west" },
                "up": { "texture": "#1", "uv": [ 0.0, 7.25, 14.75, 8.75 ] },
                "down": { "texture": "#1", "uv": [ 16.0, 8.75, 1.25, 7.25 ] }
            }
        },
        {
            "name": "Cube",
            "from": [ -10.0, 8.050000004470348, 8.25000000745058 ], 
            "to": [ -8.5, 8.950000004470349, 9.150000007450581 ], 
            "faces": {
                "north": { "texture": "#0", "uv": [ 9.0, 5.0, 16.0, 5.25 ] },
                "south": { "texture": "#0", "uv": [ 0.0, 5.0, 7.0, 5.25 ] },
                "west": { "texture": "#0", "uv": [ 7.75, 5.0, 8.25, 5.25 ], "cullface": "west" },
                "up": { "texture": "#0", "uv": [ 0.0, 7.75, 7.0, 8.25 ] },
                "down": { "texture": "#0", "uv": [ 16.0, 8.25, 9.0, 7.75 ] }
            }
        },
        {
            "name": "Cube",
            "from": [ -10.0, 8.050000004470348, 6.850000001490116 ], 
            "to": [ -8.5, 8.950000004470349, 7.7500000014901165 ], 
            "faces": {
                "north": { "texture": "#0", "uv": [ 9.0, 5.0, 16.0, 5.25 ] },
                "south": { "texture": "#0", "uv": [ 0.0, 5.0, 7.0, 5.25 ] },
                "west": { "texture": "#0", "uv": [ 7.75, 5.0, 8.25, 5.25 ], "cullface": "west" },
                "up": { "texture": "#0", "uv": [ 0.0, 7.75, 7.0, 8.25 ] },
                "down": { "texture": "#0", "uv": [ 16.0, 8.25, 9.0, 7.75 ] }
            }
        },
        {
            "name": "Cube",
            "from": [ 0.0, 8.050000004470348, 6.850000016391277 ], 
            "to": [ 2.5, 8.950000004470349, 9.250000008940697 ], 
            "faces": {
                "north": { "texture": "#0", "uv": [ 9.0, 5.0, 16.0, 5.25 ] },
                "south": { "texture": "#0", "uv": [ 0.0, 5.0, 7.0, 5.25 ] },
                "west": { "texture": "#0", "uv": [ 7.75, 5.0, 8.25, 5.25 ], "cullface": "west" },
                "up": { "texture": "#0", "uv": [ 0.0, 7.75, 7.0, 8.25 ] },
                "down": { "texture": "#0", "uv": [ 16.0, 8.25, 9.0, 7.75 ] }
            }
        },
        {
            "name": "Cube",
            "from": [ 1.6999999925494187, 7.949999988079071, 7.199999995529652 ], 
            "to": [ 3.4499999552965157, 8.949999988079071, 8.800000004470348 ], 
            "faces": {
                "north": { "texture": "#1", "uv": [ 0.0, 9.25, 0.5, 11.25 ] },
                "east": { "texture": "#1", "uv": [ 7.5, 9.25, 8.5, 11.25 ], "cullface": "east" },
                "south": { "texture": "#1", "uv": [ 15.5, 9.25, 16.0, 11.25 ] },
                "west": { "texture": "#1", "uv": [ 7.5, 9.25, 8.5, 11.25 ] },
                "up": { "texture": "#1", "uv": [ 15.5, 7.5, 16.0, 8.5 ] },
                "down": { "texture": "#1", "uv": [ 0.5, 8.5, 0.0, 7.5 ] }
            }
        }
	],
	"display": {
		"thirdperson": {
			"rotation": [ 0, 90, -90 ],
			"translation": [ 0, 4, -1.8 ],
			"scale": [ 0.85, 0.85, 0.85 ]
		},
		"ground": {
			"rotation": [ 0, 0, 0 ],
			"translation": [ 0, 0, 0 ],
			"scale": [ 3, 3, 3 ]
		},
		"fixed": {
			"rotation": [ 0, 180, -45 ],
			"translation": [ -1.1, -1.1, -1.5 ],
			"scale": [ 1.5, 1.5, 1.5 ]
		},
		"firstperson": {
			"rotation": [ 0, -135, 0 ],
			"translation": [ 1.7, 1.3, -4.7 ],
			"scale": [ 2, 2, 2 ]
		},
		"gui": {
			"rotation": [ -30, 135, -45 ],
			"translation": [ 0, -0.5, 0 ],
			"scale": [ 0.9, 0.9, 0.9 ]
		}
	}
}