{
"__comment": "Designed by Mechanan with BDcraft Cubik PRO 0.95 Beta - http://bdcraft.net",
"textures": {
    "texture": "items/flash"
},
"elements": [ 
{
    "__comment": "Flashbang",
    "from": [ 6.875, 13, 9.5 ],
    "to": [ 7.5, 13.125, 9.875 ],
    "faces": {
        "down":  { "uv": [ 5.5625, 2, 4.9375, 1.625 ], "texture": "#texture" },
        "up":    { "uv": [ 3.875, 1.5, 4.5, 1.875 ], "texture": "#texture" },
        "north": { "uv": [ 4.5, 2.875, 3.875, 3 ], "texture": "#texture" },
        "south": { "uv": [ 3.875, 2.875, 4.5, 3 ], "texture": "#texture" },
        "west":  { "uv": [ 2.8125, 2.5, 3.1875, 2.625 ], "texture": "#texture" },
        "east":  { "uv": [ 3.875, 2.8125, 3.5, 2.9375 ], "texture": "#texture" }
    }
},
{
    "__comment": "Flashbang",
    "from": [ 7, 13, 9.125 ],
    "to": [ 7.5, 13.25, 9.5 ],
    "faces": {
        "down":  { "uv": [ 5.1875, 2.5625, 4.6875, 2.1875 ], "texture": "#texture" },
        "up":    { "uv": [ 4, 1.125, 4.5, 1.5 ], "texture": "#texture" },
        "north": { "uv": [ 4.5, 2.75, 4, 3 ], "texture": "#texture" },
        "south": { "uv": [ 4, 2.75, 4.5, 3 ], "texture": "#texture" },
        "west":  { "uv": [ 3.75, 2.3125, 4.125, 2.5625 ], "texture": "#texture" },
        "east":  { "uv": [ 3.375, 2.4375, 3, 2.6875 ], "texture": "#texture" }
    }
},
{
    "__comment": "Flashbang",
    "from": [ 7, 12.875, 9.5 ],
    "to": [ 7.375, 13, 9.875 ],
    "faces": {
        "down":  { "uv": [ 4.6875, 2.125, 4.3125, 1.75 ], "texture": "#texture" },
        "north": { "uv": [ 4.375, 3, 4, 3.125 ], "texture": "#texture" },
        "south": { "uv": [ 4, 3, 4.375, 3.125 ], "texture": "#texture" },
        "west":  { "uv": [ 2.6875, 2.8125, 3.0625, 2.9375 ], "texture": "#texture" },
        "east":  { "uv": [ 2.6875, 2.75, 2.3125, 2.875 ], "texture": "#texture" }
    }
},
{
    "__comment": "Flashbang",
    "from": [ 7, 13.125, 9.5 ],
    "to": [ 7.375, 13.25, 10.375 ],
    "faces": {
        "down":  { "uv": [ 5.5625, 2.3125, 5.1875, 1.4375 ], "texture": "#texture" },
        "up":    { "uv": [ 4, 1.5, 4.375, 2.375 ], "texture": "#texture" },
        "south": { "uv": [ 4, 2.75, 4.375, 2.875 ], "texture": "#texture" },
        "west":  { "uv": [ 3.8125, 2.375, 4.6875, 2.5 ], "texture": "#texture" },
        "east":  { "uv": [ 4.0625, 1.5, 3.1875, 1.625 ], "texture": "#texture" }
    }
},
{
    "__comment": "Flashbang",
    "from": [ 7, 13, 9.875 ],
    "to": [ 7.5, 13.125, 10.375 ],
    "faces": {
        "down":  { "uv": [ 5.5, 1.3125, 5, 0.8125 ], "texture": "#texture" },
        "up":    { "uv": [ 4, 1.875, 4.5, 2.375 ], "texture": "#texture" },
        "south": { "uv": [ 4, 2.875, 4.5, 3 ], "texture": "#texture" },
        "west":  { "uv": [ 2.375, 3, 2.875, 3.125 ], "texture": "#texture" },
        "east":  { "uv": [ 3.3125, 2.875, 2.8125, 3 ], "texture": "#texture" }
    }
},
{
    "__comment": "Flashbang",
    "from": [ 7.125, 13.125, 8.75 ],
    "to": [ 7.5, 13.375, 9.125 ],
    "faces": {
        "down":  { "uv": [ 5.5625, 2.5625, 5.1875, 2.1875 ], "texture": "#texture" },
        "up":    { "uv": [ 4.125, 0.75, 4.5, 1.125 ], "texture": "#texture" },
        "north": { "uv": [ 4.5, 2.625, 4.125, 2.875 ], "texture": "#texture" },
        "south": { "uv": [ 4.125, 2.625, 4.5, 2.875 ], "texture": "#texture" },
        "west":  { "uv": [ 3.3125, 1.75, 3.6875, 2 ], "texture": "#texture" },
        "east":  { "uv": [ 3.25, 1.875, 2.875, 2.125 ], "texture": "#texture" }
    }
},
{
    "__comment": "Flashbang",
    "from": [ 7.125, 12.875, 9.125 ],
    "to": [ 7.375, 13, 9.5 ],
    "faces": {
        "down":  { "uv": [ 5.5625, 2.125, 5.3125, 1.75 ], "texture": "#texture" },
        "north": { "uv": [ 4.375, 3, 4.125, 3.125 ], "texture": "#texture" },
        "west":  { "uv": [ 2.0625, 2.75, 2.4375, 2.875 ], "texture": "#texture" },
        "east":  { "uv": [ 3.0625, 2.9375, 2.6875, 3.0625 ], "texture": "#texture" }
    }
},
{
    "__comment": "Flashbang",
    "from": [ 7.125, 13.25, 9.125 ],
    "to": [ 7.25, 13.375, 10.75 ],
    "faces": {
        "down":  { "uv": [ 5.1875, 2.5625, 5.0625, 0.9375 ], "texture": "#texture" },
        "up":    { "uv": [ 4.125, 1.125, 4.25, 2.75 ], "texture": "#texture" },
        "south": { "uv": [ 4.125, 2.625, 4.25, 2.75 ], "texture": "#texture" },
        "west":  { "uv": [ 3.0625, 2.5, 4.6875, 2.625 ], "texture": "#texture" },
        "east":  { "uv": [ 5.125, 2.5, 3.5, 2.625 ], "texture": "#texture" }
    }
},
{
    "__comment": "Flashbang",
    "from": [ 7.125, 12.75, 9.5 ],
    "to": [ 7.25, 12.875, 9.875 ],
    "faces": {
        "down":  { "uv": [ 5.125, 2.1875, 5, 1.8125 ], "texture": "#texture" },
        "north": { "uv": [ 4.25, 3.125, 4.125, 3.25 ], "texture": "#texture" },
        "south": { "uv": [ 4.125, 3.125, 4.25, 3.25 ], "texture": "#texture" },
        "west":  { "uv": [ 3.375, 2.375, 3.75, 2.5 ], "texture": "#texture" },
        "east":  { "uv": [ 3.4375, 2.625, 3.0625, 2.75 ], "texture": "#texture" }
    }
},
{
    "__comment": "Flashbang",
    "from": [ 7.125, 12.875, 9.875 ],
    "to": [ 7.375, 13, 10.375 ],
    "faces": {
        "down":  { "uv": [ 4.4375, 2.1875, 4.1875, 1.6875 ], "texture": "#texture" },
        "south": { "uv": [ 4.125, 3, 4.375, 3.125 ], "texture": "#texture" },
        "west":  { "uv": [ 2.375, 2.9375, 2.875, 3.0625 ], "texture": "#texture" },
        "east":  { "uv": [ 4.1875, 2.9375, 3.6875, 3.0625 ], "texture": "#texture" }
    }
},
{
    "__comment": "Flashbang",
    "from": [ 7.125, 13.125, 10.375 ],
    "to": [ 7.5, 13.25, 10.75 ],
    "faces": {
        "down":  { "uv": [ 4.375, 1.75, 4, 1.375 ], "texture": "#texture" },
        "up":    { "uv": [ 4.125, 2.375, 4.5, 2.75 ], "texture": "#texture" },
        "north": { "uv": [ 4.5, 2.75, 4.125, 2.875 ], "texture": "#texture" },
        "south": { "uv": [ 4.125, 2.75, 4.5, 2.875 ], "texture": "#texture" },
        "west":  { "uv": [ 2.375, 2.75, 2.75, 2.875 ], "texture": "#texture" },
        "east":  { "uv": [ 2.75, 2.75, 2.375, 2.875 ], "texture": "#texture" }
    }
},
{
    "__comment": "Flashbang",
    "from": [ 7.25, 13, 8.75 ],
    "to": [ 7.5, 13.125, 9.125 ],
    "faces": {
        "down":  { "uv": [ 5.125, 1.6875, 4.875, 1.3125 ], "texture": "#texture" },
        "north": { "uv": [ 4.5, 2.875, 4.25, 3 ], "texture": "#texture" },
        "west":  { "uv": [ 2.75, 2.3125, 3.125, 2.4375 ], "texture": "#texture" },
        "east":  { "uv": [ 3.9375, 1.5, 3.5625, 1.625 ], "texture": "#texture" }
    }
},
{
    "__comment": "Flashbang",
    "from": [ 7.25, 13.375, 8.75 ],
    "to": [ 7.5, 13.5, 9.125 ],
    "faces": {
        "up":    { "uv": [ 4.25, 0.75, 4.5, 1.125 ], "texture": "#texture" },
        "north": { "uv": [ 4.5, 2.5, 4.25, 2.625 ], "texture": "#texture" },
        "south": { "uv": [ 4.25, 2.5, 4.5, 2.625 ], "texture": "#texture" },
        "west":  { "uv": [ 3.3125, 2.3125, 3.6875, 2.4375 ], "texture": "#texture" },
        "east":  { "uv": [ 3.6875, 1.9375, 3.3125, 2.0625 ], "texture": "#texture" }
    }
},
{
    "__comment": "Flashbang",
    "from": [ 7.25, 13.25, 9.125 ],
    "to": [ 7.375, 13.375, 9.5 ],
    "faces": {
        "up":    { "uv": [ 4.25, 1.125, 4.375, 1.5 ], "texture": "#texture" },
        "south": { "uv": [ 4.25, 2.625, 4.375, 2.75 ], "texture": "#texture" },
        "east":  { "uv": [ 1.5, 2.625, 1.125, 2.75 ], "texture": "#texture" }
    }
},
{
    "__comment": "Flashbang",
    "from": [ 7.25, 13.25, 9.875 ],
    "to": [ 7.375, 13.375, 10.75 ],
    "faces": {
        "down":  { "uv": [ 11.75, 2.75, 11.625, 1.875 ], "texture": "#texture" },
        "up":    { "uv": [ 4.25, 1.875, 4.375, 2.75 ], "texture": "#texture" },
        "north": { "uv": [ 4.375, 2.625, 4.25, 2.75 ], "texture": "#texture" },
        "south": { "uv": [ 4.25, 2.625, 4.375, 2.75 ], "texture": "#texture" },
        "east":  { "uv": [ 2.75, 2.625, 1.875, 2.75 ], "texture": "#texture" }
    }
},
{
    "__comment": "Flashbang",
    "from": [ 7.25, 13.375, 10.375 ],
    "to": [ 7.5, 13.5, 10.75 ],
    "faces": {
        "down":  { "uv": [ 11.75, 2.75, 11.5, 2.375 ], "texture": "#texture" },
        "up":    { "uv": [ 4.25, 2.375, 4.5, 2.75 ], "texture": "#texture" },
        "north": { "uv": [ 4.5, 2.5, 4.25, 2.625 ], "texture": "#texture" },
        "south": { "uv": [ 4.25, 2.5, 4.5, 2.625 ], "texture": "#texture" },
        "west":  { "uv": [ 2.375, 2.5, 2.75, 2.625 ], "texture": "#texture" },
        "east":  { "uv": [ 2.75, 2.5, 2.375, 2.625 ], "texture": "#texture" }
    }
},
{
    "__comment": "Flashbang",
    "from": [ 7.375, 13.5, 8.375 ],
    "to": [ 7.875, 13.625, 8.75 ],
    "faces": {
        "down":  { "uv": [ 4.9375, 1.625, 4.4375, 1.25 ], "texture": "#texture" },
        "up":    { "uv": [ 4.375, 0.375, 4.875, 0.75 ], "texture": "#texture" },
        "north": { "uv": [ 4.875, 2.375, 4.375, 2.5 ], "texture": "#texture" },
        "south": { "uv": [ 4.375, 2.375, 4.875, 2.5 ], "texture": "#texture" },
        "west":  { "uv": [ 2.5, 2.1875, 2.875, 2.3125 ], "texture": "#texture" },
        "east":  { "uv": [ 4.8125, 1.75, 4.4375, 1.875 ], "texture": "#texture" }
    }
},
{
    "__comment": "Flashbang",
    "from": [ 7.375, 13.125, 9.875 ],
    "to": [ 7.5, 13.25, 10.375 ],
    "faces": {
        "up":    { "uv": [ 4.375, 1.875, 4.5, 2.375 ], "texture": "#texture" },
        "north": { "uv": [ 4.5, 2.75, 4.375, 2.875 ], "texture": "#texture" },
        "east":  { "uv": [ 2.375, 2.75, 1.875, 2.875 ], "texture": "#texture" }
    }
},
{
    "__comment": "Flashbang",
    "from": [ 7.375, 13, 10.375 ],
    "to": [ 7.5, 13.125, 10.75 ],
    "faces": {
        "down":  { "uv": [ 5.25, 2.125, 5.125, 1.75 ], "texture": "#texture" },
        "south": { "uv": [ 4.375, 2.875, 4.5, 3 ], "texture": "#texture" },
        "west":  { "uv": [ 2.375, 2.875, 2.75, 3 ], "texture": "#texture" },
        "east":  { "uv": [ 2.75, 2.875, 2.375, 3 ], "texture": "#texture" }
    }
},
{
    "__comment": "Flashbang",
    "from": [ 7.375, 13.25, 10.375 ],
    "to": [ 7.625, 13.375, 10.75 ],
    "faces": {
        "down":  { "uv": [ 4.5625, 1.875, 4.3125, 1.5 ], "texture": "#texture" },
        "up":    { "uv": [ 4.375, 2.375, 4.625, 2.75 ], "texture": "#texture" },
        "north": { "uv": [ 4.625, 2.625, 4.375, 2.75 ], "texture": "#texture" },
        "south": { "uv": [ 4.375, 2.625, 4.625, 2.75 ], "texture": "#texture" },
        "east":  { "uv": [ 2.75, 2.625, 2.375, 2.75 ], "texture": "#texture" }
    }
},
{
    "__comment": "Flashbang",
    "from": [ 7.375, 13.5, 10.625 ],
    "to": [ 7.875, 13.625, 11 ],
    "faces": {
        "down":  { "uv": [ 5.5625, 2, 5.0625, 1.625 ], "texture": "#texture" },
        "up":    { "uv": [ 4.375, 2.625, 4.875, 3 ], "texture": "#texture" },
        "north": { "uv": [ 4.875, 2.375, 4.375, 2.5 ], "texture": "#texture" },
        "south": { "uv": [ 4.375, 2.375, 4.875, 2.5 ], "texture": "#texture" },
        "west":  { "uv": [ 2.625, 2.375, 3, 2.5 ], "texture": "#texture" },
        "east":  { "uv": [ 3, 2.375, 2.625, 2.5 ], "texture": "#texture" }
    }
},
{
    "__comment": "Flashbang",
    "from": [ 7.5, 13.375, 8.375 ],
    "to": [ 7.75, 13.5, 8.75 ],
    "faces": {
        "down":  { "uv": [ 4.25, 1.9375, 4, 1.5625 ], "texture": "#texture" },
        "north": { "uv": [ 4.75, 2.5, 4.5, 2.625 ], "texture": "#texture" },
        "south": { "uv": [ 4.5, 2.5, 4.75, 2.625 ], "texture": "#texture" },
        "west":  { "uv": [ 3.1875, 2.125, 3.5625, 2.25 ], "texture": "#texture" },
        "east":  { "uv": [ 2.8125, 2.6875, 2.4375, 2.8125 ], "texture": "#texture" }
    }
},
{
    "__comment": "Flashbang",
    "from": [ 7.5, 13.625, 8.375 ],
    "to": [ 7.875, 13.75, 8.75 ],
    "faces": {
        "up":    { "uv": [ 4.5, 0.375, 4.875, 0.75 ], "texture": "#texture" },
        "north": { "uv": [ 4.875, 2.25, 4.5, 2.375 ], "texture": "#texture" },
        "south": { "uv": [ 4.5, 2.25, 4.875, 2.375 ], "texture": "#texture" },
        "west":  { "uv": [ 2.875, 2.3125, 3.25, 2.4375 ], "texture": "#texture" },
        "east":  { "uv": [ 3.375, 2.1875, 3, 2.3125 ], "texture": "#texture" }
    }
},
{
    "__comment": "Flashbang",
    "from": [ 7.5, 13.25, 8.75 ],
    "to": [ 7.625, 13.375, 9.125 ],
    "faces": {
        "down":  { "uv": [ 11.5, 1.125, 11.375, 0.75 ], "texture": "#texture" },
        "up":    { "uv": [ 4.5, 0.75, 4.625, 1.125 ], "texture": "#texture" },
        "north": { "uv": [ 4.625, 2.625, 4.5, 2.75 ], "texture": "#texture" },
        "south": { "uv": [ 4.5, 2.625, 4.625, 2.75 ], "texture": "#texture" },
        "east":  { "uv": [ 1.125, 2.625, 0.75, 2.75 ], "texture": "#texture" }
    }
},
{
    "__comment": "Flashbang",
    "from": [ 7.5, 13.375, 10.625 ],
    "to": [ 7.75, 13.5, 11 ],
    "faces": {
        "down":  { "uv": [ 5.125, 1.625, 4.875, 1.25 ], "texture": "#texture" },
        "north": { "uv": [ 4.75, 2.5, 4.5, 2.625 ], "texture": "#texture" },
        "south": { "uv": [ 4.5, 2.5, 4.75, 2.625 ], "texture": "#texture" },
        "west":  { "uv": [ 2.625, 2.5, 3, 2.625 ], "texture": "#texture" },
        "east":  { "uv": [ 3, 2.5, 2.625, 2.625 ], "texture": "#texture" }
    }
},
{
    "__comment": "Flashbang",
    "from": [ 7.5, 13.625, 10.625 ],
    "to": [ 7.875, 13.75, 11 ],
    "faces": {
        "up":    { "uv": [ 4.5, 2.625, 4.875, 3 ], "texture": "#texture" },
        "north": { "uv": [ 4.875, 2.25, 4.5, 2.375 ], "texture": "#texture" },
        "south": { "uv": [ 4.5, 2.25, 4.875, 2.375 ], "texture": "#texture" },
        "west":  { "uv": [ 2.625, 2.25, 3, 2.375 ], "texture": "#texture" },
        "east":  { "uv": [ 3, 2.25, 2.625, 2.375 ], "texture": "#texture" }
    }
},
{
    "__comment": "Flashbang",
    "from": [ 7.625, 13.75, 8.375 ],
    "to": [ 7.75, 13.875, 8.75 ],
    "faces": {
        "up":    { "uv": [ 3.625, 2.375, 3.75, 2.75 ], "texture": "#texture" },
        "north": { "uv": [ 3.75, 2.125, 3.625, 2.25 ], "texture": "#texture" },
        "south": { "uv": [ 3.625, 2.125, 3.75, 2.25 ], "texture": "#texture" },
        "west":  { "uv": [ 2.375, 2.125, 2.75, 2.25 ], "texture": "#texture" },
        "east":  { "uv": [ 2.75, 2.125, 2.375, 2.25 ], "texture": "#texture" }
    }
},
{
    "__comment": "Flashbang",
    "from": [ 7.625, 13.75, 10.625 ],
    "to": [ 7.75, 13.875, 11 ],
    "faces": {
        "up":    { "uv": [ 3.625, 2.625, 3.75, 3 ], "texture": "#texture" },
        "north": { "uv": [ 3.75, 2.125, 3.625, 2.25 ], "texture": "#texture" },
        "south": { "uv": [ 3.625, 2.125, 3.75, 2.25 ], "texture": "#texture" },
        "west":  { "uv": [ 2.625, 2.125, 3, 2.25 ], "texture": "#texture" },
        "east":  { "uv": [ 3, 2.125, 2.625, 2.25 ], "texture": "#texture" }
    }
},
{
    "__comment": "Flashbang",
    "from": [ 7.75, 13.75, 8.125 ],
    "to": [ 8.125, 14, 8.5 ],
    "faces": {
        "down":  { "uv": [ 12.25, 2.5, 11.875, 2.125 ], "texture": "#texture" },
        "up":    { "uv": [ 3.75, 2.125, 4.125, 2.5 ], "texture": "#texture" },
        "north": { "uv": [ 4.125, 2, 3.75, 2.25 ], "texture": "#texture" },
        "south": { "uv": [ 3.75, 2, 4.125, 2.25 ], "texture": "#texture" },
        "west":  { "uv": [ 2.125, 2, 2.5, 2.25 ], "texture": "#texture" },
        "east":  { "uv": [ 2.5, 2, 2.125, 2.25 ], "texture": "#texture" }
    }
},
{
    "__comment": "Flashbang",
    "from": [ 7.75, 13.75, 10.875 ],
    "to": [ 8.125, 14, 11.25 ],
    "faces": {
        "down":  { "uv": [ 5, 2.0625, 4.625, 1.6875 ], "texture": "#texture" },
        "up":    { "uv": [ 3.75, 2.875, 4.125, 3.25 ], "texture": "#texture" },
        "north": { "uv": [ 4.125, 2, 3.75, 2.25 ], "texture": "#texture" },
        "south": { "uv": [ 3.75, 2, 4.125, 2.25 ], "texture": "#texture" },
        "west":  { "uv": [ 2.875, 2, 3.25, 2.25 ], "texture": "#texture" },
        "east":  { "uv": [ 3.25, 2, 2.875, 2.25 ], "texture": "#texture" }
    }
},
{
    "__comment": "Flashbang",
    "from": [ 7.875, 13.625, 8.125 ],
    "to": [ 8, 13.75, 8.5 ],
    "faces": {
        "down":  { "uv": [ 4.5625, 1.375, 4.4375, 1 ], "texture": "#texture" },
        "north": { "uv": [ 4.5, 2.25, 4.375, 2.375 ], "texture": "#texture" },
        "south": { "uv": [ 4.375, 2.25, 4.5, 2.375 ], "texture": "#texture" },
        "west":  { "uv": [ 5.5, 2.75, 5.875, 2.875 ], "texture": "#texture" },
        "east":  { "uv": [ 3.0625, 2.5625, 2.6875, 2.6875 ], "texture": "#texture" }
    }
},
{
    "__comment": "Flashbang",
    "from": [ 7.875, 14, 8.125 ],
    "to": [ 8.375, 14.125, 8.5 ],
    "faces": {
        "down":  { "uv": [ 12.125, 2.5, 11.625, 2.125 ], "texture": "#texture" },
        "up":    { "uv": [ 3.875, 2.125, 4.375, 2.5 ], "texture": "#texture" },
        "north": { "uv": [ 4.375, 1.875, 3.875, 2 ], "texture": "#texture" },
        "south": { "uv": [ 3.875, 1.875, 4.375, 2 ], "texture": "#texture" },
        "west":  { "uv": [ 2.125, 1.875, 2.5, 2 ], "texture": "#texture" },
        "east":  { "uv": [ 2.5, 1.875, 2.125, 2 ], "texture": "#texture" }
    }
},
{
    "__comment": "Flashbang",
    "from": [ 7.875, 13.625, 10.875 ],
    "to": [ 8, 13.75, 11.25 ],
    "faces": {
        "down":  { "uv": [ 4, 2.3125, 3.875, 1.9375 ], "texture": "#texture" },
        "north": { "uv": [ 4.5, 2.25, 4.375, 2.375 ], "texture": "#texture" },
        "south": { "uv": [ 4.375, 2.25, 4.5, 2.375 ], "texture": "#texture" },
        "west":  { "uv": [ 4.375, 2.25, 4.75, 2.375 ], "texture": "#texture" },
        "east":  { "uv": [ 4.75, 2.25, 4.375, 2.375 ], "texture": "#texture" }
    }
},
{
    "__comment": "Flashbang",
    "from": [ 7.875, 14, 10.875 ],
    "to": [ 8, 14.125, 11.25 ],
    "faces": {
        "up":    { "uv": [ 3.875, 2.875, 4, 3.25 ], "texture": "#texture" },
        "north": { "uv": [ 4, 1.875, 3.875, 2 ], "texture": "#texture" },
        "south": { "uv": [ 3.875, 1.875, 4, 2 ], "texture": "#texture" },
        "west":  { "uv": [ 2.875, 1.875, 3.25, 2 ], "texture": "#texture" },
        "east":  { "uv": [ 3.25, 1.875, 2.875, 2 ], "texture": "#texture" }
    }
},
{
    "__comment": "Flashbang",
    "from": [ 7.875, 14.125, 11 ],
    "to": [ 8.5, 14.25, 11.375 ],
    "faces": {
        "down":  { "uv": [ 2.75, 2.5, 2.125, 2.125 ], "texture": "#texture" },
        "up":    { "uv": [ 3.875, 3, 4.5, 3.375 ], "texture": "#texture" },
        "north": { "uv": [ 4.5, 1.75, 3.875, 1.875 ], "texture": "#texture" },
        "south": { "uv": [ 3.875, 1.75, 4.5, 1.875 ], "texture": "#texture" },
        "west":  { "uv": [ 3, 1.75, 3.375, 1.875 ], "texture": "#texture" },
        "east":  { "uv": [ 3.375, 1.75, 3, 1.875 ], "texture": "#texture" }
    }
},
{
    "__comment": "Flashbang",
    "from": [ 8, 14, 8 ],
    "to": [ 8.375, 14.25, 8.125 ],
    "faces": {
        "down":  { "uv": [ 12, 2.125, 11.625, 2 ], "texture": "#texture" },
        "up":    { "uv": [ 4, 2, 4.375, 2.125 ], "texture": "#texture" },
        "north": { "uv": [ 4.375, 1.75, 4, 2 ], "texture": "#texture" },
        "south": { "uv": [ 4, 1.75, 4.375, 2 ], "texture": "#texture" },
        "west":  { "uv": [ 2, 1.75, 2.125, 2 ], "texture": "#texture" },
        "east":  { "uv": [ 2.125, 1.75, 2, 2 ], "texture": "#texture" }
    }
},
{
    "__comment": "Flashbang",
    "from": [ 8, 14.125, 8.125 ],
    "to": [ 8.5, 14.25, 8.5 ],
    "faces": {
        "down":  { "uv": [ 12, 2.5, 11.5, 2.125 ], "texture": "#texture" },
        "up":    { "uv": [ 4, 2.125, 4.5, 2.5 ], "texture": "#texture" },
        "north": { "uv": [ 4.5, 1.75, 4, 1.875 ], "texture": "#texture" },
        "south": { "uv": [ 4, 1.75, 4.5, 1.875 ], "texture": "#texture" },
        "west":  { "uv": [ 2.125, 1.75, 2.5, 1.875 ], "texture": "#texture" },
        "east":  { "uv": [ 2.5, 1.75, 2.125, 1.875 ], "texture": "#texture" }
    }
},
{
    "__comment": "Flashbang",
    "from": [ 8, 14, 11 ],
    "to": [ 8.375, 14.125, 11.375 ],
    "faces": {
        "down":  { "uv": [ 5.75, 1.75, 5.375, 1.375 ], "texture": "#texture" },
        "north": { "uv": [ 4.375, 1.875, 4, 2 ], "texture": "#texture" },
        "south": { "uv": [ 4, 1.875, 4.375, 2 ], "texture": "#texture" },
        "west":  { "uv": [ 3, 1.875, 3.375, 2 ], "texture": "#texture" },
        "east":  { "uv": [ 3.375, 1.875, 3, 2 ], "texture": "#texture" }
    }
},
{
    "__comment": "Flashbang",
    "from": [ 8, 14.25, 11 ],
    "to": [ 8.375, 14.375, 11.375 ],
    "faces": {
        "up":    { "uv": [ 4, 3, 4.375, 3.375 ], "texture": "#texture" },
        "north": { "uv": [ 4.375, 1.625, 4, 1.75 ], "texture": "#texture" },
        "south": { "uv": [ 4, 1.625, 4.375, 1.75 ], "texture": "#texture" },
        "west":  { "uv": [ 3, 1.625, 3.375, 1.75 ], "texture": "#texture" },
        "east":  { "uv": [ 3.375, 1.625, 3, 1.75 ], "texture": "#texture" }
    }
},
{
    "__comment": "Flashbang",
    "from": [ 8.125, 13.875, 8 ],
    "to": [ 8.25, 14, 8.5 ],
    "faces": {
        "down":  { "uv": [ 11.875, 2.5, 11.75, 2 ], "texture": "#texture" },
        "up":    { "uv": [ 4.125, 2, 4.25, 2.5 ], "texture": "#texture" },
        "north": { "uv": [ 4.25, 2, 4.125, 2.125 ], "texture": "#texture" },
        "south": { "uv": [ 4.125, 2, 4.25, 2.125 ], "texture": "#texture" },
        "west":  { "uv": [ 2, 2, 2.5, 2.125 ], "texture": "#texture" },
        "east":  { "uv": [ 2.5, 2, 2, 2.125 ], "texture": "#texture" }
    }
},
{
    "__comment": "Flashbang",
    "from": [ 8.125, 14.25, 8 ],
    "to": [ 8.375, 14.375, 8.5 ],
    "faces": {
        "down":  { "uv": [ 11.875, 2.5, 11.625, 2 ], "texture": "#texture" },
        "up":    { "uv": [ 4.125, 2, 4.375, 2.5 ], "texture": "#texture" },
        "north": { "uv": [ 4.375, 1.625, 4.125, 1.75 ], "texture": "#texture" },
        "south": { "uv": [ 4.125, 1.625, 4.375, 1.75 ], "texture": "#texture" },
        "west":  { "uv": [ 2, 1.625, 2.5, 1.75 ], "texture": "#texture" },
        "east":  { "uv": [ 2.5, 1.625, 2, 1.75 ], "texture": "#texture" }
    }
},
{
    "__comment": "Flashbang",
    "from": [ 8.125, 13.875, 11 ],
    "to": [ 8.25, 14, 11.375 ],
    "faces": {
        "down":  { "uv": [ 4.6875, 2.125, 4.5625, 1.75 ], "texture": "#texture" },
        "north": { "uv": [ 4.25, 2, 4.125, 2.125 ], "texture": "#texture" },
        "south": { "uv": [ 4.125, 2, 4.25, 2.125 ], "texture": "#texture" },
        "west":  { "uv": [ 3, 2, 3.375, 2.125 ], "texture": "#texture" },
        "east":  { "uv": [ 3.375, 2, 3, 2.125 ], "texture": "#texture" }
    }
},
{
    "__comment": "Flashbang",
    "from": [ 8.125, 14.375, 11 ],
    "to": [ 8.25, 14.5, 11.375 ],
    "faces": {
        "up":    { "uv": [ 4.125, 3, 4.25, 3.375 ], "texture": "#texture" },
        "north": { "uv": [ 4.25, 1.5, 4.125, 1.625 ], "texture": "#texture" },
        "south": { "uv": [ 4.125, 1.5, 4.25, 1.625 ], "texture": "#texture" },
        "west":  { "uv": [ 3, 1.5, 3.375, 1.625 ], "texture": "#texture" },
        "east":  { "uv": [ 3.375, 1.5, 3, 1.625 ], "texture": "#texture" }
    }
},
{
    "__comment": "Flashbang",
    "from": [ 8.25, 14.375, 8.125 ],
    "to": [ 8.75, 14.625, 8.5 ],
    "faces": {
        "down":  { "uv": [ 11.75, 2.5, 11.25, 2.125 ], "texture": "#texture" },
        "up":    { "uv": [ 4.25, 2.125, 4.75, 2.5 ], "texture": "#texture" },
        "north": { "uv": [ 4.75, 1.375, 4.25, 1.625 ], "texture": "#texture" },
        "south": { "uv": [ 4.25, 1.375, 4.75, 1.625 ], "texture": "#texture" },
        "west":  { "uv": [ 2.125, 1.375, 2.5, 1.625 ], "texture": "#texture" },
        "east":  { "uv": [ 2.5, 1.375, 2.125, 1.625 ], "texture": "#texture" }
    }
},
{
    "__comment": "Flashbang",
    "from": [ 8.25, 14.375, 10.875 ],
    "to": [ 8.75, 14.625, 11.25 ],
    "faces": {
        "down":  { "uv": [ 5.625, 2.5, 5.125, 2.125 ], "texture": "#texture" },
        "up":    { "uv": [ 4.25, 2.875, 4.75, 3.25 ], "texture": "#texture" },
        "north": { "uv": [ 4.75, 1.375, 4.25, 1.625 ], "texture": "#texture" },
        "south": { "uv": [ 4.25, 1.375, 4.75, 1.625 ], "texture": "#texture" },
        "west":  { "uv": [ 2.875, 1.375, 3.25, 1.625 ], "texture": "#texture" },
        "east":  { "uv": [ 3.25, 1.375, 2.875, 1.625 ], "texture": "#texture" }
    }
},
{
    "__comment": "Flashbang",
    "from": [ 8.375, 14.125, 8 ],
    "to": [ 8.5, 14.25, 8.125 ],
    "faces": {
        "down":  { "uv": [ 11.625, 2.125, 11.5, 2 ], "texture": "#texture" },
        "up":    { "uv": [ 4.375, 2, 4.5, 2.125 ], "texture": "#texture" },
        "north": { "uv": [ 4.5, 1.75, 4.375, 1.875 ], "texture": "#texture" },
        "east":  { "uv": [ 2.125, 1.75, 2, 1.875 ], "texture": "#texture" }
    }
},
{
    "__comment": "Flashbang",
    "from": [ 8.375, 14.25, 8.125 ],
    "to": [ 8.625, 14.375, 8.5 ],
    "faces": {
        "down":  { "uv": [ 11.625, 2.5, 11.375, 2.125 ], "texture": "#texture" },
        "north": { "uv": [ 4.625, 1.625, 4.375, 1.75 ], "texture": "#texture" },
        "south": { "uv": [ 4.375, 1.625, 4.625, 1.75 ], "texture": "#texture" },
        "east":  { "uv": [ 2.5, 1.625, 2.125, 1.75 ], "texture": "#texture" }
    }
},
{
    "__comment": "Flashbang",
    "from": [ 8.375, 14.625, 8.125 ],
    "to": [ 8.625, 14.75, 8.5 ],
    "faces": {
        "up":    { "uv": [ 4.375, 2.125, 4.625, 2.5 ], "texture": "#texture" },
        "north": { "uv": [ 4.625, 1.25, 4.375, 1.375 ], "texture": "#texture" },
        "south": { "uv": [ 4.375, 1.25, 4.625, 1.375 ], "texture": "#texture" },
        "west":  { "uv": [ 2.125, 1.25, 2.5, 1.375 ], "texture": "#texture" },
        "east":  { "uv": [ 2.5, 1.25, 2.125, 1.375 ], "texture": "#texture" }
    }
},
{
    "__comment": "Flashbang",
    "from": [ 8.375, 14.25, 10.875 ],
    "to": [ 8.625, 14.375, 11.25 ],
    "faces": {
        "down":  { "uv": [ 6.375, 2, 6.125, 1.625 ], "texture": "#texture" },
        "north": { "uv": [ 4.625, 1.625, 4.375, 1.75 ], "texture": "#texture" },
        "south": { "uv": [ 4.375, 1.625, 4.625, 1.75 ], "texture": "#texture" },
        "west":  { "uv": [ 2.875, 1.625, 3.25, 1.75 ], "texture": "#texture" },
        "east":  { "uv": [ 3.25, 1.625, 2.875, 1.75 ], "texture": "#texture" }
    }
},
{
    "__comment": "Flashbang",
    "from": [ 8.375, 14.625, 10.875 ],
    "to": [ 8.625, 14.75, 11.25 ],
    "faces": {
        "up":    { "uv": [ 4.375, 2.875, 4.625, 3.25 ], "texture": "#texture" },
        "north": { "uv": [ 4.625, 1.25, 4.375, 1.375 ], "texture": "#texture" },
        "south": { "uv": [ 4.375, 1.25, 4.625, 1.375 ], "texture": "#texture" },
        "west":  { "uv": [ 2.875, 1.25, 3.25, 1.375 ], "texture": "#texture" },
        "east":  { "uv": [ 3.25, 1.25, 2.875, 1.375 ], "texture": "#texture" }
    }
},
{
    "__comment": "Flashbang",
    "from": [ 8.5, 14.75, 8.375 ],
    "to": [ 9, 14.875, 8.75 ],
    "faces": {
        "down":  { "uv": [ 11.5, 2.75, 11, 2.375 ], "texture": "#texture" },
        "up":    { "uv": [ 4.5, 2.375, 5, 2.75 ], "texture": "#texture" },
        "north": { "uv": [ 5, 1.125, 4.5, 1.25 ], "texture": "#texture" },
        "south": { "uv": [ 4.5, 1.125, 5, 1.25 ], "texture": "#texture" },
        "west":  { "uv": [ 2.375, 1.125, 2.75, 1.25 ], "texture": "#texture" },
        "east":  { "uv": [ 2.75, 1.125, 2.375, 1.25 ], "texture": "#texture" }
    }
},
{
    "__comment": "Flashbang",
    "from": [ 8.5, 14.75, 10.625 ],
    "to": [ 9, 14.875, 11 ],
    "faces": {
        "down":  { "uv": [ 11.5, 3, 11, 2.625 ], "texture": "#texture" },
        "up":    { "uv": [ 4.5, 2.625, 5, 3 ], "texture": "#texture" },
        "north": { "uv": [ 5, 1.125, 4.5, 1.25 ], "texture": "#texture" },
        "south": { "uv": [ 4.5, 1.125, 5, 1.25 ], "texture": "#texture" },
        "west":  { "uv": [ 2.625, 1.125, 3, 1.25 ], "texture": "#texture" },
        "east":  { "uv": [ 3, 1.125, 2.625, 1.25 ], "texture": "#texture" }
    }
},
{
    "__comment": "Flashbang",
    "from": [ 8.625, 14.625, 8.375 ],
    "to": [ 9, 14.75, 8.75 ],
    "faces": {
        "down":  { "uv": [ 11.375, 2.75, 11, 2.375 ], "texture": "#texture" },
        "north": { "uv": [ 5, 1.25, 4.625, 1.375 ], "texture": "#texture" },
        "south": { "uv": [ 4.625, 1.25, 5, 1.375 ], "texture": "#texture" },
        "west":  { "uv": [ 2.375, 1.25, 2.75, 1.375 ], "texture": "#texture" },
        "east":  { "uv": [ 2.75, 1.25, 2.375, 1.375 ], "texture": "#texture" }
    }
},
{
    "__comment": "Flashbang",
    "from": [ 8.625, 14.875, 8.375 ],
    "to": [ 8.875, 15, 8.75 ],
    "faces": {
        "up":    { "uv": [ 4.625, 2.375, 4.875, 2.75 ], "texture": "#texture" },
        "north": { "uv": [ 4.875, 1, 4.625, 1.125 ], "texture": "#texture" },
        "south": { "uv": [ 4.625, 1, 4.875, 1.125 ], "texture": "#texture" },
        "west":  { "uv": [ 2.375, 1, 2.75, 1.125 ], "texture": "#texture" },
        "east":  { "uv": [ 2.75, 1, 2.375, 1.125 ], "texture": "#texture" }
    }
},
{
    "__comment": "Flashbang",
    "from": [ 8.625, 14.625, 10.625 ],
    "to": [ 9, 14.75, 11 ],
    "faces": {
        "down":  { "uv": [ 5.3125, 2.75, 4.9375, 2.375 ], "texture": "#texture" },
        "north": { "uv": [ 5, 1.25, 4.625, 1.375 ], "texture": "#texture" },
        "south": { "uv": [ 4.625, 1.25, 5, 1.375 ], "texture": "#texture" },
        "west":  { "uv": [ 2.625, 1.25, 3, 1.375 ], "texture": "#texture" },
        "east":  { "uv": [ 3, 1.25, 2.625, 1.375 ], "texture": "#texture" }
    }
},
{
    "__comment": "Flashbang",
    "from": [ 8.625, 14.875, 10.625 ],
    "to": [ 8.875, 15, 11 ],
    "faces": {
        "up":    { "uv": [ 4.625, 2.625, 4.875, 3 ], "texture": "#texture" },
        "north": { "uv": [ 4.875, 1, 4.625, 1.125 ], "texture": "#texture" },
        "south": { "uv": [ 4.625, 1, 4.875, 1.125 ], "texture": "#texture" },
        "west":  { "uv": [ 2.625, 1, 3, 1.125 ], "texture": "#texture" },
        "east":  { "uv": [ 3, 1, 2.625, 1.125 ], "texture": "#texture" }
    }
},
{
    "__comment": "Flashbang",
    "from": [ 8.75, 14.5, 8.375 ],
    "to": [ 8.875, 14.625, 8.75 ],
    "faces": {
        "down":  { "uv": [ 11.25, 2.75, 11.125, 2.375 ], "texture": "#texture" },
        "north": { "uv": [ 4.875, 1.375, 4.75, 1.5 ], "texture": "#texture" },
        "south": { "uv": [ 4.75, 1.375, 4.875, 1.5 ], "texture": "#texture" },
        "west":  { "uv": [ 2.375, 1.375, 2.75, 1.5 ], "texture": "#texture" },
        "east":  { "uv": [ 2.75, 1.375, 2.375, 1.5 ], "texture": "#texture" }
    }
},
{
    "__comment": "Flashbang",
    "from": [ 8.75, 15, 8.625 ],
    "to": [ 9.375, 15.125, 9.125 ],
    "faces": {
        "down":  { "uv": [ 5.375, 2.375, 4.75, 1.875 ], "texture": "#texture" },
        "up":    { "uv": [ 4.75, 2.625, 5.375, 3.125 ], "texture": "#texture" },
        "north": { "uv": [ 5.375, 0.875, 4.75, 1 ], "texture": "#texture" },
        "west":  { "uv": [ 2.625, 0.875, 3.125, 1 ], "texture": "#texture" },
        "east":  { "uv": [ 3.125, 0.875, 2.625, 1 ], "texture": "#texture" }
    }
},
{
    "__comment": "Flashbang",
    "from": [ 8.75, 15, 9.875 ],
    "to": [ 9.25, 15.5, 10 ],
    "faces": {
        "down":  { "uv": [ 11.25, 2, 10.75, 1.875 ], "texture": "#texture" },
        "up":    { "uv": [ 4.75, 1.875, 5.25, 2 ], "texture": "#texture" },
        "north": { "uv": [ 5.25, 0.5, 4.75, 1 ], "texture": "#texture" },
        "south": { "uv": [ 4.75, 0.5, 5.25, 1 ], "texture": "#texture" },
        "west":  { "uv": [ 1.875, 0.5, 2, 1 ], "texture": "#texture" },
        "east":  { "uv": [ 2, 0.5, 1.875, 1 ], "texture": "#texture" }
    }
},
{
    "__comment": "Flashbang",
    "from": [ 8.75, 15, 10.375 ],
    "to": [ 9.375, 15.125, 10.75 ],
    "faces": {
        "down":  { "uv": [ 5.375, 2.3125, 4.75, 1.9375 ], "texture": "#texture" },
        "up":    { "uv": [ 4.75, 2.375, 5.375, 2.75 ], "texture": "#texture" },
        "north": { "uv": [ 5.375, 0.875, 4.75, 1 ], "texture": "#texture" },
        "south": { "uv": [ 4.75, 0.875, 5.375, 1 ], "texture": "#texture" },
        "west":  { "uv": [ 2.375, 0.875, 2.75, 1 ], "texture": "#texture" },
        "east":  { "uv": [ 2.75, 0.875, 2.375, 1 ], "texture": "#texture" }
    }
},
{
    "__comment": "Flashbang",
    "from": [ 8.75, 14.5, 10.625 ],
    "to": [ 8.875, 14.625, 11 ],
    "faces": {
        "down":  { "uv": [ 6.0625, 2.6875, 5.9375, 2.3125 ], "texture": "#texture" },
        "north": { "uv": [ 4.875, 1.375, 4.75, 1.5 ], "texture": "#texture" },
        "south": { "uv": [ 4.75, 1.375, 4.875, 1.5 ], "texture": "#texture" },
        "west":  { "uv": [ 2.625, 1.375, 3, 1.5 ], "texture": "#texture" },
        "east":  { "uv": [ 3, 1.375, 2.625, 1.5 ], "texture": "#texture" }
    }
},
{
    "__comment": "Flashbang",
    "from": [ 8.875, 14.875, 8.625 ],
    "to": [ 9.25, 15, 9.125 ],
    "faces": {
        "down":  { "uv": [ 4.5625, 2.9375, 4.1875, 2.4375 ], "texture": "#texture" },
        "north": { "uv": [ 5.25, 1, 4.875, 1.125 ], "texture": "#texture" },
        "west":  { "uv": [ 2.625, 1, 3.125, 1.125 ], "texture": "#texture" },
        "east":  { "uv": [ 3.125, 1, 2.625, 1.125 ], "texture": "#texture" }
    }
},
{
    "__comment": "Flashbang",
    "from": [ 8.875, 15.125, 8.625 ],
    "to": [ 9.25, 15.25, 9.125 ],
    "faces": {
        "up":    { "uv": [ 4.875, 2.625, 5.25, 3.125 ], "texture": "#texture" },
        "north": { "uv": [ 5.25, 0.75, 4.875, 0.875 ], "texture": "#texture" },
        "west":  { "uv": [ 2.625, 0.75, 3.125, 0.875 ], "texture": "#texture" },
        "east":  { "uv": [ 3.125, 0.75, 2.625, 0.875 ], "texture": "#texture" }
    }
},
{
    "__comment": "Flashbang",
    "from": [ 8.875, 14.875, 10.375 ],
    "to": [ 9.25, 15, 10.75 ],
    "faces": {
        "down":  { "uv": [ 4.9375, 2.625, 4.5625, 2.25 ], "texture": "#texture" },
        "north": { "uv": [ 5.25, 1, 4.875, 1.125 ], "texture": "#texture" },
        "south": { "uv": [ 4.875, 1, 5.25, 1.125 ], "texture": "#texture" },
        "west":  { "uv": [ 2.375, 1, 2.75, 1.125 ], "texture": "#texture" },
        "east":  { "uv": [ 2.75, 1, 2.375, 1.125 ], "texture": "#texture" }
    }
},
{
    "__comment": "Flashbang",
    "from": [ 8.875, 15.125, 10.375 ],
    "to": [ 9.25, 15.25, 10.75 ],
    "faces": {
        "up":    { "uv": [ 4.875, 2.375, 5.25, 2.75 ], "texture": "#texture" },
        "north": { "uv": [ 5.25, 0.75, 4.875, 0.875 ], "texture": "#texture" },
        "south": { "uv": [ 4.875, 0.75, 5.25, 0.875 ], "texture": "#texture" },
        "west":  { "uv": [ 2.375, 0.75, 2.75, 0.875 ], "texture": "#texture" },
        "east":  { "uv": [ 2.75, 0.75, 2.375, 0.875 ], "texture": "#texture" }
    }
},
{
    "__comment": "Flashbang",
    "from": [ 9, 14.75, 8.625 ],
    "to": [ 9.125, 14.875, 9.125 ],
    "faces": {
        "down":  { "uv": [ 11, 3.125, 10.875, 2.625 ], "texture": "#texture" },
        "north": { "uv": [ 5.125, 1.125, 5, 1.25 ], "texture": "#texture" },
        "south": { "uv": [ 5, 1.125, 5.125, 1.25 ], "texture": "#texture" },
        "west":  { "uv": [ 2.625, 1.125, 3.125, 1.25 ], "texture": "#texture" },
        "east":  { "uv": [ 3.125, 1.125, 2.625, 1.25 ], "texture": "#texture" }
    }
},
{
    "__comment": "Flashbang",
    "from": [ 9, 15.25, 8.625 ],
    "to": [ 9.125, 15.375, 9.125 ],
    "faces": {
        "up":    { "uv": [ 5, 2.625, 5.125, 3.125 ], "texture": "#texture" },
        "north": { "uv": [ 5.125, 0.625, 5, 0.75 ], "texture": "#texture" },
        "west":  { "uv": [ 2.625, 0.625, 3.125, 0.75 ], "texture": "#texture" },
        "east":  { "uv": [ 3.125, 0.625, 2.625, 0.75 ], "texture": "#texture" }
    }
},
{
    "__comment": "Flashbang",
    "from": [ 9, 15.125, 10 ],
    "to": [ 9.375, 15.375, 10.375 ],
    "faces": {
        "down":  { "uv": [ 11, 2.375, 10.625, 2 ], "texture": "#texture" },
        "up":    { "uv": [ 5, 2, 5.375, 2.375 ], "texture": "#texture" },
        "north": { "uv": [ 5.375, 0.625, 5, 0.875 ], "texture": "#texture" },
        "south": { "uv": [ 5, 0.625, 5.375, 0.875 ], "texture": "#texture" },
        "west":  { "uv": [ 2, 0.625, 2.375, 0.875 ], "texture": "#texture" },
        "east":  { "uv": [ 2.375, 0.625, 2, 0.875 ], "texture": "#texture" }
    }
},
{
    "__comment": "Flashbang",
    "from": [ 9, 14.75, 10.375 ],
    "to": [ 9.125, 14.875, 10.75 ],
    "faces": {
        "down":  { "uv": [ 5.25, 2.3125, 5.125, 1.9375 ], "texture": "#texture" },
        "north": { "uv": [ 5.125, 1.125, 5, 1.25 ], "texture": "#texture" },
        "south": { "uv": [ 5, 1.125, 5.125, 1.25 ], "texture": "#texture" },
        "west":  { "uv": [ 2.375, 1.125, 2.75, 1.25 ], "texture": "#texture" },
        "east":  { "uv": [ 2.75, 1.125, 2.375, 1.25 ], "texture": "#texture" }
    }
},
{
    "__comment": "Flashbang",
    "from": [ 9, 15.25, 10.375 ],
    "to": [ 9.125, 15.375, 10.75 ],
    "faces": {
        "up":    { "uv": [ 5, 2.375, 5.125, 2.75 ], "texture": "#texture" },
        "south": { "uv": [ 5, 0.625, 5.125, 0.75 ], "texture": "#texture" },
        "west":  { "uv": [ 2.375, 0.625, 2.75, 0.75 ], "texture": "#texture" },
        "east":  { "uv": [ 2.75, 0.625, 2.375, 0.75 ], "texture": "#texture" }
    }
},
{
    "__comment": "Flashbang",
    "from": [ 9.125, 15, 10 ],
    "to": [ 9.375, 15.125, 10.375 ],
    "faces": {
        "down":  { "uv": [ 10.875, 2.375, 10.625, 2 ], "texture": "#texture" },
        "north": { "uv": [ 5.375, 0.875, 5.125, 1 ], "texture": "#texture" },
        "west":  { "uv": [ 2, 0.875, 2.375, 1 ], "texture": "#texture" },
        "east":  { "uv": [ 2.375, 0.875, 2, 1 ], "texture": "#texture" }
    }
},
{
    "__comment": "Flashbang",
    "from": [ 9.125, 15.375, 10 ],
    "to": [ 9.25, 15.5, 10.375 ],
    "faces": {
        "up":    { "uv": [ 5.125, 2, 5.25, 2.375 ], "texture": "#texture" },
        "south": { "uv": [ 5.125, 0.5, 5.25, 0.625 ], "texture": "#texture" },
        "west":  { "uv": [ 2, 0.5, 2.375, 0.625 ], "texture": "#texture" },
        "east":  { "uv": [ 2.375, 0.5, 2, 0.625 ], "texture": "#texture" }
    }
},
{
    "__comment": "Flashbang",
    "from": [ 9.25, 15, 9.875 ],
    "to": [ 9.375, 15.375, 10 ],
    "faces": {
        "down":  { "uv": [ 10.75, 2, 10.625, 1.875 ], "texture": "#texture" },
        "up":    { "uv": [ 5.25, 1.875, 5.375, 2 ], "texture": "#texture" },
        "north": { "uv": [ 5.375, 0.625, 5.25, 1 ], "texture": "#texture" },
        "south": { "uv": [ 5.25, 0.625, 5.375, 1 ], "texture": "#texture" },
        "east":  { "uv": [ 2, 0.625, 1.875, 1 ], "texture": "#texture" }
    }
},
{
    "__comment": "Flashbang",
    "from": [ 9.375, 15.125, 9.875 ],
    "to": [ 9.5, 15.25, 10.375 ],
    "faces": {
        "down":  { "uv": [ 10.625, 2.375, 10.5, 1.875 ], "texture": "#texture" },
        "up":    { "uv": [ 5.375, 1.875, 5.5, 2.375 ], "texture": "#texture" },
        "north": { "uv": [ 5.5, 0.75, 5.375, 0.875 ], "texture": "#texture" },
        "south": { "uv": [ 5.375, 0.75, 5.5, 0.875 ], "texture": "#texture" },
        "west":  { "uv": [ 1.875, 0.75, 2.375, 0.875 ], "texture": "#texture" },
        "east":  { "uv": [ 2.375, 0.75, 1.875, 0.875 ], "texture": "#texture" }
    }
},
{
    "__comment": "Flashbang",
    "from": [ 7.875, 0, 9.25 ],
    "to": [ 12.625, 1.75, 9.625 ],
    "faces": {
        "down":  { "uv": [ 8.1875, 10.875, 3.4375, 10.5 ], "texture": "#texture" },
        "up":    { "uv": [ 4.625, 11.1875, 9.375, 11.5625 ], "texture": "#texture" },
        "north": { "uv": [ 12.625, 14.25, 7.875, 16 ], "texture": "#texture" },
        "south": { "uv": [ 7.875, 14.25, 12.625, 16 ], "texture": "#texture" },
        "west":  { "uv": [ 9.25, 14.25, 9.625, 16 ], "texture": "#texture" },
        "east":  { "uv": [ 9.625, 14.25, 9.25, 16 ], "texture": "#texture" }
    }
},
{
    "__comment": "Flashbang",
    "from": [ 7.875, 11.875, 9.25 ],
    "to": [ 12.625, 13.625, 9.625 ],
    "faces": {
        "down":  { "uv": [ 8.1875, 11.875, 3.4375, 11.5 ], "texture": "#texture" },
        "up":    { "uv": [ 5.0625, 5.6875, 9.8125, 6.0625 ], "texture": "#texture" },
        "north": { "uv": [ 8.625, 11.1875, 3.875, 12.9375 ], "texture": "#texture" },
        "south": { "uv": [ 7.25, 4.1875, 12, 5.9375 ], "texture": "#texture" },
        "west":  { "uv": [ 9.25, 2.375, 9.625, 4.125 ], "texture": "#texture" },
        "east":  { "uv": [ 9.625, 2.375, 9.25, 4.125 ], "texture": "#texture" }
    }
},
{
    "__comment": "Flashbang",
    "from": [ 8, 0, 8.875 ],
    "to": [ 12.375, 1.75, 9.25 ],
    "faces": {
        "down":  { "uv": [ 8.1875, 11.375, 3.8125, 11 ], "texture": "#texture" },
        "up":    { "uv": [ 4.625, 6.375, 9, 6.75 ], "texture": "#texture" },
        "north": { "uv": [ 12.375, 14.25, 8, 16 ], "texture": "#texture" },
        "west":  { "uv": [ 8.875, 14.25, 9.25, 16 ], "texture": "#texture" },
        "east":  { "uv": [ 9.25, 14.25, 8.875, 16 ], "texture": "#texture" }
    }
},
{
    "__comment": "Flashbang",
    "from": [ 8, 11.875, 8.875 ],
    "to": [ 12.375, 13.625, 9.25 ],
    "faces": {
        "down":  { "uv": [ 7.875, 7.1875, 3.5, 6.8125 ], "texture": "#texture" },
        "up":    { "uv": [ 5.875, 11.8125, 10.25, 12.1875 ], "texture": "#texture" },
        "north": { "uv": [ 12, 4.1875, 7.625, 5.9375 ], "texture": "#texture" },
        "west":  { "uv": [ 8.875, 2.375, 9.25, 4.125 ], "texture": "#texture" },
        "east":  { "uv": [ 9.25, 2.375, 8.875, 4.125 ], "texture": "#texture" }
    }
},
{
    "__comment": "Flashbang",
    "from": [ 8, 0, 9.625 ],
    "to": [ 12.375, 1.75, 10 ],
    "faces": {
        "down":  { "uv": [ 7.9375, 11.1875, 3.5625, 10.8125 ], "texture": "#texture" },
        "up":    { "uv": [ 6.375, 6.125, 10.75, 6.5 ], "texture": "#texture" },
        "south": { "uv": [ 8, 14.25, 12.375, 16 ], "texture": "#texture" },
        "west":  { "uv": [ 9.625, 14.25, 10, 16 ], "texture": "#texture" },
        "east":  { "uv": [ 10, 14.25, 9.625, 16 ], "texture": "#texture" }
    }
},
{
    "__comment": "Flashbang",
    "from": [ 8, 11.875, 9.625 ],
    "to": [ 12.375, 13.625, 10 ],
    "faces": {
        "down":  { "uv": [ 8.375, 11.625, 4, 11.25 ], "texture": "#texture" },
        "up":    { "uv": [ 5.4375, 6.25, 9.8125, 6.625 ], "texture": "#texture" },
        "south": { "uv": [ 6.8125, 2.6875, 11.1875, 4.4375 ], "texture": "#texture" },
        "west":  { "uv": [ 9.625, 2.375, 10, 4.125 ], "texture": "#texture" },
        "east":  { "uv": [ 10, 2.375, 9.625, 4.125 ], "texture": "#texture" }
    }
},
{
    "__comment": "Flashbang",
    "from": [ 8.25, 0, 8.5 ],
    "to": [ 12.125, 1.75, 8.875 ],
    "faces": {
        "down":  { "uv": [ 8.375, 11.875, 4.5, 11.5 ], "texture": "#texture" },
        "up":    { "uv": [ 6.875, 5.125, 10.75, 5.5 ], "texture": "#texture" },
        "north": { "uv": [ 12.125, 14.25, 8.25, 16 ], "texture": "#texture" },
        "west":  { "uv": [ 8.5, 14.25, 8.875, 16 ], "texture": "#texture" },
        "east":  { "uv": [ 8.875, 14.25, 8.5, 16 ], "texture": "#texture" }
    }
},
{
    "__comment": "Flashbang",
    "from": [ 8.25, 11.875, 8.5 ],
    "to": [ 12.125, 13.625, 8.875 ],
    "faces": {
        "down":  { "uv": [ 9, 6.5, 5.125, 6.125 ], "texture": "#texture" },
        "up":    { "uv": [ 7.375, 11.3125, 11.25, 11.6875 ], "texture": "#texture" },
        "north": { "uv": [ 11.375, 3.4375, 7.5, 5.1875 ], "texture": "#texture" },
        "west":  { "uv": [ 8.5, 2.375, 8.875, 4.125 ], "texture": "#texture" },
        "east":  { "uv": [ 8.875, 2.375, 8.5, 4.125 ], "texture": "#texture" }
    }
},
{
    "__comment": "Flashbang",
    "from": [ 8.25, 1.75, 9.25 ],
    "to": [ 12.25, 2, 9.625 ],
    "faces": {
        "up":    { "uv": [ 7.5, 10.75, 11.5, 11.125 ], "texture": "#texture" },
        "north": { "uv": [ 12.25, 14, 8.25, 14.25 ], "texture": "#texture" },
        "south": { "uv": [ 8.25, 14, 12.25, 14.25 ], "texture": "#texture" },
        "west":  { "uv": [ 9.25, 14, 9.625, 14.25 ], "texture": "#texture" },
        "east":  { "uv": [ 9.625, 14, 9.25, 14.25 ], "texture": "#texture" }
    }
},
{
    "__comment": "Flashbang",
    "from": [ 8.25, 11.5, 9.25 ],
    "to": [ 12.25, 11.875, 9.625 ],
    "faces": {
        "down":  { "uv": [ 7.75, 10.9375, 3.75, 10.5625 ], "texture": "#texture" },
        "north": { "uv": [ 12.25, 4.125, 8.25, 4.5 ], "texture": "#texture" },
        "south": { "uv": [ 8.25, 4.125, 12.25, 4.5 ], "texture": "#texture" },
        "west":  { "uv": [ 9.25, 4.125, 9.625, 4.5 ], "texture": "#texture" },
        "east":  { "uv": [ 9.625, 4.125, 9.25, 4.5 ], "texture": "#texture" }
    }
},
{
    "__comment": "Flashbang",
    "from": [ 8.25, 0, 10 ],
    "to": [ 12.125, 1.75, 10.375 ],
    "faces": {
        "down":  { "uv": [ 8, 11.3125, 4.125, 10.9375 ], "texture": "#texture" },
        "up":    { "uv": [ 7.0625, 10.8125, 10.9375, 11.1875 ], "texture": "#texture" },
        "south": { "uv": [ 8.25, 14.25, 12.125, 16 ], "texture": "#texture" },
        "west":  { "uv": [ 10, 14.25, 10.375, 16 ], "texture": "#texture" },
        "east":  { "uv": [ 10.375, 14.25, 10, 16 ], "texture": "#texture" }
    }
},
{
    "__comment": "Flashbang",
    "from": [ 8.25, 11.875, 10 ],
    "to": [ 12.125, 13.625, 10.375 ],
    "faces": {
        "down":  { "uv": [ 7.875, 11.75, 4, 11.375 ], "texture": "#texture" },
        "up":    { "uv": [ 7.8125, 10.8125, 11.6875, 11.1875 ], "texture": "#texture" },
        "south": { "uv": [ 7.625, 3, 11.5, 4.75 ], "texture": "#texture" },
        "west":  { "uv": [ 10, 2.375, 10.375, 4.125 ], "texture": "#texture" },
        "east":  { "uv": [ 10.375, 2.375, 10, 4.125 ], "texture": "#texture" }
    }
},
{
    "__comment": "Flashbang",
    "from": [ 8.5, 0, 8.125 ],
    "to": [ 12, 1.75, 8.5 ],
    "faces": {
        "down":  { "uv": [ 6.875, 6.125, 3.375, 5.75 ], "texture": "#texture" },
        "up":    { "uv": [ 6.75, 6.4375, 10.25, 6.8125 ], "texture": "#texture" },
        "north": { "uv": [ 12, 14.25, 8.5, 16 ], "texture": "#texture" },
        "west":  { "uv": [ 8.125, 14.25, 8.5, 16 ], "texture": "#texture" },
        "east":  { "uv": [ 8.5, 14.25, 8.125, 16 ], "texture": "#texture" }
    }
},
{
    "__comment": "Flashbang",
    "from": [ 8.5, 11.875, 8.125 ],
    "to": [ 12, 13.625, 8.5 ],
    "faces": {
        "down":  { "uv": [ 8.0625, 11.5625, 4.5625, 11.1875 ], "texture": "#texture" },
        "up":    { "uv": [ 8.1875, 6.6875, 11.6875, 7.0625 ], "texture": "#texture" },
        "north": { "uv": [ 11, 2.75, 7.5, 4.5 ], "texture": "#texture" },
        "west":  { "uv": [ 8.125, 2.375, 8.5, 4.125 ], "texture": "#texture" },
        "east":  { "uv": [ 8.5, 2.375, 8.125, 4.125 ], "texture": "#texture" }
    }
},
{
    "__comment": "Flashbang",
    "from": [ 8.5, 1.75, 8.875 ],
    "to": [ 12, 2, 9.25 ],
    "faces": {
        "up":    { "uv": [ 6.375, 10.625, 9.875, 11 ], "texture": "#texture" },
        "north": { "uv": [ 12, 14, 8.5, 14.25 ], "texture": "#texture" },
        "west":  { "uv": [ 8.875, 14, 9.25, 14.25 ], "texture": "#texture" },
        "east":  { "uv": [ 9.25, 14, 8.875, 14.25 ], "texture": "#texture" }
    }
},
{
    "__comment": "Flashbang",
    "from": [ 8.5, 11.5, 8.875 ],
    "to": [ 12, 11.875, 9.25 ],
    "faces": {
        "down":  { "uv": [ 7.25, 10.9375, 3.75, 10.5625 ], "texture": "#texture" },
        "north": { "uv": [ 12, 4.125, 8.5, 4.5 ], "texture": "#texture" },
        "west":  { "uv": [ 8.875, 4.125, 9.25, 4.5 ], "texture": "#texture" },
        "east":  { "uv": [ 9.25, 4.125, 8.875, 4.5 ], "texture": "#texture" }
    }
},
{
    "__comment": "Flashbang",
    "from": [ 8.5, 2, 9.25 ],
    "to": [ 12, 11.5, 9.625 ],
    "faces": {
        "north": { "uv": [ 10.875, 4.5, 7.375, 14 ], "texture": "#texture" },
        "south": { "uv": [ 7.5, 4.5, 11, 14 ], "texture": "#texture" },
        "west":  { "uv": [ 9.25, 4.5, 9.625, 14 ], "texture": "#texture" },
        "east":  { "uv": [ 9.625, 4.5, 9.25, 14 ], "texture": "#texture" }
    }
},
{
    "__comment": "Flashbang",
    "from": [ 8.5, 1.75, 9.625 ],
    "to": [ 12, 2, 10 ],
    "faces": {
        "up":    { "uv": [ 7.4375, 10.875, 10.9375, 11.25 ], "texture": "#texture" },
        "south": { "uv": [ 8.5, 14, 12, 14.25 ], "texture": "#texture" },
        "west":  { "uv": [ 9.625, 14, 10, 14.25 ], "texture": "#texture" },
        "east":  { "uv": [ 10, 14, 9.625, 14.25 ], "texture": "#texture" }
    }
},
{
    "__comment": "Flashbang",
    "from": [ 8.5, 11.5, 9.625 ],
    "to": [ 12, 11.875, 10 ],
    "faces": {
        "down":  { "uv": [ 7.75, 11, 4.25, 10.625 ], "texture": "#texture" },
        "south": { "uv": [ 8.5, 4.125, 12, 4.5 ], "texture": "#texture" },
        "west":  { "uv": [ 9.625, 4.125, 10, 4.5 ], "texture": "#texture" },
        "east":  { "uv": [ 10, 4.125, 9.625, 4.5 ], "texture": "#texture" }
    }
},
{
    "__comment": "Flashbang",
    "from": [ 8.5, 0, 10.375 ],
    "to": [ 12, 1.75, 10.75 ],
    "faces": {
        "down":  { "uv": [ 7.5, 11, 4, 10.625 ], "texture": "#texture" },
        "up":    { "uv": [ 8, 10.625, 11.5, 11 ], "texture": "#texture" },
        "south": { "uv": [ 8.5, 14.25, 12, 16 ], "texture": "#texture" },
        "west":  { "uv": [ 10.375, 14.25, 10.75, 16 ], "texture": "#texture" },
        "east":  { "uv": [ 10.75, 14.25, 10.375, 16 ], "texture": "#texture" }
    }
},
{
    "__comment": "Flashbang",
    "from": [ 8.5, 11.875, 10.375 ],
    "to": [ 12, 13.625, 10.75 ],
    "faces": {
        "down":  { "uv": [ 7.625, 11.0625, 4.125, 10.6875 ], "texture": "#texture" },
        "up":    { "uv": [ 7.625, 10.6875, 11.125, 11.0625 ], "texture": "#texture" },
        "south": { "uv": [ 7.75, 2.875, 11.25, 4.625 ], "texture": "#texture" },
        "west":  { "uv": [ 10.375, 2.375, 10.75, 4.125 ], "texture": "#texture" },
        "east":  { "uv": [ 10.75, 2.375, 10.375, 4.125 ], "texture": "#texture" }
    }
},
{
    "__comment": "Flashbang",
    "from": [ 8.75, 0, 7.75 ],
    "to": [ 11.75, 1.75, 8.125 ],
    "faces": {
        "down":  { "uv": [ 7.75, 6.5, 4.75, 6.125 ], "texture": "#texture" },
        "up":    { "uv": [ 8.5, 6.5, 11.5, 6.875 ], "texture": "#texture" },
        "north": { "uv": [ 11.75, 14.25, 8.75, 16 ], "texture": "#texture" },
        "west":  { "uv": [ 7.75, 14.25, 8.125, 16 ], "texture": "#texture" },
        "east":  { "uv": [ 8.125, 14.25, 7.75, 16 ], "texture": "#texture" }
    }
},
{
    "__comment": "Flashbang",
    "from": [ 8.75, 11.875, 7.75 ],
    "to": [ 11.75, 13.625, 8.125 ],
    "faces": {
        "down":  { "uv": [ 7.625, 6.625, 4.625, 6.25 ], "texture": "#texture" },
        "up":    { "uv": [ 8.5625, 6.8125, 11.5625, 7.1875 ], "texture": "#texture" },
        "north": { "uv": [ 11, 3.5, 8, 5.25 ], "texture": "#texture" },
        "west":  { "uv": [ 7.75, 2.375, 8.125, 4.125 ], "texture": "#texture" },
        "east":  { "uv": [ 8.125, 2.375, 7.75, 4.125 ], "texture": "#texture" }
    }
},
{
    "__comment": "Flashbang",
    "from": [ 8.75, 1.75, 8.5 ],
    "to": [ 11.75, 2, 8.875 ],
    "faces": {
        "up":    { "uv": [ 7.25, 6.75, 10.25, 7.125 ], "texture": "#texture" },
        "north": { "uv": [ 11.75, 14, 8.75, 14.25 ], "texture": "#texture" },
        "west":  { "uv": [ 8.5, 14, 8.875, 14.25 ], "texture": "#texture" },
        "east":  { "uv": [ 8.875, 14, 8.5, 14.25 ], "texture": "#texture" }
    }
},
{
    "__comment": "Flashbang",
    "from": [ 8.75, 11.5, 8.5 ],
    "to": [ 11.75, 11.875, 8.875 ],
    "faces": {
        "down":  { "uv": [ 6.875, 6.625, 3.875, 6.25 ], "texture": "#texture" },
        "north": { "uv": [ 11.75, 4.125, 8.75, 4.5 ], "texture": "#texture" },
        "west":  { "uv": [ 8.5, 4.125, 8.875, 4.5 ], "texture": "#texture" },
        "east":  { "uv": [ 8.875, 4.125, 8.5, 4.5 ], "texture": "#texture" }
    }
},
{
    "__comment": "Flashbang",
    "from": [ 8.75, 2, 8.875 ],
    "to": [ 11.75, 11.5, 9.25 ],
    "faces": {
        "north": { "uv": [ 10.8125, 4.5, 7.8125, 14 ], "texture": "#texture" },
        "west":  { "uv": [ 8.875, 4.5, 9.25, 14 ], "texture": "#texture" },
        "east":  { "uv": [ 9.25, 4.5, 8.875, 14 ], "texture": "#texture" }
    }
},
{
    "__comment": "Flashbang",
    "from": [ 8.75, 2, 9.625 ],
    "to": [ 11.75, 11.5, 10 ],
    "faces": {
        "south": { "uv": [ 7.4375, 4.5, 10.4375, 14 ], "texture": "#texture" },
        "west":  { "uv": [ 9.625, 4.5, 10, 14 ], "texture": "#texture" },
        "east":  { "uv": [ 10, 4.5, 9.625, 14 ], "texture": "#texture" }
    }
},
{
    "__comment": "Flashbang",
    "from": [ 8.75, 1.75, 10 ],
    "to": [ 11.75, 2, 10.375 ],
    "faces": {
        "up":    { "uv": [ 7.1875, 10.8125, 10.1875, 11.1875 ], "texture": "#texture" },
        "south": { "uv": [ 8.75, 14, 11.75, 14.25 ], "texture": "#texture" },
        "west":  { "uv": [ 10, 14, 10.375, 14.25 ], "texture": "#texture" },
        "east":  { "uv": [ 10.375, 14, 10, 14.25 ], "texture": "#texture" }
    }
},
{
    "__comment": "Flashbang",
    "from": [ 8.75, 11.5, 10 ],
    "to": [ 11.75, 11.875, 10.375 ],
    "faces": {
        "down":  { "uv": [ 7.5625, 11.4375, 4.5625, 11.0625 ], "texture": "#texture" },
        "south": { "uv": [ 8.75, 4.125, 11.75, 4.5 ], "texture": "#texture" },
        "west":  { "uv": [ 10, 4.125, 10.375, 4.5 ], "texture": "#texture" },
        "east":  { "uv": [ 10.375, 4.125, 10, 4.5 ], "texture": "#texture" }
    }
},
{
    "__comment": "Flashbang",
    "from": [ 8.75, 0, 10.75 ],
    "to": [ 11.75, 1.75, 11.125 ],
    "faces": {
        "down":  { "uv": [ 7.25, 11.125, 4.25, 10.75 ], "texture": "#texture" },
        "up":    { "uv": [ 8.75, 10.75, 11.75, 11.125 ], "texture": "#texture" },
        "south": { "uv": [ 8.75, 14.25, 11.75, 16 ], "texture": "#texture" },
        "west":  { "uv": [ 10.75, 14.25, 11.125, 16 ], "texture": "#texture" },
        "east":  { "uv": [ 11.125, 14.25, 10.75, 16 ], "texture": "#texture" }
    }
},
{
    "__comment": "Flashbang",
    "from": [ 8.75, 11.875, 10.75 ],
    "to": [ 11.75, 13.625, 11.125 ],
    "faces": {
        "down":  { "uv": [ 7.25, 11.125, 4.25, 10.75 ], "texture": "#texture" },
        "up":    { "uv": [ 8.75, 10.75, 11.75, 11.125 ], "texture": "#texture" },
        "south": { "uv": [ 8.75, 2.375, 11.75, 4.125 ], "texture": "#texture" },
        "west":  { "uv": [ 10.75, 2.375, 11.125, 4.125 ], "texture": "#texture" },
        "east":  { "uv": [ 11.125, 2.375, 10.75, 4.125 ], "texture": "#texture" }
    }
},
{
    "__comment": "Flashbang",
    "from": [ 9, 0, 7.375 ],
    "to": [ 11.5, 1.75, 7.75 ],
    "faces": {
        "down":  { "uv": [ 7.125, 6.8125, 4.625, 6.4375 ], "texture": "#texture" },
        "up":    { "uv": [ 7.8125, 6.9375, 10.3125, 7.3125 ], "texture": "#texture" },
        "north": { "uv": [ 15.75, 13.875, 13.25, 15.625 ], "texture": "#texture" },
        "west":  { "uv": [ 7.375, 14.25, 7.75, 16 ], "texture": "#texture" },
        "east":  { "uv": [ 7.75, 14.25, 7.375, 16 ], "texture": "#texture" }
    }
},
{
    "__comment": "Flashbang",
    "from": [ 9, 11.875, 7.375 ],
    "to": [ 11.5, 13.625, 7.75 ],
    "faces": {
        "down":  { "uv": [ 7.5, 6.625, 5, 6.25 ], "texture": "#texture" },
        "up":    { "uv": [ 8.5625, 6.3125, 11.0625, 6.6875 ], "texture": "#texture" },
        "north": { "uv": [ 15.6875, 0.0625, 13.1875, 1.8125 ], "texture": "#texture" },
        "west":  { "uv": [ 7.375, 2.375, 7.75, 4.125 ], "texture": "#texture" },
        "east":  { "uv": [ 7.75, 2.375, 7.375, 4.125 ], "texture": "#texture" }
    }
},
{
    "__comment": "Flashbang",
    "from": [ 9, 1.75, 8.125 ],
    "to": [ 11.5, 2, 8.5 ],
    "faces": {
        "up":    { "uv": [ 7.25, 5.6875, 9.75, 6.0625 ], "texture": "#texture" },
        "north": { "uv": [ 11.5, 14, 9, 14.25 ], "texture": "#texture" },
        "west":  { "uv": [ 8.125, 14, 8.5, 14.25 ], "texture": "#texture" },
        "east":  { "uv": [ 8.5, 14, 8.125, 14.25 ], "texture": "#texture" }
    }
},
{
    "__comment": "Flashbang",
    "from": [ 9, 11.5, 8.125 ],
    "to": [ 11.5, 11.875, 8.5 ],
    "faces": {
        "down":  { "uv": [ 6.875, 5.9375, 4.375, 5.5625 ], "texture": "#texture" },
        "north": { "uv": [ 11.5, 4.125, 9, 4.5 ], "texture": "#texture" },
        "west":  { "uv": [ 8.125, 4.125, 8.5, 4.5 ], "texture": "#texture" },
        "east":  { "uv": [ 8.5, 4.125, 8.125, 4.5 ], "texture": "#texture" }
    }
},
{
    "__comment": "Flashbang",
    "from": [ 9, 2, 8.5 ],
    "to": [ 11.5, 11.5, 8.875 ],
    "faces": {
        "north": { "uv": [ 11, 4.5, 8.5, 14 ], "texture": "#texture" },
        "west":  { "uv": [ 8.5, 4.5, 8.875, 14 ], "texture": "#texture" },
        "east":  { "uv": [ 8.875, 4.5, 8.5, 14 ], "texture": "#texture" }
    }
},
{
    "__comment": "Flashbang",
    "from": [ 9, 2, 10 ],
    "to": [ 11.5, 11.5, 10.375 ],
    "faces": {
        "south": { "uv": [ 8.4375, 4.5, 10.9375, 14 ], "texture": "#texture" },
        "west":  { "uv": [ 10, 4.5, 10.375, 14 ], "texture": "#texture" },
        "east":  { "uv": [ 10.375, 4.5, 10, 14 ], "texture": "#texture" }
    }
},
{
    "__comment": "Flashbang",
    "from": [ 9, 1.75, 10.375 ],
    "to": [ 11.5, 2, 10.75 ],
    "faces": {
        "up":    { "uv": [ 7.875, 10.8125, 10.375, 11.1875 ], "texture": "#texture" },
        "south": { "uv": [ 9, 14, 11.5, 14.25 ], "texture": "#texture" },
        "west":  { "uv": [ 10.375, 14, 10.75, 14.25 ], "texture": "#texture" },
        "east":  { "uv": [ 10.75, 14, 10.375, 14.25 ], "texture": "#texture" }
    }
},
{
    "__comment": "Flashbang",
    "from": [ 9, 11.5, 10.375 ],
    "to": [ 11.5, 11.875, 10.75 ],
    "faces": {
        "down":  { "uv": [ 7, 10.9375, 4.5, 10.5625 ], "texture": "#texture" },
        "south": { "uv": [ 9, 4.125, 11.5, 4.5 ], "texture": "#texture" },
        "west":  { "uv": [ 10.375, 4.125, 10.75, 4.5 ], "texture": "#texture" },
        "east":  { "uv": [ 10.75, 4.125, 10.375, 4.5 ], "texture": "#texture" }
    }
},
{
    "__comment": "Flashbang",
    "from": [ 9, 0, 11.125 ],
    "to": [ 11.5, 1.75, 11.5 ],
    "faces": {
        "down":  { "uv": [ 7, 11.5, 4.5, 11.125 ], "texture": "#texture" },
        "up":    { "uv": [ 9, 11.125, 11.5, 11.5 ], "texture": "#texture" },
        "south": { "uv": [ 13.25, 13.8125, 15.75, 15.5625 ], "texture": "#texture" },
        "west":  { "uv": [ 11.125, 14.25, 11.5, 16 ], "texture": "#texture" },
        "east":  { "uv": [ 11.5, 14.25, 11.125, 16 ], "texture": "#texture" }
    }
},
{
    "__comment": "Flashbang",
    "from": [ 9, 11.875, 11.125 ],
    "to": [ 11.5, 13.625, 11.5 ],
    "faces": {
        "down":  { "uv": [ 7, 11.5, 4.5, 11.125 ], "texture": "#texture" },
        "up":    { "uv": [ 9, 11.125, 11.5, 11.5 ], "texture": "#texture" },
        "south": { "uv": [ 13.25, 0.125, 15.75, 1.875 ], "texture": "#texture" },
        "west":  { "uv": [ 11.125, 2.375, 11.5, 4.125 ], "texture": "#texture" },
        "east":  { "uv": [ 11.5, 2.375, 11.125, 4.125 ], "texture": "#texture" }
    }
},
{
    "__comment": "Flashbang",
    "from": [ 9.375, 1.75, 7.75 ],
    "to": [ 11.125, 2, 8.125 ],
    "faces": {
        "up":    { "uv": [ 9.4375, 6.375, 11.1875, 6.75 ], "texture": "#texture" },
        "north": { "uv": [ 11.125, 14, 9.375, 14.25 ], "texture": "#texture" },
        "west":  { "uv": [ 7.75, 14, 8.125, 14.25 ], "texture": "#texture" },
        "east":  { "uv": [ 8.125, 14, 7.75, 14.25 ], "texture": "#texture" }
    }
},
{
    "__comment": "Flashbang",
    "from": [ 9.375, 11.5, 7.75 ],
    "to": [ 11.125, 11.875, 8.125 ],
    "faces": {
        "down":  { "uv": [ 6.0625, 6.5, 4.3125, 6.125 ], "texture": "#texture" },
        "north": { "uv": [ 11.125, 4.125, 9.375, 4.5 ], "texture": "#texture" },
        "west":  { "uv": [ 7.75, 4.125, 8.125, 4.5 ], "texture": "#texture" },
        "east":  { "uv": [ 8.125, 4.125, 7.75, 4.5 ], "texture": "#texture" }
    }
},
{
    "__comment": "Flashbang",
    "from": [ 9.375, 2, 8.125 ],
    "to": [ 11.125, 11.5, 8.5 ],
    "faces": {
        "north": { "uv": [ 11.125, 4.5, 9.375, 14 ], "texture": "#texture" },
        "west":  { "uv": [ 8.125, 4.5, 8.5, 14 ], "texture": "#texture" },
        "east":  { "uv": [ 8.5, 4.5, 8.125, 14 ], "texture": "#texture" }
    }
},
{
    "__comment": "Flashbang",
    "from": [ 9.375, 2, 10.375 ],
    "to": [ 11.125, 11.5, 10.75 ],
    "faces": {
        "south": { "uv": [ 9.375, 4.5, 11.125, 14 ], "texture": "#texture" },
        "west":  { "uv": [ 10.375, 4.5, 10.75, 14 ], "texture": "#texture" },
        "east":  { "uv": [ 10.75, 4.5, 10.375, 14 ], "texture": "#texture" }
    }
},
{
    "__comment": "Flashbang",
    "from": [ 9.375, 1.75, 10.75 ],
    "to": [ 11.125, 2, 11.125 ],
    "faces": {
        "up":    { "uv": [ 9.375, 10.75, 11.125, 11.125 ], "texture": "#texture" },
        "south": { "uv": [ 9.375, 14, 11.125, 14.25 ], "texture": "#texture" },
        "west":  { "uv": [ 10.75, 14, 11.125, 14.25 ], "texture": "#texture" },
        "east":  { "uv": [ 11.125, 14, 10.75, 14.25 ], "texture": "#texture" }
    }
},
{
    "__comment": "Flashbang",
    "from": [ 9.375, 11.5, 10.75 ],
    "to": [ 11.125, 11.875, 11.125 ],
    "faces": {
        "down":  { "uv": [ 6.625, 11.125, 4.875, 10.75 ], "texture": "#texture" },
        "south": { "uv": [ 9.375, 4.125, 11.125, 4.5 ], "texture": "#texture" },
        "west":  { "uv": [ 10.75, 4.125, 11.125, 4.5 ], "texture": "#texture" },
        "east":  { "uv": [ 11.125, 4.125, 10.75, 4.5 ], "texture": "#texture" }
    }
},
{
    "__comment": "Flashbang",
    "from": [ 9.625, 15.5, 7.625 ],
    "to": [ 10.875, 16, 8 ],
    "faces": {
        "down":  { "uv": [ 10.0625, 1.25, 8.8125, 0.875 ], "texture": "#texture" },
        "up":    { "uv": [ 12.4375, 8.3125, 13.6875, 8.6875 ], "texture": "#texture" },
        "north": { "uv": [ 10.875, 0, 9.625, 0.5 ], "texture": "#texture" },
        "south": { "uv": [ 9.625, 0, 10.875, 0.5 ], "texture": "#texture" },
        "west":  { "uv": [ 7.625, 0, 8, 0.5 ], "texture": "#texture" },
        "east":  { "uv": [ 8, 0, 7.625, 0.5 ], "texture": "#texture" }
    }
},
{
    "__comment": "Flashbang",
    "from": [ 9.625, 15.625, 8 ],
    "to": [ 10.875, 15.75, 11.25 ],
    "faces": {
        "down":  { "uv": [ 13.8125, 9.25, 12.5625, 6 ], "texture": "#texture" },
        "up":    { "uv": [ 12.5, 6.75, 13.75, 10 ], "texture": "#texture" },
        "south": { "uv": [ 9.625, 0.25, 10.875, 0.375 ], "texture": "#texture" },
        "west":  { "uv": [ 8, 0.25, 11.25, 0.375 ], "texture": "#texture" },
        "east":  { "uv": [ 11.25, 0.25, 8, 0.375 ], "texture": "#texture" }
    }
},
{
    "__comment": "Flashbang",
    "from": [ 9.625, 15.75, 8 ],
    "to": [ 10.875, 15.875, 11.125 ],
    "faces": {
        "up":    { "uv": [ 12.5, 4.125, 13.75, 7.25 ], "texture": "#texture" },
        "south": { "uv": [ 9.625, 0.125, 10.875, 0.25 ], "texture": "#texture" },
        "west":  { "uv": [ 8, 0.125, 11.125, 0.25 ], "texture": "#texture" },
        "east":  { "uv": [ 11.125, 0.125, 8, 0.25 ], "texture": "#texture" }
    }
},
{
    "__comment": "Flashbang",
    "from": [ 9.625, 15.875, 8 ],
    "to": [ 10.875, 16, 11 ],
    "faces": {
        "up":    { "uv": [ 12.5, 8.1875, 13.75, 11.1875 ], "texture": "#texture" },
        "south": { "uv": [ 9.625, 0, 10.875, 0.125 ], "texture": "#texture" },
        "west":  { "uv": [ 8, 0, 11, 0.125 ], "texture": "#texture" },
        "east":  { "uv": [ 11, 0, 8, 0.125 ], "texture": "#texture" }
    }
},
{
    "__comment": "Flashbang",
    "from": [ 9.625, 13.625, 8.125 ],
    "to": [ 10.875, 15.625, 10.5 ],
    "faces": {
        "down":  { "uv": [ 6.375, 10.5, 5.125, 8.125 ], "texture": "#texture" },
        "north": { "uv": [ 10.875, 0.375, 9.625, 2.375 ], "texture": "#texture" },
        "south": { "uv": [ 9.625, 0.375, 10.875, 2.375 ], "texture": "#texture" },
        "west":  { "uv": [ 8.125, 0.375, 10.5, 2.375 ], "texture": "#texture" },
        "east":  { "uv": [ 10.5, 0.375, 8.125, 2.375 ], "texture": "#texture" }
    }
},
{
    "__comment": "Flashbang",
    "from": [ 9.625, 14.875, 10.5 ],
    "to": [ 10.75, 15.125, 11.75 ],
    "faces": {
        "down":  { "uv": [ 13.6875, 11.4375, 12.5625, 10.1875 ], "texture": "#texture" },
        "up":    { "uv": [ 12.5625, 10.625, 13.6875, 11.875 ], "texture": "#texture" },
        "south": { "uv": [ 9.625, 0.875, 10.75, 1.125 ], "texture": "#texture" },
        "west":  { "uv": [ 10.5, 0.875, 11.75, 1.125 ], "texture": "#texture" },
        "east":  { "uv": [ 11.75, 0.875, 10.5, 1.125 ], "texture": "#texture" }
    }
},
{
    "__comment": "Flashbang",
    "from": [ 9.625, 15.125, 10.5 ],
    "to": [ 10.75, 15.25, 11.625 ],
    "faces": {
        "up":    { "uv": [ 12.625, 10.6875, 13.75, 11.8125 ], "texture": "#texture" },
        "south": { "uv": [ 9.625, 0.75, 10.75, 0.875 ], "texture": "#texture" },
        "west":  { "uv": [ 10.5, 0.75, 11.625, 0.875 ], "texture": "#texture" },
        "east":  { "uv": [ 11.625, 0.75, 10.5, 0.875 ], "texture": "#texture" }
    }
},
{
    "__comment": "Flashbang",
    "from": [ 9.625, 15.25, 10.5 ],
    "to": [ 10.75, 15.375, 11.5 ],
    "faces": {
        "up":    { "uv": [ 8.625, 0.5625, 9.75, 1.5625 ], "texture": "#texture" },
        "south": { "uv": [ 9.625, 0.625, 10.75, 0.75 ], "texture": "#texture" },
        "west":  { "uv": [ 10.5, 0.625, 11.5, 0.75 ], "texture": "#texture" },
        "east":  { "uv": [ 11.5, 0.625, 10.5, 0.75 ], "texture": "#texture" }
    }
},
{
    "__comment": "Flashbang",
    "from": [ 9.625, 15.375, 10.5 ],
    "to": [ 10.75, 15.5, 11.375 ],
    "faces": {
        "up":    { "uv": [ 12.625, 11.25, 13.75, 12.125 ], "texture": "#texture" },
        "south": { "uv": [ 9.625, 0.5, 10.75, 0.625 ], "texture": "#texture" },
        "west":  { "uv": [ 10.5, 0.5, 11.375, 0.625 ], "texture": "#texture" },
        "east":  { "uv": [ 11.375, 0.5, 10.5, 0.625 ], "texture": "#texture" }
    }
},
{
    "__comment": "Flashbang",
    "from": [ 9.625, 15.5, 10.5 ],
    "to": [ 10.875, 15.625, 11.25 ],
    "faces": {
        "down":  { "uv": [ 6.375, 11.25, 5.125, 10.5 ], "texture": "#texture" },
        "south": { "uv": [ 9.625, 0.375, 10.875, 0.5 ], "texture": "#texture" },
        "west":  { "uv": [ 10.5, 0.375, 11.25, 0.5 ], "texture": "#texture" },
        "east":  { "uv": [ 11.25, 0.375, 10.5, 0.5 ], "texture": "#texture" }
    }
},
{
    "__comment": "Flashbang",
    "from": [ 9.625, 14.75, 10.625 ],
    "to": [ 10.75, 14.875, 11.875 ],
    "faces": {
        "down":  { "uv": [ 13.75, 10.6875, 12.625, 9.4375 ], "texture": "#texture" },
        "up":    { "uv": [ 12.5, 9.8125, 13.625, 11.0625 ], "texture": "#texture" },
        "north": { "uv": [ 10.75, 1.125, 9.625, 1.25 ], "texture": "#texture" },
        "south": { "uv": [ 9.625, 1.125, 10.75, 1.25 ], "texture": "#texture" },
        "west":  { "uv": [ 10.625, 1.125, 11.875, 1.25 ], "texture": "#texture" },
        "east":  { "uv": [ 11.875, 1.125, 10.625, 1.25 ], "texture": "#texture" }
    }
},
{
    "__comment": "Flashbang",
    "from": [ 9.625, 14.625, 10.875 ],
    "to": [ 10.75, 14.75, 12 ],
    "faces": {
        "down":  { "uv": [ 13.75, 11.5, 12.625, 10.375 ], "texture": "#texture" },
        "up":    { "uv": [ 12.5625, 10.4375, 13.6875, 11.5625 ], "texture": "#texture" },
        "north": { "uv": [ 10.75, 1.25, 9.625, 1.375 ], "texture": "#texture" },
        "south": { "uv": [ 9.625, 1.25, 10.75, 1.375 ], "texture": "#texture" },
        "west":  { "uv": [ 10.875, 1.25, 12, 1.375 ], "texture": "#texture" },
        "east":  { "uv": [ 12, 1.25, 10.875, 1.375 ], "texture": "#texture" }
    }
},
{
    "__comment": "Flashbang",
    "from": [ 9.625, 14.5, 11 ],
    "to": [ 10.75, 14.625, 12.125 ],
    "faces": {
        "down":  { "uv": [ 13.6875, 11.125, 12.5625, 10 ], "texture": "#texture" },
        "up":    { "uv": [ 12.5625, 4.1875, 13.6875, 5.3125 ], "texture": "#texture" },
        "north": { "uv": [ 10.75, 1.375, 9.625, 1.5 ], "texture": "#texture" },
        "south": { "uv": [ 9.625, 1.375, 10.75, 1.5 ], "texture": "#texture" },
        "west":  { "uv": [ 11, 1.375, 12.125, 1.5 ], "texture": "#texture" },
        "east":  { "uv": [ 12.125, 1.375, 11, 1.5 ], "texture": "#texture" }
    }
},
{
    "__comment": "Flashbang",
    "from": [ 9.625, 14.375, 11.125 ],
    "to": [ 10.75, 14.5, 12.25 ],
    "faces": {
        "down":  { "uv": [ 13.6875, 10, 12.5625, 8.875 ], "texture": "#texture" },
        "up":    { "uv": [ 12.625, 9.375, 13.75, 10.5 ], "texture": "#texture" },
        "north": { "uv": [ 10.75, 1.5, 9.625, 1.625 ], "texture": "#texture" },
        "south": { "uv": [ 9.625, 1.5, 10.75, 1.625 ], "texture": "#texture" },
        "west":  { "uv": [ 11.125, 1.5, 12.25, 1.625 ], "texture": "#texture" },
        "east":  { "uv": [ 12.25, 1.5, 11.125, 1.625 ], "texture": "#texture" }
    }
},
{
    "__comment": "Flashbang",
    "from": [ 9.625, 14.25, 11.25 ],
    "to": [ 10.75, 14.375, 12.375 ],
    "faces": {
        "down":  { "uv": [ 13.75, 8.8125, 12.625, 7.6875 ], "texture": "#texture" },
        "up":    { "uv": [ 12.5625, 9.3125, 13.6875, 10.4375 ], "texture": "#texture" },
        "north": { "uv": [ 10.75, 1.625, 9.625, 1.75 ], "texture": "#texture" },
        "south": { "uv": [ 9.625, 1.625, 10.75, 1.75 ], "texture": "#texture" },
        "west":  { "uv": [ 11.25, 1.625, 12.375, 1.75 ], "texture": "#texture" },
        "east":  { "uv": [ 12.375, 1.625, 11.25, 1.75 ], "texture": "#texture" }
    }
},
{
    "__comment": "Flashbang",
    "from": [ 9.625, 14.125, 11.375 ],
    "to": [ 10.75, 14.25, 12.375 ],
    "faces": {
        "down":  { "uv": [ 13.6875, 10.75, 12.5625, 9.75 ], "texture": "#texture" },
        "north": { "uv": [ 10.75, 1.75, 9.625, 1.875 ], "texture": "#texture" },
        "south": { "uv": [ 9.625, 1.75, 10.75, 1.875 ], "texture": "#texture" },
        "west":  { "uv": [ 11.375, 1.75, 12.375, 1.875 ], "texture": "#texture" },
        "east":  { "uv": [ 12.375, 1.75, 11.375, 1.875 ], "texture": "#texture" }
    }
},
{
    "__comment": "Flashbang",
    "from": [ 9.625, 14, 11.5 ],
    "to": [ 10.75, 14.125, 12.5 ],
    "faces": {
        "down":  { "uv": [ 13.6875, 5, 12.5625, 4 ], "texture": "#texture" },
        "up":    { "uv": [ 12.6875, 11.0625, 13.8125, 12.0625 ], "texture": "#texture" },
        "north": { "uv": [ 10.75, 1.875, 9.625, 2 ], "texture": "#texture" },
        "south": { "uv": [ 9.625, 1.875, 10.75, 2 ], "texture": "#texture" },
        "west":  { "uv": [ 11.5, 1.875, 12.5, 2 ], "texture": "#texture" },
        "east":  { "uv": [ 12.5, 1.875, 11.5, 2 ], "texture": "#texture" }
    }
},
{
    "__comment": "Flashbang",
    "from": [ 9.625, 13.875, 11.75 ],
    "to": [ 10.75, 14, 12.625 ],
    "faces": {
        "down":  { "uv": [ 13.6875, 10.5625, 12.5625, 9.6875 ], "texture": "#texture" },
        "up":    { "uv": [ 12.5625, 9.8125, 13.6875, 10.6875 ], "texture": "#texture" },
        "north": { "uv": [ 10.75, 2, 9.625, 2.125 ], "texture": "#texture" },
        "south": { "uv": [ 9.625, 2, 10.75, 2.125 ], "texture": "#texture" },
        "west":  { "uv": [ 11.75, 2, 12.625, 2.125 ], "texture": "#texture" },
        "east":  { "uv": [ 12.625, 2, 11.75, 2.125 ], "texture": "#texture" }
    }
},
{
    "__comment": "Flashbang",
    "from": [ 9.625, 13.75, 11.875 ],
    "to": [ 10.75, 13.875, 12.5 ],
    "faces": {
        "down":  { "uv": [ 13.75, 12.1875, 12.625, 11.5625 ], "texture": "#texture" },
        "north": { "uv": [ 10.75, 2.125, 9.625, 2.25 ], "texture": "#texture" },
        "south": { "uv": [ 9.625, 2.125, 10.75, 2.25 ], "texture": "#texture" },
        "west":  { "uv": [ 11.875, 2.125, 12.5, 2.25 ], "texture": "#texture" },
        "east":  { "uv": [ 12.5, 2.125, 11.875, 2.25 ], "texture": "#texture" }
    }
},
{
    "__comment": "Flashbang",
    "from": [ 9.625, 13.625, 12 ],
    "to": [ 10.75, 13.75, 12.25 ],
    "faces": {
        "down":  { "uv": [ 9.3125, 0.8125, 8.1875, 0.5625 ], "texture": "#texture" },
        "north": { "uv": [ 10.4375, 1.3125, 9.3125, 1.4375 ], "texture": "#texture" },
        "south": { "uv": [ 9.3125, 1.4375, 10.4375, 1.5625 ], "texture": "#texture" },
        "west":  { "uv": [ 12, 2.25, 12.25, 2.375 ], "texture": "#texture" },
        "east":  { "uv": [ 12.25, 2.25, 12, 2.375 ], "texture": "#texture" }
    }
},
{
    "__comment": "Flashbang",
    "from": [ 9.625, 13.5, 12.125 ],
    "to": [ 10.75, 13.625, 12.25 ],
    "faces": {
        "down":  { "uv": [ 10.25, 0.75, 9.125, 0.625 ], "texture": "#texture" },
        "north": { "uv": [ 10.4375, 1.625, 9.3125, 1.75 ], "texture": "#texture" },
        "south": { "uv": [ 9, 1.4375, 10.125, 1.5625 ], "texture": "#texture" },
        "west":  { "uv": [ 12.125, 2.375, 12.25, 2.5 ], "texture": "#texture" },
        "east":  { "uv": [ 12.25, 2.375, 12.125, 2.5 ], "texture": "#texture" }
    }
},
{
    "__comment": "Flashbang",
    "from": [ 9.75, 3.125, 11.625 ],
    "to": [ 10.75, 3.25, 12.125 ],
    "faces": {
        "down":  { "uv": [ 12.75, 12.8125, 11.75, 12.3125 ], "texture": "#texture" },
        "up":    { "uv": [ 11.625, 12.625, 12.625, 13.125 ], "texture": "#texture" },
        "north": { "uv": [ 12.8125, 12.5, 11.8125, 12.625 ], "texture": "#texture" },
        "south": { "uv": [ 11.8125, 12.4375, 12.8125, 12.5625 ], "texture": "#texture" },
        "west":  { "uv": [ 11.625, 12.75, 12.125, 12.875 ], "texture": "#texture" },
        "east":  { "uv": [ 12.125, 12.75, 11.625, 12.875 ], "texture": "#texture" }
    }
},
{
    "__comment": "Flashbang",
    "from": [ 9.75, 3.25, 11.875 ],
    "to": [ 10.75, 3.375, 12.375 ],
    "faces": {
        "down":  { "uv": [ 12.75, 13, 11.75, 12.5 ], "texture": "#texture" },
        "up":    { "uv": [ 11.6875, 12.375, 12.6875, 12.875 ], "texture": "#texture" },
        "north": { "uv": [ 12.5, 12.6875, 11.5, 12.8125 ], "texture": "#texture" },
        "south": { "uv": [ 11.75, 12.8125, 12.75, 12.9375 ], "texture": "#texture" },
        "west":  { "uv": [ 11.875, 12.625, 12.375, 12.75 ], "texture": "#texture" },
        "east":  { "uv": [ 12.375, 12.625, 11.875, 12.75 ], "texture": "#texture" }
    }
},
{
    "__comment": "Flashbang",
    "from": [ 9.75, 3.375, 12.125 ],
    "to": [ 10.75, 3.5, 12.625 ],
    "faces": {
        "down":  { "uv": [ 12.625, 13, 11.625, 12.5 ], "texture": "#texture" },
        "up":    { "uv": [ 11.5, 12.375, 12.5, 12.875 ], "texture": "#texture" },
        "north": { "uv": [ 12.4375, 12.75, 11.4375, 12.875 ], "texture": "#texture" },
        "south": { "uv": [ 11.5625, 12.75, 12.5625, 12.875 ], "texture": "#texture" },
        "west":  { "uv": [ 12.125, 12.5, 12.625, 12.625 ], "texture": "#texture" },
        "east":  { "uv": [ 12.625, 12.5, 12.125, 12.625 ], "texture": "#texture" }
    }
},
{
    "__comment": "Flashbang",
    "from": [ 9.75, 13.375, 12.25 ],
    "to": [ 10.75, 13.5, 13 ],
    "faces": {
        "down":  { "uv": [ 12.75, 12.875, 11.75, 12.125 ], "texture": "#texture" },
        "up":    { "uv": [ 11.5, 12.3125, 12.5, 13.0625 ], "texture": "#texture" },
        "north": { "uv": [ 10.5, 1.8125, 9.5, 1.9375 ], "texture": "#texture" },
        "south": { "uv": [ 8.625, 0.8125, 9.625, 0.9375 ], "texture": "#texture" },
        "west":  { "uv": [ 12.25, 2.5, 13, 2.625 ], "texture": "#texture" },
        "east":  { "uv": [ 13, 2.5, 12.25, 2.625 ], "texture": "#texture" }
    }
},
{
    "__comment": "Flashbang",
    "from": [ 9.75, 13.5, 12.25 ],
    "to": [ 10.75, 13.75, 12.875 ],
    "faces": {
        "up":    { "uv": [ 11.5625, 12.4375, 12.5625, 13.0625 ], "texture": "#texture" },
        "north": { "uv": [ 10.6875, 2, 9.6875, 2.25 ], "texture": "#texture" },
        "south": { "uv": [ 9.3125, 1.75, 10.3125, 2 ], "texture": "#texture" },
        "west":  { "uv": [ 12.25, 2.25, 12.875, 2.5 ], "texture": "#texture" },
        "east":  { "uv": [ 12.875, 2.25, 12.25, 2.5 ], "texture": "#texture" }
    }
},
{
    "__comment": "Flashbang",
    "from": [ 9.75, 3.5, 12.375 ],
    "to": [ 10.75, 3.625, 12.875 ],
    "faces": {
        "down":  { "uv": [ 12.6875, 13.0625, 11.6875, 12.5625 ], "texture": "#texture" },
        "up":    { "uv": [ 11.375, 12.5, 12.375, 13 ], "texture": "#texture" },
        "north": { "uv": [ 12.375, 12.6875, 11.375, 12.8125 ], "texture": "#texture" },
        "south": { "uv": [ 11.375, 12.6875, 12.375, 12.8125 ], "texture": "#texture" },
        "west":  { "uv": [ 12.375, 12.375, 12.875, 12.5 ], "texture": "#texture" },
        "east":  { "uv": [ 12.875, 12.375, 12.375, 12.5 ], "texture": "#texture" }
    }
},
{
    "__comment": "Flashbang",
    "from": [ 9.75, 13.25, 12.375 ],
    "to": [ 10.75, 13.375, 13.125 ],
    "faces": {
        "down":  { "uv": [ 12.75, 13.0625, 11.75, 12.3125 ], "texture": "#texture" },
        "up":    { "uv": [ 11.5, 12.375, 12.5, 13.125 ], "texture": "#texture" },
        "north": { "uv": [ 10.1875, 1.8125, 9.1875, 1.9375 ], "texture": "#texture" },
        "south": { "uv": [ 8.8125, 1.5625, 9.8125, 1.6875 ], "texture": "#texture" },
        "west":  { "uv": [ 12.375, 2.625, 13.125, 2.75 ], "texture": "#texture" },
        "east":  { "uv": [ 13.125, 2.625, 12.375, 2.75 ], "texture": "#texture" }
    }
},
{
    "__comment": "Flashbang",
    "from": [ 9.75, 13.75, 12.5 ],
    "to": [ 10.75, 13.875, 12.75 ],
    "faces": {
        "up":    { "uv": [ 11.625, 12.375, 12.625, 12.625 ], "texture": "#texture" },
        "south": { "uv": [ 9.75, 2.125, 10.75, 2.25 ], "texture": "#texture" },
        "west":  { "uv": [ 12.5, 2.125, 12.75, 2.25 ], "texture": "#texture" },
        "east":  { "uv": [ 12.75, 2.125, 12.5, 2.25 ], "texture": "#texture" }
    }
},
{
    "__comment": "Flashbang",
    "from": [ 9.75, 3.625, 12.625 ],
    "to": [ 10.75, 3.75, 13 ],
    "faces": {
        "down":  { "uv": [ 12.5, 12.8125, 11.5, 12.4375 ], "texture": "#texture" },
        "up":    { "uv": [ 11.6875, 12.4375, 12.6875, 12.8125 ], "texture": "#texture" },
        "north": { "uv": [ 12.75, 12.4375, 11.75, 12.5625 ], "texture": "#texture" },
        "south": { "uv": [ 11.75, 12.4375, 12.75, 12.5625 ], "texture": "#texture" },
        "west":  { "uv": [ 12.625, 12.25, 13, 12.375 ], "texture": "#texture" },
        "east":  { "uv": [ 13, 12.25, 12.625, 12.375 ], "texture": "#texture" }
    }
},
{
    "__comment": "Flashbang",
    "from": [ 9.75, 13.125, 12.625 ],
    "to": [ 10.75, 13.25, 13.25 ],
    "faces": {
        "down":  { "uv": [ 12.6875, 12.875, 11.6875, 12.25 ], "texture": "#texture" },
        "up":    { "uv": [ 11.8125, 12.125, 12.8125, 12.75 ], "texture": "#texture" },
        "north": { "uv": [ 10.5, 1.5625, 9.5, 1.6875 ], "texture": "#texture" },
        "south": { "uv": [ 9.5625, 1.625, 10.5625, 1.75 ], "texture": "#texture" },
        "west":  { "uv": [ 12.625, 2.75, 13.25, 2.875 ], "texture": "#texture" },
        "east":  { "uv": [ 13.25, 2.75, 12.625, 2.875 ], "texture": "#texture" }
    }
},
{
    "__comment": "Flashbang",
    "from": [ 9.75, 13, 12.75 ],
    "to": [ 10.75, 13.125, 13.375 ],
    "faces": {
        "down":  { "uv": [ 12.625, 12.875, 11.625, 12.25 ], "texture": "#texture" },
        "up":    { "uv": [ 11.75, 12.125, 12.75, 12.75 ], "texture": "#texture" },
        "north": { "uv": [ 10.4375, 1.75, 9.4375, 1.875 ], "texture": "#texture" },
        "south": { "uv": [ 9.1875, 1.5, 10.1875, 1.625 ], "texture": "#texture" },
        "west":  { "uv": [ 12.75, 2.875, 13.375, 3 ], "texture": "#texture" },
        "east":  { "uv": [ 13.375, 2.875, 12.75, 3 ], "texture": "#texture" }
    }
},
{
    "__comment": "Flashbang",
    "from": [ 9.75, 3.75, 12.875 ],
    "to": [ 10.75, 3.875, 13.25 ],
    "faces": {
        "down":  { "uv": [ 12.375, 12.9375, 11.375, 12.5625 ], "texture": "#texture" },
        "up":    { "uv": [ 11.75, 12.625, 12.75, 13 ], "texture": "#texture" },
        "north": { "uv": [ 12.375, 12.6875, 11.375, 12.8125 ], "texture": "#texture" },
        "south": { "uv": [ 11.75, 12.5625, 12.75, 12.6875 ], "texture": "#texture" },
        "west":  { "uv": [ 12.875, 12.125, 13.25, 12.25 ], "texture": "#texture" },
        "east":  { "uv": [ 13.25, 12.125, 12.875, 12.25 ], "texture": "#texture" }
    }
},
{
    "__comment": "Flashbang",
    "from": [ 9.75, 10, 12.875 ],
    "to": [ 10.75, 13, 13.375 ],
    "faces": {
        "down":  { "uv": [ 13.625, 9.5625, 12.625, 9.0625 ], "texture": "#texture" },
        "north": { "uv": [ 13.625, 4.625, 12.625, 7.625 ], "texture": "#texture" },
        "south": { "uv": [ 12.5625, 5.1875, 13.5625, 8.1875 ], "texture": "#texture" },
        "west":  { "uv": [ 12.875, 3, 13.375, 6 ], "texture": "#texture" },
        "east":  { "uv": [ 13.375, 3, 12.875, 6 ], "texture": "#texture" }
    }
},
{
    "__comment": "Flashbang",
    "from": [ 9.75, 3.875, 13 ],
    "to": [ 10.75, 4.5, 13.5 ],
    "faces": {
        "down":  { "uv": [ 12.625, 12.9375, 11.75, 12.4375 ], "texture": "#texture" },
        "up":    { "uv": [ 11.875, 12.1875, 12.75, 12.6875 ], "texture": "#texture" },
        "north": { "uv": [ 12.75, 12.1875, 11.875, 12.8125 ], "texture": "#texture" },
        "south": { "uv": [ 12.1875, 12.0625, 13.0625, 12.6875 ], "texture": "#texture" },
        "west":  { "uv": [ 13, 11.5, 13.5, 12.125 ], "texture": "#texture" },
        "east":  { "uv": [ 13.5, 11.5, 13, 12.125 ], "texture": "#texture" }
    }
},
{
    "__comment": "Flashbang",
    "from": [ 9.75, 4.5, 13 ],
    "to": [ 10.75, 10, 13.375 ],
    "faces": {
        "north": { "uv": [ 13.6875, 6.0625, 12.8125, 11.5625 ], "texture": "#texture" },
        "south": { "uv": [ 12.8125, 5.1875, 13.6875, 10.6875 ], "texture": "#texture" },
        "west":  { "uv": [ 13, 6, 13.375, 11.5 ], "texture": "#texture" },
        "east":  { "uv": [ 13.375, 6, 13, 11.5 ], "texture": "#texture" }
    }
},
{
    "__comment": "Flashbang",
    "from": [ 10.625, 8.5, 13 ],
    "to": [ 10.75, 10, 13.25 ],
    "faces": {
        "down":  { "uv": [ 13.4375, 11.3125, 13.3125, 11.0625 ], "texture": "#texture" },
        "north": { "uv": [ 13.0625, 6, 12.9375, 7.5 ], "texture": "#texture" },
        "south": { "uv": [ 12.75, 6.8125, 12.875, 8.3125 ], "texture": "#texture" },
        "east":  { "uv": [ 13.25, 6, 13, 7.5 ], "texture": "#texture" }
    }
},
{
    "__comment": "Flashbang",
    "from": [ 10.625, 8.625, 13.25 ],
    "to": [ 10.75, 10, 13.375 ],
    "faces": {
        "down":  { "uv": [ 12.8125, 11, 12.6875, 10.875 ], "texture": "#texture" },
        "south": { "uv": [ 13.375, 7.25, 13.5, 8.625 ], "texture": "#texture" },
        "east":  { "uv": [ 13.375, 6, 13.25, 7.375 ], "texture": "#texture" }
    }
},
{
    "__comment": "Flashbang",
    "from": [ 10.75, 14.875, 10.5 ],
    "to": [ 10.875, 15.5, 10.875 ],
    "faces": {
        "down":  { "uv": [ 5.25, 10.875, 5.125, 10.5 ], "texture": "#texture" },
        "south": { "uv": [ 10.75, 0.5, 10.875, 1.125 ], "texture": "#texture" },
        "west":  { "uv": [ 10.5, 0.5, 10.875, 1.125 ], "texture": "#texture" },
        "east":  { "uv": [ 10.875, 0.5, 10.5, 1.125 ], "texture": "#texture" }
    }
},
{
    "__comment": "Flashbang",
    "from": [ 10.75, 14.75, 10.625 ],
    "to": [ 10.875, 14.875, 10.75 ],
    "faces": {
        "down":  { "uv": [ 5.25, 10.75, 5.125, 10.625 ], "texture": "#texture" },
        "north": { "uv": [ 10.875, 1.125, 10.75, 1.25 ], "texture": "#texture" },
        "south": { "uv": [ 10.75, 1.125, 10.875, 1.25 ], "texture": "#texture" },
        "east":  { "uv": [ 10.75, 1.125, 10.625, 1.25 ], "texture": "#texture" }
    }
},
{
    "__comment": "Flashbang",
    "from": [ 10.75, 15.125, 10.875 ],
    "to": [ 10.875, 15.5, 11 ],
    "faces": {
        "down":  { "uv": [ 5.25, 11, 5.125, 10.875 ], "texture": "#texture" },
        "south": { "uv": [ 10.75, 0.5, 10.875, 0.875 ], "texture": "#texture" },
        "west":  { "uv": [ 10.875, 0.5, 11, 0.875 ], "texture": "#texture" },
        "east":  { "uv": [ 11, 0.5, 10.875, 0.875 ], "texture": "#texture" }
    }
},
{
    "__comment": "Flashbang",
    "from": [ 10.75, 15.25, 11 ],
    "to": [ 10.875, 15.5, 11.125 ],
    "faces": {
        "down":  { "uv": [ 5.25, 11.125, 5.125, 11 ], "texture": "#texture" },
        "south": { "uv": [ 10.75, 0.5, 10.875, 0.75 ], "texture": "#texture" },
        "west":  { "uv": [ 11, 0.5, 11.125, 0.75 ], "texture": "#texture" },
        "east":  { "uv": [ 11.125, 0.5, 11, 0.75 ], "texture": "#texture" }
    }
},
{
    "__comment": "Flashbang",
    "from": [ 8.6875, 14.875, 9.125 ],
    "to": [ 9.6875, 15.625, 9.9375 ],
    "faces": {
        "down":  { "uv": [ 9.0625, 1.8125, 8.0625, 1 ], "texture": "#texture" },
        "up":    { "uv": [ 7.5, 0.5, 8.5, 1.3125 ], "texture": "#texture" },
        "north": { "uv": [ 8.75, 0.9375, 7.75, 1.6875 ], "texture": "#texture" },
        "south": { "uv": [ 8.75, 1.1875, 9.75, 1.9375 ], "texture": "#texture" },
        "west":  { "uv": [ 7.625, 0.8125, 8.4375, 1.5625 ], "texture": "#texture" },
        "east":  { "uv": [ 8.8125, 1.125, 8, 1.875 ], "texture": "#texture" }
    }
}
],
"display": {
    "thirdperson": {
        "rotation": [ 180, -90, 25 ],
        "translation": [ 0, 1, -2.3 ],
        "scale": [ 0.41, 0.41, 0.41 ]
    },
    "firstperson": {
        "rotation": [ -19, 35, 21 ],
        "translation": [ -3.02, 4, 1.32 ],
        "scale": [ 0.8, 0.8, 0.8 ]
    },
    "gui": {
        "rotation": [ 0, -135, 0 ],
        "translation": [ 0, -1.8, 2 ],
        "scale": [ 1.8, 1.8, 1.8 ]
    },
    "ground": {
        "rotation": [ 0, 0, 0 ],
        "translation": [ 0, 0, 0 ],
        "scale": [ 1.5, 1.5, 1.5 ]
    }
}
}