{
    "__comment": "Model generated by Timwins using MrCrayfish's Model Creator (http://mrcrayfish.com/modelcreator/)",
    "textures": {
        "particle": "blocks/anvil 1",
        "0": "blocks/anvil 1",
        "1": "blocks/hardened clay stained cyan"
    },
    "elements": [
        {
            "name": "Element",
            "from": [ -7.0, 9.5, 7.850000001490116 ], 
            "to": [ -1.75, 10.0, 8.149999998509884 ], 
            "faces": {
                "north": { "texture": "#0", "uv": [ 16.0, 6.0, 16.0, 6.5 ] },
                "east": { "texture": "#0", "uv": [ 7.75, 6.0, 8.25, 6.5 ] },
                "south": { "texture": "#0", "uv": [ 0.0, 6.0, 0.0, 6.5 ] },
                "west": { "texture": "#0", "uv": [ 7.75, 6.0, 8.25, 6.5 ], "cullface": "west" },
                "up": { "texture": "#0", "uv": [ 0.0, 7.75, 0.0, 8.25 ] },
                "down": { "texture": "#0", "uv": [ 16.0, 8.25, 16.0, 7.75 ] }
            }
        },
        {
            "name": "Element",
            "from": [ -1.75, 10.0, 7.25 ], 
            "to": [ 9.25, 10.25, 8.75 ], 
            "faces": {
                "north": { "texture": "#0", "uv": [ 6.75, 5.75, 16.0, 6.0 ] },
                "east": { "texture": "#0", "uv": [ 7.25, 5.75, 8.75, 6.0 ] },
                "south": { "texture": "#0", "uv": [ 0.0, 5.75, 9.25, 6.0 ] },
                "west": { "texture": "#0", "uv": [ 7.25, 5.75, 8.75, 6.0 ], "cullface": "west" },
                "up": { "texture": "#0", "uv": [ 0.0, 7.25, 9.25, 8.75 ] },
                "down": { "texture": "#0", "uv": [ 16.0, 8.75, 6.75, 7.25 ] }
            }
        },
        {
            "name": "Element",
            "from": [ -1.75, 9.75, 7.25 ], 
            "to": [ -1.0, 10.0, 8.75 ], 
            "faces": {
                "north": { "texture": "#0", "uv": [ 16.0, 6.0, 16.0, 6.25 ] },
                "east": { "texture": "#0", "uv": [ 7.25, 6.0, 8.75, 6.25 ] },
                "south": { "texture": "#0", "uv": [ 0.0, 6.0, 0.0, 6.25 ] },
                "west": { "texture": "#0", "uv": [ 7.25, 6.0, 8.75, 6.25 ], "cullface": "west" }
            }
        },
        {
            "name": "Element",
            "from": [ 0.0, 9.75, 7.25 ], 
            "to": [ 0.25, 10.0, 8.75 ], 
            "faces": {
                "north": { "texture": "#0", "uv": [ 15.75, 6.0, 16.0, 6.25 ] },
                "east": { "texture": "#0", "uv": [ 7.25, 6.0, 8.75, 6.25 ] },
                "south": { "texture": "#0", "uv": [ 0.0, 6.0, 0.25, 6.25 ] },
                "west": { "texture": "#0", "uv": [ 7.25, 6.0, 8.75, 6.25 ], "cullface": "west" }
            }
        },
        {
            "name": "Element",
            "from": [ 1.25, 9.75, 7.25 ], 
            "to": [ 1.5, 10.0, 8.75 ], 
            "faces": {
                "north": { "texture": "#0", "uv": [ 14.5, 6.0, 14.75, 6.25 ] },
                "east": { "texture": "#0", "uv": [ 7.25, 6.0, 8.75, 6.25 ] },
                "south": { "texture": "#0", "uv": [ 1.25, 6.0, 1.5, 6.25 ] },
                "west": { "texture": "#0", "uv": [ 7.25, 6.0, 8.75, 6.25 ] }
            }
        },
        {
            "name": "Element",
            "from": [ 2.5, 9.75, 7.25 ], 
            "to": [ 2.75, 10.0, 8.75 ], 
            "faces": {
                "north": { "texture": "#0", "uv": [ 13.25, 6.0, 13.5, 6.25 ] },
                "east": { "texture": "#0", "uv": [ 7.25, 6.0, 8.75, 6.25 ] },
                "south": { "texture": "#0", "uv": [ 2.5, 6.0, 2.75, 6.25 ] },
                "west": { "texture": "#0", "uv": [ 7.25, 6.0, 8.75, 6.25 ] }
            }
        },
        {
            "name": "Element",
            "from": [ 3.75, 9.75, 7.25 ], 
            "to": [ 4.0, 10.0, 8.75 ], 
            "faces": {
                "north": { "texture": "#0", "uv": [ 12.0, 6.0, 12.25, 6.25 ] },
                "east": { "texture": "#0", "uv": [ 7.25, 6.0, 8.75, 6.25 ] },
                "south": { "texture": "#0", "uv": [ 3.75, 6.0, 4.0, 6.25 ] },
                "west": { "texture": "#0", "uv": [ 7.25, 6.0, 8.75, 6.25 ] }
            }
        },
        {
            "name": "Element",
            "from": [ 5.0, 9.75, 7.25 ], 
            "to": [ 5.25, 10.0, 8.75 ], 
            "faces": {
                "north": { "texture": "#0", "uv": [ 10.75, 6.0, 11.0, 6.25 ] },
                "east": { "texture": "#0", "uv": [ 7.25, 6.0, 8.75, 6.25 ] },
                "south": { "texture": "#0", "uv": [ 5.0, 6.0, 5.25, 6.25 ] },
                "west": { "texture": "#0", "uv": [ 7.25, 6.0, 8.75, 6.25 ] }
            }
        },
        {
            "name": "Element",
            "from": [ 6.25, 9.75, 7.25 ], 
            "to": [ 6.5, 10.0, 8.75 ], 
            "faces": {
                "north": { "texture": "#0", "uv": [ 9.5, 6.0, 9.75, 6.25 ] },
                "east": { "texture": "#0", "uv": [ 7.25, 6.0, 8.75, 6.25 ] },
                "south": { "texture": "#0", "uv": [ 6.25, 6.0, 6.5, 6.25 ] },
                "west": { "texture": "#0", "uv": [ 7.25, 6.0, 8.75, 6.25 ] }
            }
        },
        {
            "name": "Element",
            "from": [ 7.5, 9.75, 7.25 ], 
            "to": [ 7.75, 10.0, 8.75 ], 
            "faces": {
                "north": { "texture": "#0", "uv": [ 8.25, 6.0, 8.5, 6.25 ] },
                "east": { "texture": "#0", "uv": [ 7.25, 6.0, 8.75, 6.25 ] },
                "south": { "texture": "#0", "uv": [ 7.5, 6.0, 7.75, 6.25 ] },
                "west": { "texture": "#0", "uv": [ 7.25, 6.0, 8.75, 6.25 ] }
            }
        },
        {
            "name": "Element",
            "from": [ 8.75, 9.75, 7.25 ], 
            "to": [ 9.25, 10.0, 8.75 ], 
            "faces": {
                "north": { "texture": "#0", "uv": [ 6.75, 6.0, 7.25, 6.25 ] },
                "east": { "texture": "#0", "uv": [ 7.25, 6.0, 8.75, 6.25 ] },
                "south": { "texture": "#0", "uv": [ 8.75, 6.0, 9.25, 6.25 ] },
                "west": { "texture": "#0", "uv": [ 7.25, 6.0, 8.75, 6.25 ] }
            }
        },
        {
            "name": "Element",
            "from": [ -1.0, 10.25, 7.5 ], 
            "to": [ 4.25, 10.399999998509884, 8.5 ], 
            "faces": {
                "north": { "texture": "#0", "uv": [ 6.75, 5.5, 11.0, 5.75 ] },
                "east": { "texture": "#0", "uv": [ 7.5, 5.5, 8.5, 5.75 ] },
                "south": { "texture": "#0", "uv": [ 5.0, 5.5, 9.25, 5.75 ] },
                "west": { "texture": "#0", "uv": [ 7.5, 5.5, 8.5, 5.75 ] },
                "up": { "texture": "#0", "uv": [ 5.0, 7.5, 9.25, 8.5 ] }
            }
        },
        {
            "name": "Element",
            "from": [ -1.75, 9.5, 7.25 ], 
            "to": [ 9.25, 9.75, 8.75 ], 
            "faces": {
                "north": { "texture": "#0", "uv": [ 6.75, 6.25, 16.0, 6.5 ] },
                "east": { "texture": "#0", "uv": [ 7.25, 6.25, 8.75, 6.5 ] },
                "south": { "texture": "#0", "uv": [ 0.0, 6.25, 9.25, 6.5 ] },
                "west": { "texture": "#0", "uv": [ 7.25, 6.25, 8.75, 6.5 ], "cullface": "west" },
                "up": { "texture": "#0", "uv": [ 0.0, 7.25, 9.25, 8.75 ] },
                "down": { "texture": "#0", "uv": [ 16.0, 8.75, 6.75, 7.25 ] }
            }
        },
        {
            "name": "Element",
            "from": [ -1.0, 9.0, 7.5 ], 
            "to": [ 9.0, 9.5, 8.5 ], 
            "faces": {
                "north": { "texture": "#0", "uv": [ 7.0, 6.5, 16.0, 7.0 ] },
                "south": { "texture": "#0", "uv": [ 0.0, 6.5, 9.0, 7.0 ] }
            }
        },
        {
            "name": "Element",
            "from": [ 9.0, 8.25, 7.25 ], 
            "to": [ 9.25, 9.5, 8.75 ], 
            "faces": {
                "north": { "texture": "#0", "uv": [ 6.75, 6.5, 7.0, 7.75 ] },
                "east": { "texture": "#0", "uv": [ 7.25, 6.5, 8.75, 7.75 ] },
                "south": { "texture": "#0", "uv": [ 9.0, 6.5, 9.25, 7.75 ] },
                "west": { "texture": "#0", "uv": [ 7.25, 6.5, 8.75, 7.75 ] },
                "down": { "texture": "#0", "uv": [ 7.0, 8.75, 6.75, 7.25 ] }
            }
        },
        {
            "name": "Element",
            "from": [ -1.75, 8.25, 7.25 ], 
            "to": [ -1.0, 9.5, 8.75 ], 
            "faces": {
                "north": { "texture": "#0", "uv": [ 16.0, 6.5, 16.0, 7.75 ] },
                "east": { "texture": "#0", "uv": [ 7.25, 6.5, 8.75, 7.75 ] },
                "south": { "texture": "#0", "uv": [ 0.0, 6.5, 0.0, 7.75 ] },
                "west": { "texture": "#0", "uv": [ 7.25, 6.5, 8.75, 7.75 ], "cullface": "west" },
                "down": { "texture": "#0", "uv": [ 16.0, 8.75, 16.0, 7.25 ] }
            }
        },
        {
            "name": "Element",
            "from": [ -1.0, 8.75, 7.25 ], 
            "to": [ 9.0, 9.0, 8.75 ], 
            "faces": {
                "north": { "texture": "#0", "uv": [ 7.0, 7.0, 16.0, 7.25 ] },
                "south": { "texture": "#0", "uv": [ 0.0, 7.0, 9.0, 7.25 ] },
                "up": { "texture": "#0", "uv": [ 0.0, 7.25, 9.0, 8.75 ] },
                "down": { "texture": "#0", "uv": [ 16.0, 8.75, 7.0, 7.25 ] }
            }
        },
        {
            "name": "Element",
            "from": [ -1.75, 8.0, 7.5 ], 
            "to": [ 9.25, 8.25, 8.5 ], 
            "faces": {
                "north": { "texture": "#0", "uv": [ 6.75, 7.75, 16.0, 8.0 ] },
                "east": { "texture": "#0", "uv": [ 7.5, 7.75, 8.5, 8.0 ] },
                "south": { "texture": "#0", "uv": [ 0.0, 7.75, 9.25, 8.0 ] },
                "west": { "texture": "#0", "uv": [ 7.5, 7.75, 8.5, 8.0 ], "cullface": "west" },
                "up": { "texture": "#0", "uv": [ 0.0, 7.5, 9.25, 8.5 ] },
                "down": { "texture": "#0", "uv": [ 16.0, 8.5, 6.75, 7.5 ] }
            }
        },
        {
            "name": "Element",
            "from": [ -1.5, 8.0, 7.0 ], 
            "to": [ 7.0, 9.5, 9.0 ], 
            "faces": {
                "north": { "texture": "#1", "uv": [ 9.0, 6.5, 16.0, 8.0 ] },
                "east": { "texture": "#1", "uv": [ 7.0, 6.5, 9.0, 8.0 ] },
                "south": { "texture": "#1", "uv": [ 0.0, 6.5, 7.0, 8.0 ] },
                "west": { "texture": "#1", "uv": [ 7.0, 6.5, 9.0, 8.0 ], "cullface": "west" },
                "up": { "texture": "#1", "uv": [ 0.0, 7.0, 7.0, 9.0 ] },
                "down": { "texture": "#1", "uv": [ 16.0, 9.0, 9.0, 7.0 ] }
            }
        },
        {
            "name": "Element",
            "from": [ -1.5, 7.75, 7.25 ], 
            "to": [ 7.0, 8.0, 8.75 ], 
            "faces": {
                "north": { "texture": "#1", "uv": [ 9.0, 8.0, 16.0, 8.25 ] },
                "east": { "texture": "#1", "uv": [ 7.25, 8.0, 8.75, 8.25 ] },
                "south": { "texture": "#1", "uv": [ 0.0, 8.0, 7.0, 8.25 ] },
                "west": { "texture": "#1", "uv": [ 7.25, 8.0, 8.75, 8.25 ], "cullface": "west" },
                "down": { "texture": "#1", "uv": [ 16.0, 8.75, 9.0, 7.25 ] }
            }
        },
        {
            "name": "Element",
            "from": [ 6.5, 7.5, 7.25 ], 
            "to": [ 7.0, 7.75, 8.75 ], 
            "faces": {
                "north": { "texture": "#1", "uv": [ 9.0, 8.25, 9.5, 8.5 ] },
                "east": { "texture": "#1", "uv": [ 7.25, 8.25, 8.75, 8.5 ] },
                "south": { "texture": "#1", "uv": [ 6.5, 8.25, 7.0, 8.5 ] },
                "west": { "texture": "#1", "uv": [ 7.25, 8.25, 8.75, 8.5 ] },
                "down": { "texture": "#1", "uv": [ 9.5, 8.75, 9.0, 7.25 ] }
            }
        },
        {
            "name": "Element",
            "from": [ -1.0, 7.5, 7.5 ], 
            "to": [ 3.5, 7.75, 8.5 ], 
            "faces": {
                "north": { "texture": "#1", "uv": [ 12.5, 8.25, 16.0, 8.5 ] },
                "east": { "texture": "#1", "uv": [ 7.5, 8.25, 8.5, 8.5 ] },
                "south": { "texture": "#1", "uv": [ 0.0, 8.25, 3.5, 8.5 ] },
                "west": { "texture": "#1", "uv": [ 7.5, 8.25, 8.5, 8.5 ], "cullface": "west" },
                "down": { "texture": "#1", "uv": [ 16.0, 8.5, 12.5, 7.5 ] }
            }
        },
        {
            "name": "Element",
            "from": [ -8.0, 9.25, 7.75 ], 
            "to": [ -6.75, 9.5, 8.25 ], 
            "faces": {
                "north": { "texture": "#0", "uv": [ 16.0, 6.5, 16.0, 6.75 ] },
                "east": { "texture": "#0", "uv": [ 7.75, 6.5, 8.25, 6.75 ] },
                "south": { "texture": "#0", "uv": [ 0.0, 6.5, 0.0, 6.75 ] },
                "west": { "texture": "#0", "uv": [ 7.75, 6.5, 8.25, 6.75 ], "cullface": "west" },
                "up": { "texture": "#0", "uv": [ 0.0, 7.75, 0.0, 8.25 ] },
                "down": { "texture": "#0", "uv": [ 16.0, 8.25, 16.0, 7.75 ] }
            }
        },
        {
            "name": "Element",
            "from": [ -8.0, 10.0, 7.75 ], 
            "to": [ -6.75, 10.25, 8.25 ], 
            "faces": {
                "north": { "texture": "#0", "uv": [ 16.0, 5.75, 16.0, 6.0 ] },
                "east": { "texture": "#0", "uv": [ 7.75, 5.75, 8.25, 6.0 ] },
                "south": { "texture": "#0", "uv": [ 0.0, 5.75, 0.0, 6.0 ] },
                "west": { "texture": "#0", "uv": [ 7.75, 5.75, 8.25, 6.0 ], "cullface": "west" },
                "up": { "texture": "#0", "uv": [ 0.0, 7.75, 0.0, 8.25 ] },
                "down": { "texture": "#0", "uv": [ 16.0, 8.25, 16.0, 7.75 ] }
            }
        },
        {
            "name": "Element",
            "from": [ -8.0, 9.5, 7.5 ], 
            "to": [ -6.75, 10.0, 7.75 ], 
            "faces": {
                "north": { "texture": "#0", "uv": [ 16.0, 6.0, 16.0, 6.5 ] },
                "east": { "texture": "#0", "uv": [ 8.25, 6.0, 8.5, 6.5 ] },
                "south": { "texture": "#0", "uv": [ 0.0, 6.0, 0.0, 6.5 ] },
                "west": { "texture": "#0", "uv": [ 7.5, 6.0, 7.75, 6.5 ], "cullface": "west" },
                "up": { "texture": "#0", "uv": [ 0.0, 7.5, 0.0, 7.75 ] },
                "down": { "texture": "#0", "uv": [ 16.0, 7.75, 16.0, 7.5 ] }
            }
        },
        {
            "name": "Element",
            "from": [ -8.0, 9.5, 8.25 ], 
            "to": [ -6.75, 10.0, 8.5 ], 
            "faces": {
                "north": { "texture": "#0", "uv": [ 16.0, 6.0, 16.0, 6.5 ] },
                "east": { "texture": "#0", "uv": [ 7.5, 6.0, 7.75, 6.5 ] },
                "south": { "texture": "#0", "uv": [ 0.0, 6.0, 0.0, 6.5 ] },
                "west": { "texture": "#0", "uv": [ 8.25, 6.0, 8.5, 6.5 ], "cullface": "west" },
                "up": { "texture": "#0", "uv": [ 0.0, 8.25, 0.0, 8.5 ] },
                "down": { "texture": "#0", "uv": [ 16.0, 8.5, 16.0, 8.25 ] }
            }
        },
        {
            "name": "Element",
            "from": [ 7.0, 8.25, 7.25 ], 
            "to": [ 9.0, 8.5, 8.75 ], 
            "faces": {
                "north": { "texture": "#0", "uv": [ 7.0, 7.5, 9.0, 7.75 ] },
                "south": { "texture": "#0", "uv": [ 7.0, 7.5, 9.0, 7.75 ] },
                "up": { "texture": "#0", "uv": [ 7.0, 7.25, 9.0, 8.75 ] },
                "down": { "texture": "#0", "uv": [ 9.0, 8.75, 7.0, 7.25 ] }
            }
        },
        {
            "name": "Element",
            "from": [ 7.75, 8.5, 7.25 ], 
            "to": [ 8.25, 8.75, 8.75 ], 
            "faces": {
                "north": { "texture": "#0", "uv": [ 7.75, 7.25, 8.25, 7.5 ] },
                "east": { "texture": "#0", "uv": [ 7.25, 7.25, 8.75, 7.5 ] },
                "south": { "texture": "#0", "uv": [ 7.75, 7.25, 8.25, 7.5 ] },
                "west": { "texture": "#0", "uv": [ 7.25, 7.25, 8.75, 7.5 ] }
            }
        },
        {
            "name": "Element",
            "from": [ -1.5, 8.25, 7.75 ], 
            "to": [ 9.0, 10.0, 8.25 ], 
            "faces": {
                "north": { "texture": "#1", "uv": [ 7.0, 6.0, 16.0, 7.75 ] },
                "east": { "texture": "#1", "uv": [ 7.75, 6.0, 8.25, 7.75 ] },
                "south": { "texture": "#1", "uv": [ 0.0, 6.0, 9.0, 7.75 ] },
                "west": { "texture": "#1", "uv": [ 7.75, 6.0, 8.25, 7.75 ], "cullface": "west" }
            }
        },
        {
            "name": "Element",
            "from": [ 9.25, 9.5, 7.5 ], 
            "to": [ 15.75, 10.0, 8.5 ], 
            "faces": {
                "north": { "texture": "#0", "uv": [ 0.25, 6.0, 6.75, 6.5 ] },
                "south": { "texture": "#0", "uv": [ 9.25, 6.0, 15.75, 6.5 ] },
                "west": { "texture": "#0", "uv": [ 7.5, 6.0, 8.5, 6.5 ] },
                "up": { "texture": "#0", "uv": [ 9.25, 7.5, 15.75, 8.5 ] },
                "down": { "texture": "#0", "uv": [ 6.75, 8.5, 0.25, 7.5 ] }
            }
        },
        {
            "name": "Element",
            "from": [ 9.25, 10.0, 7.75 ], 
            "to": [ 15.5, 10.25, 8.25 ], 
            "faces": {
                "north": { "texture": "#0", "uv": [ 0.5, 5.75, 6.75, 6.0 ] },
                "east": { "texture": "#0", "uv": [ 7.75, 5.75, 8.25, 6.0 ] },
                "south": { "texture": "#0", "uv": [ 9.25, 5.75, 15.5, 6.0 ] },
                "up": { "texture": "#0", "uv": [ 9.25, 7.75, 15.5, 8.25 ] }
            }
        },
        {
            "name": "Element",
            "from": [ 15.75, 8.25, 7.5 ], 
            "to": [ 17.0, 10.0, 8.5 ], 
            "faces": {
                "north": { "texture": "#1", "uv": [ 0.0, 6.0, 0.25, 7.75 ] },
                "east": { "texture": "#1", "uv": [ 7.5, 6.0, 8.5, 7.75 ], "cullface": "east" },
                "south": { "texture": "#1", "uv": [ 15.75, 6.0, 16.0, 7.75 ] },
                "west": { "texture": "#1", "uv": [ 7.5, 6.0, 8.5, 7.75 ] },
                "up": { "texture": "#1", "uv": [ 15.75, 7.5, 16.0, 8.5 ] }
            }
        },
        {
            "name": "Element",
            "from": [ 17.0, 8.0, 7.5 ], 
            "to": [ 17.25, 9.75, 8.5 ], 
            "faces": {
                "north": { "texture": "#1", "uv": [ 0.0, 6.25, 0.0, 8.0 ] },
                "east": { "texture": "#1", "uv": [ 7.5, 6.25, 8.5, 8.0 ], "cullface": "east" },
                "south": { "texture": "#1", "uv": [ 16.0, 6.25, 16.0, 8.0 ] },
                "west": { "texture": "#1", "uv": [ 7.5, 6.25, 8.5, 8.0 ] },
                "up": { "texture": "#1", "uv": [ 16.0, 7.5, 16.0, 8.5 ] },
                "down": { "texture": "#1", "uv": [ 0.0, 8.5, 0.0, 7.5 ] }
            }
        },
        {
            "name": "Element",
            "from": [ 17.25, 8.25, 7.5 ], 
            "to": [ 17.5, 9.5, 8.5 ], 
            "faces": {
                "north": { "texture": "#1", "uv": [ 0.0, 6.5, 0.0, 7.75 ] },
                "east": { "texture": "#1", "uv": [ 7.5, 6.5, 8.5, 7.75 ], "cullface": "east" },
                "south": { "texture": "#1", "uv": [ 16.0, 6.5, 16.0, 7.75 ] },
                "up": { "texture": "#1", "uv": [ 16.0, 7.5, 16.0, 8.5 ] },
                "down": { "texture": "#1", "uv": [ 0.0, 8.5, 0.0, 7.5 ] }
            }
        },
        {
            "name": "Element",
            "from": [ 15.0, 7.75, 7.5 ], 
            "to": [ 17.0, 8.25, 8.5 ], 
            "faces": {
                "north": { "texture": "#1", "uv": [ 0.0, 7.75, 1.0, 8.25 ] },
                "east": { "texture": "#1", "uv": [ 7.5, 7.75, 8.5, 8.25 ], "cullface": "east" },
                "south": { "texture": "#1", "uv": [ 15.0, 7.75, 16.0, 8.25 ] },
                "west": { "texture": "#1", "uv": [ 7.5, 7.75, 8.5, 8.25 ] },
                "up": { "texture": "#1", "uv": [ 15.0, 7.5, 16.0, 8.5 ] },
                "down": { "texture": "#1", "uv": [ 1.0, 8.5, 0.0, 7.5 ] }
            }
        },
        {
            "name": "Element",
            "from": [ 13.5, 7.0, 7.75 ], 
            "to": [ 15.5, 7.25, 8.25 ], 
            "faces": {
                "north": { "texture": "#1", "uv": [ 0.5, 8.75, 2.5, 9.0 ] },
                "east": { "texture": "#1", "uv": [ 7.75, 8.75, 8.25, 9.0 ] },
                "south": { "texture": "#1", "uv": [ 13.5, 8.75, 15.5, 9.0 ] },
                "west": { "texture": "#1", "uv": [ 7.75, 8.75, 8.25, 9.0 ] },
                "up": { "texture": "#1", "uv": [ 13.5, 7.75, 15.5, 8.25 ] },
                "down": { "texture": "#1", "uv": [ 2.5, 8.25, 0.5, 7.75 ] }
            }
        },
        {
            "name": "Element",
            "from": [ 14.349999994039536, 7.800000004470348, 7.75 ], 
            "to": [ 14.599999994039536, 8.800000004470348, 8.25 ], 
            "faces": {
                "north": { "texture": "#1", "uv": [ 1.5, 7.5, 1.75, 8.5 ] },
                "east": { "texture": "#1", "uv": [ 7.75, 7.5, 8.25, 8.5 ] },
                "south": { "texture": "#1", "uv": [ 14.25, 7.5, 14.5, 8.5 ] },
                "west": { "texture": "#1", "uv": [ 7.75, 7.5, 8.25, 8.5 ] },
                "up": { "texture": "#1", "uv": [ 14.25, 7.75, 14.5, 8.25 ] },
                "down": { "texture": "#1", "uv": [ 1.75, 8.25, 1.5, 7.75 ] }
            }
        },
        {
            "name": "Element",
            "from": [ 13.0, 7.5, 7.75 ], 
            "to": [ 13.25, 8.25, 8.25 ], 
            "faces": {
                "north": { "texture": "#1", "uv": [ 2.75, 7.75, 3.0, 8.5 ] },
                "east": { "texture": "#1", "uv": [ 7.75, 7.75, 8.25, 8.5 ] },
                "south": { "texture": "#1", "uv": [ 13.0, 7.75, 13.25, 8.5 ] },
                "west": { "texture": "#1", "uv": [ 7.75, 7.75, 8.25, 8.5 ] },
                "down": { "texture": "#1", "uv": [ 3.0, 8.25, 2.75, 7.75 ] }
            }
        },
        {
            "name": "Element",
            "from": [ -6.5, 8.25, 7.625 ], 
            "to": [ -1.75, 9.0, 8.375 ], 
            "faces": {
                "north": { "texture": "#0", "uv": [ 16.0, 7.0, 16.0, 7.75 ] },
                "south": { "texture": "#0", "uv": [ 0.0, 7.0, 0.0, 7.75 ] },
                "west": { "texture": "#0", "uv": [ 7.625, 7.0, 8.375, 7.75 ], "cullface": "west" },
                "up": { "texture": "#0", "uv": [ 0.0, 7.625, 0.0, 8.375 ] },
                "down": { "texture": "#0", "uv": [ 16.0, 8.375, 16.0, 7.625 ] }
            }
        },
        {
            "name": "Element",
            "from": [ -6.25, 8.125, 7.5 ], 
            "to": [ -6.0, 9.125, 8.5 ], 
            "faces": {
                "north": { "texture": "#1", "uv": [ 16.0, 6.875, 16.0, 7.875 ] },
                "east": { "texture": "#1", "uv": [ 7.5, 6.875, 8.5, 7.875 ] },
                "south": { "texture": "#1", "uv": [ 0.0, 6.875, 0.0, 7.875 ] },
                "west": { "texture": "#1", "uv": [ 7.5, 6.875, 8.5, 7.875 ], "cullface": "west" },
                "up": { "texture": "#1", "uv": [ 0.0, 7.5, 0.0, 8.5 ] },
                "down": { "texture": "#1", "uv": [ 16.0, 8.5, 16.0, 7.5 ] }
            }
        },
        {
            "name": "Element",
            "from": [ 15.25, 8.25, 7.5 ], 
            "to": [ 15.5, 8.75, 8.5 ], 
            "faces": {
                "north": { "texture": "#0", "uv": [ 0.5, 7.25, 0.75, 7.75 ] },
                "south": { "texture": "#0", "uv": [ 15.25, 7.25, 15.5, 7.75 ] }
            }
        },
        {
            "name": "Element",
            "from": [ 9.25, 8.75, 7.5 ], 
            "to": [ 15.5, 9.5, 8.5 ], 
            "faces": {
                "north": { "texture": "#0", "uv": [ 0.5, 6.5, 6.75, 7.25 ] },
                "south": { "texture": "#0", "uv": [ 9.25, 6.5, 15.5, 7.25 ] },
                "down": { "texture": "#0", "uv": [ 6.75, 8.5, 0.5, 7.5 ] }
            }
        },
        {
            "name": "Element",
            "from": [ 9.25, 8.25, 7.5 ], 
            "to": [ 15.25, 8.75, 8.5 ], 
            "faces": {
                "north": { "texture": "#0", "uv": [ 0.75, 7.25, 6.75, 7.75 ] },
                "south": { "texture": "#0", "uv": [ 9.25, 7.25, 15.25, 7.75 ] },
                "down": { "texture": "#0", "uv": [ 6.75, 8.5, 0.75, 7.5 ] }
            }
        },
        {
            "name": "Element",
            "from": [ 15.5, 8.25, 7.5 ], 
            "to": [ 15.75, 9.5, 8.5 ], 
            "faces": {
                "north": { "texture": "#1", "uv": [ 0.25, 6.5, 0.5, 7.75 ] },
                "south": { "texture": "#1", "uv": [ 15.5, 6.5, 15.75, 7.75 ] },
                "west": { "texture": "#1", "uv": [ 7.5, 6.5, 8.5, 7.75 ] }
            }
        },
        {
            "name": "Element",
            "from": [ 11.5, 8.25, 7.75 ], 
            "to": [ 13.5, 9.0, 8.25 ], 
            "rotation": { "origin": [ 11.5, 9.0, 7.75 ], "axis": "z", "angle": -22.5 },
            "faces": {
                "north": { "texture": "#1", "uv": [ 3.25, 8.0, 5.25, 8.5 ] },
                "east": { "texture": "#1", "uv": [ 7.5, 8.0, 8.5, 8.5 ] },
                "south": { "texture": "#1", "uv": [ 10.75, 8.0, 12.75, 8.5 ] },
                "west": { "texture": "#1", "uv": [ 7.5, 8.0, 8.5, 8.5 ] },
                "up": { "texture": "#1", "uv": [ 10.75, 7.5, 12.75, 8.5 ] },
                "down": { "texture": "#1", "uv": [ 5.25, 8.5, 3.25, 7.5 ] }
            }
        },
        {
            "name": "Element",
            "from": [ 15.0, 4.25, 7.5 ], 
            "to": [ 16.75, 8.0, 8.5 ], 
            "rotation": { "origin": [ 15.0, 8.0, 7.5 ], "axis": "z", "angle": 22.5 },
            "faces": {
                "north": { "texture": "#1", "uv": [ 14.25, 8.25, 16.0, 12.0 ] },
                "east": { "texture": "#1", "uv": [ 7.5, 8.25, 8.5, 12.0 ], "cullface": "east" },
                "south": { "texture": "#1", "uv": [ 14.25, 8.25, 16.0, 12.0 ] },
                "west": { "texture": "#1", "uv": [ 7.5, 8.25, 8.5, 12.0 ] },
                "up": { "texture": "#1", "uv": [ 14.25, 7.5, 16.0, 8.5 ] },
                "down": { "texture": "#1", "uv": [ 14.25, 7.5, 16.0, 8.5 ] }
            }
        },
        {
            "name": "Cube",
            "from": [ 14.349999994039536, 7.399999998509884, 7.75 ], 
            "to": [ 14.599999994039536, 8.399999998509884, 8.25 ], 
            "faces": {
                "north": { "texture": "#1", "uv": [ 1.5, 7.5, 1.75, 8.5 ] },
                "east": { "texture": "#1", "uv": [ 7.75, 7.5, 8.25, 8.5 ] },
                "south": { "texture": "#1", "uv": [ 14.25, 7.5, 14.5, 8.5 ] },
                "west": { "texture": "#1", "uv": [ 7.75, 7.5, 8.25, 8.5 ] },
                "up": { "texture": "#1", "uv": [ 14.25, 7.75, 14.5, 8.25 ] },
                "down": { "texture": "#1", "uv": [ 1.75, 8.25, 1.5, 7.75 ] }
            }
        },
        {
            "name": "Cube",
            "from": [ 16.100000001490116, 9.0, 7.0 ], 
            "to": [ 16.499999998509885, 9.6, 9.0 ], 
            "faces": {
                "north": { "texture": "#1", "uv": [ 0.0, 0.0, 0.39999999701976774, 0.6 ] },
                "east": { "texture": "#1", "uv": [ 0.0, 0.0, 2.0, 0.6 ] },
                "south": { "texture": "#1", "uv": [ 0.0, 0.0, 0.39999999701976774, 0.6 ] },
                "west": { "texture": "#1", "uv": [ 0.0, 0.0, 2.0, 0.6 ] },
                "up": { "texture": "#1", "uv": [ 0.0, 0.0, 0.39999999701976774, 2.0 ] },
                "down": { "texture": "#1", "uv": [ 0.0, 0.0, 0.39999999701976774, 2.0 ] }
            }
        },
        {
            "name": "Cube",
            "from": [ 11.799999997019768, 8.799999997019768, 8.50000000745058 ], 
            "to": [ 16.799999997019768, 9.799999997019768, 8.800000005960465 ], 
            "rotation": { "origin": [ 16.400000005960464, 9.30000001937151, 8.0 ], "axis": "z", "angle": -22.5 },
            "faces": {
                "north": { "texture": "#1", "uv": [ 0.0, 0.0, 5.0, 1.0 ] },
                "east": { "texture": "#1", "uv": [ 0.0, 0.0, 0.2999999985098839, 1.0 ] },
                "south": { "texture": "#1", "uv": [ 0.0, 0.0, 5.0, 1.0 ] },
                "west": { "texture": "#1", "uv": [ 0.0, 0.0, 0.2999999985098839, 1.0 ] },
                "up": { "texture": "#1", "uv": [ 0.0, 0.0, 5.0, 0.2999999985098839 ] },
                "down": { "texture": "#1", "uv": [ 0.0, 0.0, 5.0, 0.2999999985098839 ] }
            }
        },
        {
            "name": "Cube",
            "from": [ 16.0, 9.100000001490116, 7.0 ], 
            "to": [ 16.6, 9.499999998509884, 9.0 ], 
            "faces": {
                "north": { "texture": "#1", "uv": [ 0.0, 0.0, 0.6, 0.39999999701976774 ] },
                "east": { "texture": "#1", "uv": [ 0.0, 0.0, 2.0, 0.39999999701976774 ] },
                "south": { "texture": "#1", "uv": [ 0.0, 0.0, 0.6, 0.39999999701976774 ] },
                "west": { "texture": "#1", "uv": [ 0.0, 0.0, 2.0, 0.39999999701976774 ] },
                "up": { "texture": "#1", "uv": [ 0.0, 0.0, 0.6, 2.0 ] },
                "down": { "texture": "#1", "uv": [ 0.0, 0.0, 0.6, 2.0 ] }
            }
        },
        {
            "name": "Cube",
            "from": [ 11.799999997019768, 8.799999997019768, 7.200000002980232 ], 
            "to": [ 16.799999997019768, 9.799999997019768, 7.5000000014901165 ], 
            "rotation": { "origin": [ 16.400000005960464, 9.30000001937151, 8.0 ], "axis": "z", "angle": -22.5 },
            "faces": {
                "north": { "texture": "#1", "uv": [ 0.0, 0.0, 5.0, 1.0 ] },
                "east": { "texture": "#1", "uv": [ 0.0, 0.0, 0.2999999985098839, 1.0 ] },
                "south": { "texture": "#1", "uv": [ 0.0, 0.0, 5.0, 1.0 ] },
                "west": { "texture": "#1", "uv": [ 0.0, 0.0, 0.2999999985098839, 1.0 ] },
                "up": { "texture": "#1", "uv": [ 0.0, 0.0, 5.0, 0.2999999985098839 ] },
                "down": { "texture": "#1", "uv": [ 0.0, 0.0, 5.0, 0.2999999985098839 ] }
            }
        },
        {
            "name": "Cube",
            "from": [ 10.700000002980232, 11.200000002980232, 7.75 ], 
            "to": [ 12.700000002980232, 11.450000002980232, 8.25 ], 
            "rotation": { "origin": [ 8.0, 8.0, 8.0 ], "axis": "z", "angle": -45.0 },
            "faces": {
                "north": { "texture": "#1", "uv": [ 0.5, 8.75, 2.5, 9.0 ] },
                "east": { "texture": "#1", "uv": [ 7.75, 8.75, 8.25, 9.0 ] },
                "south": { "texture": "#1", "uv": [ 13.5, 8.75, 15.5, 9.0 ] },
                "west": { "texture": "#1", "uv": [ 7.75, 8.75, 8.25, 9.0 ] },
                "up": { "texture": "#1", "uv": [ 13.5, 7.75, 15.5, 8.25 ] },
                "down": { "texture": "#1", "uv": [ 2.5, 8.25, 0.5, 7.75 ] }
            }
        },
        {
            "name": "Cube",
            "from": [ 7.4000000059604645, 10.50000000745058, 8.50000000745058 ], 
            "to": [ 12.400000005960464, 10.800000011920929, 8.800000005960465 ], 
            "faces": {
                "north": { "texture": "#1", "uv": [ 0.0, 0.0, 5.0, 0.30000000447034836 ] },
                "east": { "texture": "#1", "uv": [ 0.0, 0.0, 0.2999999985098839, 0.30000000447034836 ] },
                "south": { "texture": "#1", "uv": [ 0.0, 0.0, 5.0, 0.30000000447034836 ] },
                "west": { "texture": "#1", "uv": [ 0.0, 0.0, 0.2999999985098839, 0.30000000447034836 ] },
                "up": { "texture": "#1", "uv": [ 0.0, 0.0, 5.0, 0.2999999985098839 ] },
                "down": { "texture": "#1", "uv": [ 0.0, 0.0, 5.0, 0.2999999985098839 ] }
            }
        },
        {
            "name": "Cube",
            "from": [ 7.4000000059604645, 10.50000000745058, 7.200000002980232 ], 
            "to": [ 12.400000005960464, 10.800000011920929, 7.5000000014901165 ], 
            "faces": {
                "north": { "texture": "#1", "uv": [ 0.0, 0.0, 5.0, 0.30000000447034836 ] },
                "east": { "texture": "#1", "uv": [ 0.0, 0.0, 0.2999999985098839, 0.30000000447034836 ] },
                "south": { "texture": "#1", "uv": [ 0.0, 0.0, 5.0, 0.30000000447034836 ] },
                "west": { "texture": "#1", "uv": [ 0.0, 0.0, 0.2999999985098839, 0.30000000447034836 ] },
                "up": { "texture": "#1", "uv": [ 0.0, 0.0, 5.0, 0.2999999985098839 ] },
                "down": { "texture": "#1", "uv": [ 0.0, 0.0, 5.0, 0.2999999985098839 ] }
            }
        },
        {
            "name": "Cube",
            "from": [ 7.500000007450581, 11.200000002980232, 8.50000000745058 ], 
            "to": [ 12.400000005960464, 11.50000000745058, 8.800000005960465 ], 
            "faces": {
                "north": { "texture": "#1", "uv": [ 0.0, 0.0, 4.899999998509884, 0.30000000447034836 ] },
                "east": { "texture": "#1", "uv": [ 0.0, 0.0, 0.2999999985098839, 0.30000000447034836 ] },
                "south": { "texture": "#1", "uv": [ 0.0, 0.0, 4.899999998509884, 0.30000000447034836 ] },
                "west": { "texture": "#1", "uv": [ 0.0, 0.0, 0.2999999985098839, 0.30000000447034836 ] },
                "up": { "texture": "#1", "uv": [ 0.0, 0.0, 4.899999998509884, 0.2999999985098839 ] },
                "down": { "texture": "#1", "uv": [ 0.0, 0.0, 4.899999998509884, 0.2999999985098839 ] }
            }
        },
        {
            "name": "Cube",
            "from": [ 7.4000000059604645, 11.200000002980232, 7.200000002980232 ], 
            "to": [ 12.400000005960464, 11.50000000745058, 7.5000000014901165 ], 
            "faces": {
                "north": { "texture": "#1", "uv": [ 0.0, 0.0, 5.0, 0.30000000447034836 ] },
                "east": { "texture": "#1", "uv": [ 0.0, 0.0, 0.2999999985098839, 0.30000000447034836 ] },
                "south": { "texture": "#1", "uv": [ 0.0, 0.0, 5.0, 0.30000000447034836 ] },
                "west": { "texture": "#1", "uv": [ 0.0, 0.0, 0.2999999985098839, 0.30000000447034836 ] },
                "up": { "texture": "#1", "uv": [ 0.0, 0.0, 5.0, 0.2999999985098839 ] },
                "down": { "texture": "#1", "uv": [ 0.0, 0.0, 5.0, 0.2999999985098839 ] }
            }
        },
        {
            "name": "Cube",
            "from": [ 4.700000025331974, 10.700000010430813, 7.200000002980232 ], 
            "to": [ 7.200000017881393, 11.50000000745058, 8.800000005960465 ], 
            "faces": {
                "north": { "texture": "#1", "uv": [ 0.0, 0.0, 2.4999999925494194, 0.7999999970197678 ] },
                "east": { "texture": "#1", "uv": [ 0.0, 0.0, 1.6000000029802321, 0.7999999970197678 ] },
                "south": { "texture": "#1", "uv": [ 0.0, 0.0, 2.4999999925494194, 0.7999999970197678 ] },
                "west": { "texture": "#1", "uv": [ 0.0, 0.0, 1.6000000029802321, 0.7999999970197678 ] },
                "up": { "texture": "#1", "uv": [ 0.0, 0.0, 2.4999999925494194, 1.6000000029802321 ] },
                "down": { "texture": "#1", "uv": [ 0.0, 0.0, 2.4999999925494194, 1.6000000029802321 ] }
            }
        },
        {
            "name": "Cube",
            "from": [ 4.900000013411045, 10.50000000745058, 7.200000002980232 ], 
            "to": [ 7.200000002980232, 11.300000004470348, 8.800000005960465 ], 
            "faces": {
                "north": { "texture": "#1", "uv": [ 0.0, 0.0, 2.299999989569187, 0.7999999970197678 ] },
                "east": { "texture": "#1", "uv": [ 0.0, 0.0, 1.6000000029802321, 0.7999999970197678 ] },
                "south": { "texture": "#1", "uv": [ 0.0, 0.0, 2.299999989569187, 0.7999999970197678 ] },
                "west": { "texture": "#1", "uv": [ 0.0, 0.0, 1.6000000029802321, 0.7999999970197678 ] },
                "up": { "texture": "#1", "uv": [ 0.0, 0.0, 2.299999989569187, 1.6000000029802321 ] },
                "down": { "texture": "#1", "uv": [ 0.0, 0.0, 2.299999989569187, 1.6000000029802321 ] }
            }
        },
        {
            "name": "Cube",
            "from": [ 11.800000011920929, 10.700000010430813, 7.200000002980232 ], 
            "to": [ 12.20000001192093, 11.50000000745058, 7.5000000014901165 ], 
            "faces": {
                "north": { "texture": "#1", "uv": [ 0.0, 0.0, 0.4, 0.7999999970197678 ] },
                "east": { "texture": "#1", "uv": [ 0.0, 0.0, 0.2999999985098838, 0.7999999970197678 ] },
                "south": { "texture": "#1", "uv": [ 0.0, 0.0, 0.4, 0.7999999970197678 ] },
                "west": { "texture": "#1", "uv": [ 0.0, 0.0, 0.2999999985098838, 0.7999999970197678 ] },
                "up": { "texture": "#1", "uv": [ 0.0, 0.0, 0.4, 0.2999999985098838 ] },
                "down": { "texture": "#1", "uv": [ 0.0, 0.0, 0.4, 0.2999999985098838 ] }
            }
        },
        {
            "name": "Cube",
            "from": [ 10.900000013411045, 10.700000010430813, 7.200000002980232 ], 
            "to": [ 11.300000013411045, 11.50000000745058, 7.5000000014901165 ], 
            "faces": {
                "north": { "texture": "#1", "uv": [ 0.0, 0.0, 0.4, 0.7999999970197678 ] },
                "east": { "texture": "#1", "uv": [ 0.0, 0.0, 0.2999999985098838, 0.7999999970197678 ] },
                "south": { "texture": "#1", "uv": [ 0.0, 0.0, 0.4, 0.7999999970197678 ] },
                "west": { "texture": "#1", "uv": [ 0.0, 0.0, 0.2999999985098838, 0.7999999970197678 ] },
                "up": { "texture": "#1", "uv": [ 0.0, 0.0, 0.4, 0.2999999985098838 ] },
                "down": { "texture": "#1", "uv": [ 0.0, 0.0, 0.4, 0.2999999985098838 ] }
            }
        },
        {
            "name": "Cube",
            "from": [ 10.000000014901161, 10.700000010430813, 7.200000002980232 ], 
            "to": [ 10.400000014901162, 11.50000000745058, 7.5000000014901165 ], 
            "faces": {
                "north": { "texture": "#1", "uv": [ 0.0, 0.0, 0.4, 0.7999999970197678 ] },
                "east": { "texture": "#1", "uv": [ 0.0, 0.0, 0.2999999985098838, 0.7999999970197678 ] },
                "south": { "texture": "#1", "uv": [ 0.0, 0.0, 0.4, 0.7999999970197678 ] },
                "west": { "texture": "#1", "uv": [ 0.0, 0.0, 0.2999999985098838, 0.7999999970197678 ] },
                "up": { "texture": "#1", "uv": [ 0.0, 0.0, 0.4, 0.2999999985098838 ] },
                "down": { "texture": "#1", "uv": [ 0.0, 0.0, 0.4, 0.2999999985098838 ] }
            }
        },
        {
            "name": "Cube",
            "from": [ 9.100000016391277, 10.700000010430813, 7.200000002980232 ], 
            "to": [ 9.500000016391278, 11.50000000745058, 7.5000000014901165 ], 
            "faces": {
                "north": { "texture": "#1", "uv": [ 0.0, 0.0, 0.4, 0.7999999970197678 ] },
                "east": { "texture": "#1", "uv": [ 0.0, 0.0, 0.2999999985098838, 0.7999999970197678 ] },
                "south": { "texture": "#1", "uv": [ 0.0, 0.0, 0.4, 0.7999999970197678 ] },
                "west": { "texture": "#1", "uv": [ 0.0, 0.0, 0.2999999985098838, 0.7999999970197678 ] },
                "up": { "texture": "#1", "uv": [ 0.0, 0.0, 0.4, 0.2999999985098838 ] },
                "down": { "texture": "#1", "uv": [ 0.0, 0.0, 0.4, 0.2999999985098838 ] }
            }
        },
        {
            "name": "Cube",
            "from": [ 7.400000020861626, 10.700000010430813, 7.200000002980232 ], 
            "to": [ 8.600000017881394, 11.50000000745058, 7.5000000014901165 ], 
            "faces": {
                "north": { "texture": "#1", "uv": [ 0.0, 0.0, 1.1999999970197677, 0.7999999970197678 ] },
                "east": { "texture": "#1", "uv": [ 0.0, 0.0, 0.2999999985098838, 0.7999999970197678 ] },
                "south": { "texture": "#1", "uv": [ 0.0, 0.0, 1.1999999970197677, 0.7999999970197678 ] },
                "west": { "texture": "#1", "uv": [ 0.0, 0.0, 0.2999999985098838, 0.7999999970197678 ] },
                "up": { "texture": "#1", "uv": [ 0.0, 0.0, 1.1999999970197677, 0.2999999985098838 ] },
                "down": { "texture": "#1", "uv": [ 0.0, 0.0, 1.1999999970197677, 0.2999999985098838 ] }
            }
        },
        {
            "name": "Cube",
            "from": [ 7.400000020861626, 10.700000010430813, 8.50000000745058 ], 
            "to": [ 8.600000017881394, 11.50000000745058, 8.800000005960465 ], 
            "faces": {
                "north": { "texture": "#1", "uv": [ 0.0, 0.0, 1.1999999970197677, 0.7999999970197678 ] },
                "east": { "texture": "#1", "uv": [ 0.0, 0.0, 0.2999999985098838, 0.7999999970197678 ] },
                "south": { "texture": "#1", "uv": [ 0.0, 0.0, 1.1999999970197677, 0.7999999970197678 ] },
                "west": { "texture": "#1", "uv": [ 0.0, 0.0, 0.2999999985098838, 0.7999999970197678 ] },
                "up": { "texture": "#1", "uv": [ 0.0, 0.0, 1.1999999970197677, 0.2999999985098838 ] },
                "down": { "texture": "#1", "uv": [ 0.0, 0.0, 1.1999999970197677, 0.2999999985098838 ] }
            }
        },
        {
            "name": "Cube",
            "from": [ 9.100000016391277, 10.700000010430813, 8.50000000745058 ], 
            "to": [ 9.500000016391278, 11.50000000745058, 8.800000005960465 ], 
            "faces": {
                "north": { "texture": "#1", "uv": [ 0.0, 0.0, 0.4, 0.7999999970197678 ] },
                "east": { "texture": "#1", "uv": [ 0.0, 0.0, 0.2999999985098838, 0.7999999970197678 ] },
                "south": { "texture": "#1", "uv": [ 0.0, 0.0, 0.4, 0.7999999970197678 ] },
                "west": { "texture": "#1", "uv": [ 0.0, 0.0, 0.2999999985098838, 0.7999999970197678 ] },
                "up": { "texture": "#1", "uv": [ 0.0, 0.0, 0.4, 0.2999999985098838 ] },
                "down": { "texture": "#1", "uv": [ 0.0, 0.0, 0.4, 0.2999999985098838 ] }
            }
        },
        {
            "name": "Cube",
            "from": [ 10.000000014901161, 10.700000010430813, 8.50000000745058 ], 
            "to": [ 10.400000014901162, 11.50000000745058, 8.800000005960465 ], 
            "faces": {
                "north": { "texture": "#1", "uv": [ 0.0, 0.0, 0.4, 0.7999999970197678 ] },
                "east": { "texture": "#1", "uv": [ 0.0, 0.0, 0.2999999985098838, 0.7999999970197678 ] },
                "south": { "texture": "#1", "uv": [ 0.0, 0.0, 0.4, 0.7999999970197678 ] },
                "west": { "texture": "#1", "uv": [ 0.0, 0.0, 0.2999999985098838, 0.7999999970197678 ] },
                "up": { "texture": "#1", "uv": [ 0.0, 0.0, 0.4, 0.2999999985098838 ] },
                "down": { "texture": "#1", "uv": [ 0.0, 0.0, 0.4, 0.2999999985098838 ] }
            }
        },
        {
            "name": "Cube",
            "from": [ 10.900000013411045, 10.700000010430813, 8.50000000745058 ], 
            "to": [ 11.300000013411045, 11.50000000745058, 8.800000005960465 ], 
            "faces": {
                "north": { "texture": "#1", "uv": [ 0.0, 0.0, 0.4, 0.7999999970197678 ] },
                "east": { "texture": "#1", "uv": [ 0.0, 0.0, 0.2999999985098838, 0.7999999970197678 ] },
                "south": { "texture": "#1", "uv": [ 0.0, 0.0, 0.4, 0.7999999970197678 ] },
                "west": { "texture": "#1", "uv": [ 0.0, 0.0, 0.2999999985098838, 0.7999999970197678 ] },
                "up": { "texture": "#1", "uv": [ 0.0, 0.0, 0.4, 0.2999999985098838 ] },
                "down": { "texture": "#1", "uv": [ 0.0, 0.0, 0.4, 0.2999999985098838 ] }
            }
        },
        {
            "name": "Cube",
            "from": [ 5.200000017881393, 10.600000008940697, 7.300000004470348 ], 
            "to": [ 7.700000010430813, 11.400000005960464, 8.700000004470349 ], 
            "faces": {
                "north": { "texture": "#1", "uv": [ 0.0, 0.0, 2.4999999925494194, 0.7999999970197678 ] },
                "east": { "texture": "#1", "uv": [ 0.0, 0.0, 1.4, 0.7999999970197678 ] },
                "south": { "texture": "#1", "uv": [ 0.0, 0.0, 2.4999999925494194, 0.7999999970197678 ] },
                "west": { "texture": "#1", "uv": [ 0.0, 0.0, 1.4, 0.7999999970197678 ] },
                "up": { "texture": "#1", "uv": [ 0.0, 0.0, 2.4999999925494194, 1.4 ] },
                "down": { "texture": "#1", "uv": [ 0.0, 0.0, 2.4999999925494194, 1.4 ] }
            }
        },
        {
            "name": "Cube",
            "from": [ 12.0, 9.0, 8.50000000745058 ], 
            "to": [ 17.0, 9.599999994039536, 8.800000005960465 ], 
            "rotation": { "origin": [ 16.400000005960464, 9.30000001937151, 8.0 ], "axis": "z", "angle": -22.5 },
            "faces": {
                "north": { "texture": "#1", "uv": [ 0.0, 0.0, 5.0, 0.5999999940395355 ] },
                "east": { "texture": "#1", "uv": [ 0.0, 0.0, 0.2999999985098839, 0.5999999940395355 ] },
                "south": { "texture": "#1", "uv": [ 0.0, 0.0, 5.0, 0.5999999940395355 ] },
                "west": { "texture": "#1", "uv": [ 0.0, 0.0, 0.2999999985098839, 0.5999999940395355 ] },
                "up": { "texture": "#1", "uv": [ 0.0, 0.0, 5.0, 0.2999999985098839 ] },
                "down": { "texture": "#1", "uv": [ 0.0, 0.0, 5.0, 0.2999999985098839 ] }
            }
        },
        {
            "name": "Cube",
            "from": [ 12.0, 9.0, 7.200000002980232 ], 
            "to": [ 17.0, 9.599999994039536, 7.5000000014901165 ], 
            "rotation": { "origin": [ 16.400000005960464, 9.30000001937151, 8.0 ], "axis": "z", "angle": -22.5 },
            "faces": {
                "north": { "texture": "#1", "uv": [ 0.0, 0.0, 5.0, 0.5999999940395355 ] },
                "east": { "texture": "#1", "uv": [ 0.0, 0.0, 0.2999999985098839, 0.5999999940395355 ] },
                "south": { "texture": "#1", "uv": [ 0.0, 0.0, 5.0, 0.5999999940395355 ] },
                "west": { "texture": "#1", "uv": [ 0.0, 0.0, 0.2999999985098839, 0.5999999940395355 ] },
                "up": { "texture": "#1", "uv": [ 0.0, 0.0, 5.0, 0.2999999985098839 ] },
                "down": { "texture": "#1", "uv": [ 0.0, 0.0, 5.0, 0.2999999985098839 ] }
            }
        },
        {
            "name": "Cube",
            "from": [ 11.800000011920929, 10.700000010430813, 8.50000000745058 ], 
            "to": [ 12.20000001192093, 11.50000000745058, 8.800000005960465 ], 
            "faces": {
                "north": { "texture": "#1", "uv": [ 0.0, 0.0, 0.4, 0.7999999970197678 ] },
                "east": { "texture": "#1", "uv": [ 0.0, 0.0, 0.2999999985098838, 0.7999999970197678 ] },
                "south": { "texture": "#1", "uv": [ 0.0, 0.0, 0.4, 0.7999999970197678 ] },
                "west": { "texture": "#1", "uv": [ 0.0, 0.0, 0.2999999985098838, 0.7999999970197678 ] },
                "up": { "texture": "#1", "uv": [ 0.0, 0.0, 0.4, 0.2999999985098838 ] },
                "down": { "texture": "#1", "uv": [ 0.0, 0.0, 0.4, 0.2999999985098838 ] }
            }
        },
        {
            "name": "Cube",
            "from": [ 16.100000001490116, 4.450000002980232, 7.5 ], 
            "to": [ 18.05000000447035, 5.200000002980232, 8.5 ], 
            "faces": {
                "north": { "texture": "#1", "uv": [ 14.25, 8.25, 16.0, 12.0 ] },
                "east": { "texture": "#1", "uv": [ 7.5, 8.25, 8.5, 12.0 ], "cullface": "east" },
                "south": { "texture": "#1", "uv": [ 14.25, 8.25, 16.0, 12.0 ] },
                "west": { "texture": "#1", "uv": [ 7.5, 8.25, 8.5, 12.0 ] },
                "up": { "texture": "#1", "uv": [ 14.25, 7.5, 16.0, 8.5 ] },
                "down": { "texture": "#1", "uv": [ 14.25, 7.5, 16.0, 8.5 ] }
            }
        },
        {
            "name": "Cube",
            "from": [ 14.899999998509884, 6.450000002980232, 7.299999997019768 ], 
            "to": [ 16.850000001490116, 6.850000002980233, 8.700000002980232 ], 
            "rotation": { "origin": [ 15.0, 8.0, 7.5 ], "axis": "z", "angle": 22.5 },
            "faces": {
                "north": { "texture": "#1", "uv": [ 14.25, 8.25, 16.0, 12.0 ] },
                "east": { "texture": "#1", "uv": [ 7.5, 8.25, 8.5, 12.0 ], "cullface": "east" },
                "south": { "texture": "#1", "uv": [ 14.25, 8.25, 16.0, 12.0 ] },
                "west": { "texture": "#1", "uv": [ 7.5, 8.25, 8.5, 12.0 ] },
                "up": { "texture": "#1", "uv": [ 14.25, 7.5, 16.0, 8.5 ] },
                "down": { "texture": "#1", "uv": [ 14.25, 7.5, 16.0, 8.5 ] }
            }
        },
        {
            "name": "Cube",
            "from": [ 14.899999998509884, 5.6500000059604645, 7.299999997019768 ], 
            "to": [ 16.850000001490116, 6.050000005960465, 8.700000002980232 ], 
            "rotation": { "origin": [ 15.0, 8.0, 7.5 ], "axis": "z", "angle": 22.5 },
            "faces": {
                "north": { "texture": "#1", "uv": [ 14.25, 8.25, 16.0, 12.0 ] },
                "east": { "texture": "#1", "uv": [ 7.5, 8.25, 8.5, 12.0 ], "cullface": "east" },
                "south": { "texture": "#1", "uv": [ 14.25, 8.25, 16.0, 12.0 ] },
                "west": { "texture": "#1", "uv": [ 7.5, 8.25, 8.5, 12.0 ] },
                "up": { "texture": "#1", "uv": [ 14.25, 7.5, 16.0, 8.5 ] },
                "down": { "texture": "#1", "uv": [ 14.25, 7.5, 16.0, 8.5 ] }
            }
        },
        {
            "name": "Cube",
            "from": [ 14.899999998509884, 4.850000008940697, 7.299999997019768 ], 
            "to": [ 16.850000001490116, 5.250000008940697, 8.700000002980232 ], 
            "rotation": { "origin": [ 15.0, 8.0, 7.5 ], "axis": "z", "angle": 22.5 },
            "faces": {
                "north": { "texture": "#1", "uv": [ 14.25, 8.25, 16.0, 12.0 ] },
                "east": { "texture": "#1", "uv": [ 7.5, 8.25, 8.5, 12.0 ], "cullface": "east" },
                "south": { "texture": "#1", "uv": [ 14.25, 8.25, 16.0, 12.0 ] },
                "west": { "texture": "#1", "uv": [ 7.5, 8.25, 8.5, 12.0 ] },
                "up": { "texture": "#1", "uv": [ 14.25, 7.5, 16.0, 8.5 ] },
                "down": { "texture": "#1", "uv": [ 14.25, 7.5, 16.0, 8.5 ] }
            }
        },
        {
            "name": "Cube",
            "from": [ -8.0, 10.0, 7.75 ], 
            "to": [ -6.75, 10.25, 7.949999995529652 ], 
            "rotation": { "origin": [ -5.0, 9.799999997019768, 7.899999998509884 ], "axis": "x", "angle": -22.5 },
            "faces": {
                "north": { "texture": "#0", "uv": [ 16.0, 5.75, 16.0, 6.0 ] },
                "east": { "texture": "#0", "uv": [ 7.75, 5.75, 8.25, 6.0 ] },
                "south": { "texture": "#0", "uv": [ 0.0, 5.75, 0.0, 6.0 ] },
                "west": { "texture": "#0", "uv": [ 7.75, 5.75, 8.25, 6.0 ], "cullface": "west" },
                "up": { "texture": "#0", "uv": [ 0.0, 7.75, 0.0, 8.25 ] },
                "down": { "texture": "#0", "uv": [ 16.0, 8.25, 16.0, 7.75 ] }
            }
        },
        {
            "name": "Cube",
            "from": [ -8.0, 10.0, 8.050000004470348 ], 
            "to": [ -6.75, 10.25, 8.25 ], 
            "rotation": { "origin": [ -5.0, 9.799999997019768, 8.100000001490116 ], "axis": "x", "angle": 22.5 },
            "faces": {
                "north": { "texture": "#0", "uv": [ 16.0, 5.75, 16.0, 6.0 ] },
                "east": { "texture": "#0", "uv": [ 7.75, 5.75, 8.25, 6.0 ] },
                "south": { "texture": "#0", "uv": [ 0.0, 5.75, 0.0, 6.0 ] },
                "west": { "texture": "#0", "uv": [ 7.75, 5.75, 8.25, 6.0 ], "cullface": "west" },
                "up": { "texture": "#0", "uv": [ 0.0, 7.75, 0.0, 8.25 ] },
                "down": { "texture": "#0", "uv": [ 16.0, 8.25, 16.0, 7.75 ] }
            }
        },
        {
            "name": "Cube",
            "from": [ -8.0, 9.200000002980232, 8.050000004470348 ], 
            "to": [ -6.75, 9.450000002980232, 8.25 ], 
            "rotation": { "origin": [ -5.0, 9.699999995529652, 8.0 ], "axis": "x", "angle": -22.5 },
            "faces": {
                "north": { "texture": "#0", "uv": [ 16.0, 5.75, 16.0, 6.0 ] },
                "east": { "texture": "#0", "uv": [ 7.75, 5.75, 8.25, 6.0 ] },
                "south": { "texture": "#0", "uv": [ 0.0, 5.75, 0.0, 6.0 ] },
                "west": { "texture": "#0", "uv": [ 7.75, 5.75, 8.25, 6.0 ], "cullface": "west" },
                "up": { "texture": "#0", "uv": [ 0.0, 7.75, 0.0, 8.25 ] },
                "down": { "texture": "#0", "uv": [ 16.0, 8.25, 16.0, 7.75 ] }
            }
        },
        {
            "name": "Cube",
            "from": [ -8.0, 9.200000002980232, 7.75 ], 
            "to": [ -6.75, 9.450000002980232, 7.949999995529652 ], 
            "rotation": { "origin": [ -5.0, 9.699999995529652, 8.0 ], "axis": "x", "angle": 22.5 },
            "faces": {
                "north": { "texture": "#0", "uv": [ 16.0, 5.75, 16.0, 6.0 ] },
                "east": { "texture": "#0", "uv": [ 7.75, 5.75, 8.25, 6.0 ] },
                "south": { "texture": "#0", "uv": [ 0.0, 5.75, 0.0, 6.0 ] },
                "west": { "texture": "#0", "uv": [ 7.75, 5.75, 8.25, 6.0 ], "cullface": "west" },
                "up": { "texture": "#0", "uv": [ 0.0, 7.75, 0.0, 8.25 ] },
                "down": { "texture": "#0", "uv": [ 16.0, 8.25, 16.0, 7.75 ] }
            }
        },
        {
            "name": "Cube",
            "from": [ -8.0, 9.699999995529652, 8.350000008940697 ], 
            "to": [ -6.75, 9.949999995529652, 8.550000004470348 ], 
            "rotation": { "origin": [ -5.0, 9.699999998509885, 8.0 ], "axis": "x", "angle": -22.5 },
            "faces": {
                "north": { "texture": "#0", "uv": [ 16.0, 5.75, 16.0, 6.0 ] },
                "east": { "texture": "#0", "uv": [ 7.75, 5.75, 8.25, 6.0 ] },
                "south": { "texture": "#0", "uv": [ 0.0, 5.75, 0.0, 6.0 ] },
                "west": { "texture": "#0", "uv": [ 7.75, 5.75, 8.25, 6.0 ], "cullface": "west" },
                "up": { "texture": "#0", "uv": [ 0.0, 7.75, 0.0, 8.25 ] },
                "down": { "texture": "#0", "uv": [ 16.0, 8.25, 16.0, 7.75 ] }
            }
        },
        {
            "name": "Cube",
            "from": [ -8.0, 9.799999997019768, 7.449999995529652 ], 
            "to": [ -6.75, 10.049999997019768, 7.649999991059303 ], 
            "rotation": { "origin": [ -4.899999998509884, 9.699999995529652, 7.799999997019768 ], "axis": "x", "angle": 22.5 },
            "faces": {
                "north": { "texture": "#0", "uv": [ 16.0, 5.75, 16.0, 6.0 ] },
                "east": { "texture": "#0", "uv": [ 7.75, 5.75, 8.25, 6.0 ] },
                "south": { "texture": "#0", "uv": [ 0.0, 5.75, 0.0, 6.0 ] },
                "west": { "texture": "#0", "uv": [ 7.75, 5.75, 8.25, 6.0 ], "cullface": "west" },
                "up": { "texture": "#0", "uv": [ 0.0, 7.75, 0.0, 8.25 ] },
                "down": { "texture": "#0", "uv": [ 16.0, 8.25, 16.0, 7.75 ] }
            }
        },
        {
            "name": "Cube",
            "from": [ -8.0, 9.50000000745058, 8.350000008940697 ], 
            "to": [ -6.75, 9.75000000745058, 8.550000004470348 ], 
            "rotation": { "origin": [ -5.0, 9.799999997019768, 8.0 ], "axis": "x", "angle": 22.5 },
            "faces": {
                "north": { "texture": "#0", "uv": [ 16.0, 5.75, 16.0, 6.0 ] },
                "east": { "texture": "#0", "uv": [ 7.75, 5.75, 8.25, 6.0 ] },
                "south": { "texture": "#0", "uv": [ 0.0, 5.75, 0.0, 6.0 ] },
                "west": { "texture": "#0", "uv": [ 7.75, 5.75, 8.25, 6.0 ], "cullface": "west" },
                "up": { "texture": "#0", "uv": [ 0.0, 7.75, 0.0, 8.25 ] },
                "down": { "texture": "#0", "uv": [ 16.0, 8.25, 16.0, 7.75 ] }
            }
        },
        {
            "name": "Cube",
            "from": [ -8.0, 9.50000000745058, 7.350000008940697 ], 
            "to": [ -6.75, 9.75000000745058, 7.550000004470348 ], 
            "rotation": { "origin": [ -5.0, 10.0, 7.899999998509884 ], "axis": "x", "angle": -22.5 },
            "faces": {
                "north": { "texture": "#0", "uv": [ 16.0, 5.75, 16.0, 6.0 ] },
                "east": { "texture": "#0", "uv": [ 7.75, 5.75, 8.25, 6.0 ] },
                "south": { "texture": "#0", "uv": [ 0.0, 5.75, 0.0, 6.0 ] },
                "west": { "texture": "#0", "uv": [ 7.75, 5.75, 8.25, 6.0 ], "cullface": "west" },
                "up": { "texture": "#0", "uv": [ 0.0, 7.75, 0.0, 8.25 ] },
                "down": { "texture": "#0", "uv": [ 16.0, 8.25, 16.0, 7.75 ] }
            }
        },
        {
            "name": "Cube",
            "from": [ -7.0, 9.600000001490116, 7.75 ], 
            "to": [ -1.75, 9.899999998509884, 8.25 ], 
            "faces": {
                "north": { "texture": "#0", "uv": [ 16.0, 6.0, 16.0, 6.5 ] },
                "east": { "texture": "#0", "uv": [ 7.75, 6.0, 8.25, 6.5 ] },
                "south": { "texture": "#0", "uv": [ 0.0, 6.0, 0.0, 6.5 ] },
                "west": { "texture": "#0", "uv": [ 7.75, 6.0, 8.25, 6.5 ], "cullface": "west" },
                "up": { "texture": "#0", "uv": [ 0.0, 7.75, 0.0, 8.25 ] },
                "down": { "texture": "#0", "uv": [ 16.0, 8.25, 16.0, 7.75 ] }
            }
        }
	],
	"display": {
		"thirdperson": {
			"rotation": [ 0, 90, -90 ],
			"translation": [ 0, 4, -1.7 ],
			"scale": [ 0.85, 0.85, 0.85 ]
		},
		"ground": {
			"rotation": [ 0, 0, 0 ],
			"translation": [ 0, 0, 0 ],
			"scale": [ 3, 3, 3 ]
		},
		"fixed": {
			"rotation": [ 0, 180, -45 ],
			"translation": [ -0.9, -1.1, -1.2 ],
			"scale": [ 1.5, 1.5, 1.5 ]
		},
		"firstperson": {
			"rotation": [ 0, -135, 0 ],
			"translation": [ 3.4, 2.4, -3.8 ],
			"scale": [ 2, 2, 2 ]
		},
		"gui": {
			"rotation": [ -30, 135, -45 ],
			"translation": [ -1.8, -1.9, 0.8 ],
			"scale": [ 0.9, 0.9, 0.9 ]
		}
	}
}