{
    "__comment": "Model generated by Timwins using MrCrayfish's Model Creator (http://mrcrayfish.com/modelcreator/)",
    "textures": {
        "0": "blocks/barrel1",
        "1": "blocks/anvil 1",
        "2": "blocks/barrel2"
    },
    "elements": [
        {
            "name": "Element",
            "from": [ -3.25, 8.75, 8.5 ], 
            "to": [ 8.0, 9.0, 9.0 ], 
            "faces": {
                "north": { "texture": "#0", "uv": [ 15.0, 0.0, 16.0, 1.25 ] },
                "south": { "texture": "#0", "uv": [ 15.0, 0.0, 16.0, 1.25 ] },
                "west": { "texture": "#0", "uv": [ 15.0, 0.0, 16.0, 1.25 ], "cullface": "west" },
                "up": { "texture": "#0", "uv": [ 15.0, 0.0, 16.0, 1.25 ] },
                "down": { "texture": "#0", "uv": [ 15.0, 0.0, 16.0, 1.25 ] }
            }
        },
        {
            "name": "Element",
            "from": [ -3.25, 8.25, 8.25 ], 
            "to": [ 8.0, 8.75, 8.5 ], 
            "faces": {
                "north": { "texture": "#0", "uv": [ 15.0, 0.0, 16.0, 1.25 ] },
                "south": { "texture": "#0", "uv": [ 15.0, 0.0, 16.0, 1.25 ] },
                "west": { "texture": "#0", "uv": [ 15.0, 0.0, 16.0, 1.25 ], "cullface": "west" },
                "up": { "texture": "#0", "uv": [ 15.0, 0.0, 16.0, 1.25 ] },
                "down": { "texture": "#0", "uv": [ 15.0, 0.0, 16.0, 1.25 ] }
            }
        },
        {
            "name": "Element",
            "from": [ -3.25, 8.25, 7.0 ], 
            "to": [ 8.0, 8.75, 7.25 ], 
            "faces": {
                "north": { "texture": "#0", "uv": [ 15.0, 0.0, 16.0, 1.25 ] },
                "south": { "texture": "#0", "uv": [ 15.0, 0.0, 16.0, 1.25 ] },
                "west": { "texture": "#0", "uv": [ 15.0, 0.0, 16.0, 1.25 ], "cullface": "west" },
                "up": { "texture": "#0", "uv": [ 15.0, 0.0, 16.0, 1.25 ] },
                "down": { "texture": "#0", "uv": [ 15.0, 0.0, 16.0, 1.25 ] }
            }
        },
        {
            "name": "Element",
            "from": [ -3.25, 8.75, 7.25 ], 
            "to": [ 8.0, 9.0, 7.75 ], 
            "faces": {
                "north": { "texture": "#0", "uv": [ 15.0, 0.0, 16.0, 1.25 ] },
                "south": { "texture": "#0", "uv": [ 15.0, 0.0, 16.0, 1.25 ] },
                "west": { "texture": "#0", "uv": [ 15.0, 0.0, 16.0, 1.25 ], "cullface": "west" },
                "up": { "texture": "#0", "uv": [ 15.0, 0.0, 16.0, 1.25 ] },
                "down": { "texture": "#0", "uv": [ 15.0, 0.0, 16.0, 1.25 ] }
            }
        },
        {
            "name": "Element",
            "from": [ -3.25, 7.0, 6.25 ], 
            "to": [ 8.0, 7.5, 6.5 ], 
            "faces": {
                "north": { "texture": "#0", "uv": [ 15.0, 0.0, 16.0, 1.25 ] },
                "south": { "texture": "#0", "uv": [ 15.0, 0.0, 16.0, 1.25 ] },
                "west": { "texture": "#0", "uv": [ 15.0, 0.0, 16.0, 1.25 ], "cullface": "west" },
                "up": { "texture": "#0", "uv": [ 15.0, 0.0, 16.0, 1.25 ] },
                "down": { "texture": "#0", "uv": [ 15.0, 0.0, 16.0, 1.25 ] }
            }
        },
        {
            "name": "Element",
            "from": [ -3.25, 6.75, 6.5 ], 
            "to": [ 8.0, 7.0, 7.0 ], 
            "faces": {
                "north": { "texture": "#0", "uv": [ 15.0, 0.0, 16.0, 1.25 ] },
                "south": { "texture": "#0", "uv": [ 15.0, 0.0, 16.0, 1.25 ] },
                "west": { "texture": "#0", "uv": [ 15.0, 0.0, 16.0, 1.25 ], "cullface": "west" },
                "up": { "texture": "#0", "uv": [ 15.0, 0.0, 16.0, 1.25 ] },
                "down": { "texture": "#0", "uv": [ 15.0, 0.0, 16.0, 1.25 ] }
            }
        },
        {
            "name": "Element",
            "from": [ -3.25, 6.25, 7.25 ], 
            "to": [ 8.0, 6.5, 7.75 ], 
            "faces": {
                "north": { "texture": "#0", "uv": [ 15.0, 0.0, 16.0, 1.25 ] },
                "south": { "texture": "#0", "uv": [ 15.0, 0.0, 16.0, 1.25 ] },
                "west": { "texture": "#0", "uv": [ 15.0, 0.0, 16.0, 1.25 ], "cullface": "west" },
                "up": { "texture": "#0", "uv": [ 15.0, 0.0, 16.0, 1.25 ] },
                "down": { "texture": "#0", "uv": [ 15.0, 0.0, 16.0, 1.25 ] }
            }
        },
        {
            "name": "Element",
            "from": [ -3.25, 5.75, 7.0 ], 
            "to": [ 8.0, 6.25, 7.25 ], 
            "faces": {
                "north": { "texture": "#0", "uv": [ 15.0, 0.0, 16.0, 1.25 ] },
                "south": { "texture": "#0", "uv": [ 15.0, 0.0, 16.0, 1.25 ] },
                "west": { "texture": "#0", "uv": [ 15.0, 0.0, 16.0, 1.25 ], "cullface": "west" },
                "up": { "texture": "#0", "uv": [ 15.0, 0.0, 16.0, 1.25 ] },
                "down": { "texture": "#0", "uv": [ 15.0, 0.0, 16.0, 1.25 ] }
            }
        },
        {
            "name": "Element",
            "from": [ -3.25, 6.25, 8.5 ], 
            "to": [ 8.0, 6.5, 9.0 ], 
            "faces": {
                "north": { "texture": "#0", "uv": [ 15.0, 0.0, 16.0, 1.25 ] },
                "south": { "texture": "#0", "uv": [ 15.0, 0.0, 16.0, 1.25 ] },
                "west": { "texture": "#0", "uv": [ 15.0, 0.0, 16.0, 1.25 ], "cullface": "west" },
                "up": { "texture": "#0", "uv": [ 15.0, 0.0, 16.0, 1.25 ] },
                "down": { "texture": "#0", "uv": [ 15.0, 0.0, 16.0, 1.25 ] }
            }
        },
        {
            "name": "Element",
            "from": [ -3.25, 5.75, 8.25 ], 
            "to": [ 8.0, 6.25, 8.5 ], 
            "faces": {
                "north": { "texture": "#0", "uv": [ 8.0, 9.75, 16.0, 10.25 ] },
                "south": { "texture": "#0", "uv": [ 0.0, 9.75, 8.0, 10.25 ] },
                "west": { "texture": "#0", "uv": [ 8.25, 9.75, 8.5, 10.25 ], "cullface": "west" },
                "up": { "texture": "#0", "uv": [ 0.0, 8.25, 8.0, 8.5 ] },
                "down": { "texture": "#0", "uv": [ 16.0, 8.5, 8.0, 8.25 ] }
            }
        },
        {
            "name": "Element",
            "from": [ -3.25, 7.5, 9.25 ], 
            "to": [ 8.0, 7.75, 9.75 ], 
            "faces": {
                "north": { "texture": "#0", "uv": [ 15.0, 0.0, 16.0, 1.25 ] },
                "south": { "texture": "#0", "uv": [ 15.0, 0.0, 16.0, 1.25 ] },
                "west": { "texture": "#0", "uv": [ 15.0, 0.0, 16.0, 1.25 ], "cullface": "west" },
                "up": { "texture": "#0", "uv": [ 15.0, 0.0, 16.0, 1.25 ] },
                "down": { "texture": "#0", "uv": [ 15.0, 0.0, 16.0, 1.25 ] }
            }
        },
        {
            "name": "Element",
            "from": [ -3.25, 7.0, 9.0 ], 
            "to": [ 8.0, 7.5, 9.25 ], 
            "faces": {
                "north": { "texture": "#0", "uv": [ 15.0, 0.0, 16.0, 1.25 ] },
                "south": { "texture": "#0", "uv": [ 15.0, 0.0, 16.0, 1.25 ] },
                "west": { "texture": "#0", "uv": [ 15.0, 0.0, 16.0, 1.25 ], "cullface": "west" },
                "up": { "texture": "#0", "uv": [ 15.0, 0.0, 16.0, 1.25 ] },
                "down": { "texture": "#0", "uv": [ 15.0, 0.0, 16.0, 1.25 ] }
            }
        },
        {
            "name": "!",
            "from": [ 4.75, 5.25, 6.75 ], 
            "to": [ 5.75, 9.25, 9.5 ], 
            "faces": {
                "north": { "texture": "#1", "uv": [ 10.25, 6.75, 11.25, 10.75 ] },
                "east": { "texture": "#1", "uv": [ 6.5, 6.75, 9.25, 10.75 ] },
                "south": { "texture": "#1", "uv": [ 4.75, 6.75, 5.75, 10.75 ] },
                "west": { "texture": "#1", "uv": [ 6.75, 6.75, 9.5, 10.75 ] },
                "up": { "texture": "#1", "uv": [ 4.75, 6.75, 5.75, 9.5 ] },
                "down": { "texture": "#1", "uv": [ 11.25, 9.5, 10.25, 6.75 ] }
            }
        },
        {
            "name": "Element",
            "from": [ 4.75, 6.25, 6.0 ], 
            "to": [ 5.75, 8.25, 10.25 ], 
            "faces": {
                "north": { "texture": "#1", "uv": [ 10.25, 7.75, 11.25, 9.75 ] },
                "east": { "texture": "#1", "uv": [ 5.75, 7.75, 10.0, 9.75 ] },
                "south": { "texture": "#1", "uv": [ 4.75, 7.75, 5.75, 9.75 ] },
                "west": { "texture": "#1", "uv": [ 6.0, 7.75, 10.25, 9.75 ] },
                "up": { "texture": "#1", "uv": [ 4.75, 6.0, 5.75, 10.25 ] },
                "down": { "texture": "#1", "uv": [ 11.25, 10.25, 10.25, 6.0 ] }
            }
        },
        {
            "name": "Element",
            "from": [ -2.75, 5.75, 6.25 ], 
            "to": [ -1.75, 8.75, 10.0 ], 
            "faces": {
                "north": { "texture": "#1", "uv": [ 16.0, 7.25, 16.0, 10.25 ] },
                "east": { "texture": "#1", "uv": [ 6.0, 7.25, 9.75, 10.25 ] },
                "south": { "texture": "#1", "uv": [ 0.0, 7.25, 0.0, 10.25 ] },
                "west": { "texture": "#1", "uv": [ 6.25, 7.25, 10.0, 10.25 ], "cullface": "west" },
                "up": { "texture": "#1", "uv": [ 0.0, 6.25, 0.0, 10.0 ] },
                "down": { "texture": "#1", "uv": [ 16.0, 10.0, 16.0, 6.25 ] }
            }
        },
        {
            "name": "Element",
            "from": [ -2.75, 5.5, 6.5 ], 
            "to": [ -1.75, 9.0, 9.75 ], 
            "faces": {
                "north": { "texture": "#1", "uv": [ 16.0, 7.0, 16.0, 10.5 ] },
                "east": { "texture": "#1", "uv": [ 6.25, 7.0, 9.5, 10.5 ] },
                "south": { "texture": "#1", "uv": [ 0.0, 7.0, 0.0, 10.5 ] },
                "west": { "texture": "#1", "uv": [ 6.5, 7.0, 9.75, 10.5 ], "cullface": "west" },
                "up": { "texture": "#1", "uv": [ 0.0, 6.5, 0.0, 9.75 ] },
                "down": { "texture": "#1", "uv": [ 16.0, 9.75, 16.0, 6.5 ] }
            }
        },
        {
            "name": "Element",
            "from": [ -2.75, 5.0, 7.25 ], 
            "to": [ -1.75, 9.5, 9.0 ], 
            "faces": {
                "north": { "texture": "#1", "uv": [ 16.0, 6.5, 16.0, 11.0 ] },
                "east": { "texture": "#1", "uv": [ 7.0, 6.5, 8.75, 11.0 ] },
                "south": { "texture": "#1", "uv": [ 0.0, 6.5, 0.0, 11.0 ] },
                "west": { "texture": "#1", "uv": [ 7.25, 6.5, 9.0, 11.0 ], "cullface": "west" },
                "up": { "texture": "#1", "uv": [ 0.0, 7.25, 0.0, 9.0 ] },
                "down": { "texture": "#1", "uv": [ 16.0, 9.0, 16.0, 7.25 ] }
            }
        },
        {
            "name": "Element",
            "from": [ -3.25, 5.5, 7.25 ], 
            "to": [ 8.0, 5.75, 7.75 ], 
            "faces": {
                "north": { "texture": "#1", "uv": [ 8.0, 10.25, 16.0, 10.5 ] },
                "south": { "texture": "#1", "uv": [ 0.0, 10.25, 8.0, 10.5 ] },
                "west": { "texture": "#1", "uv": [ 7.25, 10.25, 7.75, 10.5 ], "cullface": "west" },
                "up": { "texture": "#1", "uv": [ 0.0, 7.25, 8.0, 7.75 ] },
                "down": { "texture": "#1", "uv": [ 16.0, 7.75, 8.0, 7.25 ] }
            }
        },
        {
            "name": "Element",
            "from": [ -3.25, 5.5, 8.5 ], 
            "to": [ 8.0, 5.75, 9.0 ], 
            "faces": {
                "north": { "texture": "#1", "uv": [ 8.0, 10.25, 16.0, 10.5 ] },
                "south": { "texture": "#1", "uv": [ 0.0, 10.25, 8.0, 10.5 ] },
                "west": { "texture": "#1", "uv": [ 8.5, 10.25, 9.0, 10.5 ], "cullface": "west" },
                "up": { "texture": "#1", "uv": [ 0.0, 8.5, 8.0, 9.0 ] },
                "down": { "texture": "#1", "uv": [ 16.0, 9.0, 8.0, 8.5 ] }
            }
        },
        {
            "name": "Element",
            "from": [ -3.25, 6.75, 9.25 ], 
            "to": [ 8.0, 7.0, 9.75 ], 
            "faces": {
                "north": { "texture": "#1", "uv": [ 8.0, 9.0, 16.0, 9.25 ] },
                "south": { "texture": "#1", "uv": [ 0.0, 9.0, 8.0, 9.25 ] },
                "west": { "texture": "#1", "uv": [ 9.25, 9.0, 9.75, 9.25 ], "cullface": "west" },
                "up": { "texture": "#1", "uv": [ 0.0, 9.25, 8.0, 9.75 ] },
                "down": { "texture": "#1", "uv": [ 16.0, 9.75, 8.0, 9.25 ] }
            }
        },
        {
            "name": "Element",
            "from": [ -3.25, 7.5, 6.5 ], 
            "to": [ 8.0, 7.75, 7.0 ], 
            "faces": {
                "north": { "texture": "#1", "uv": [ 8.0, 8.25, 16.0, 8.5 ] },
                "south": { "texture": "#1", "uv": [ 0.0, 8.25, 8.0, 8.5 ] },
                "west": { "texture": "#1", "uv": [ 6.5, 8.25, 7.0, 8.5 ], "cullface": "west" },
                "up": { "texture": "#1", "uv": [ 0.0, 6.5, 8.0, 7.0 ] },
                "down": { "texture": "#1", "uv": [ 16.0, 7.0, 8.0, 6.5 ] }
            }
        },
        {
            "name": "Element",
            "from": [ -3.25, 8.0, 8.5 ], 
            "to": [ 8.0, 8.25, 9.0 ], 
            "faces": {
                "north": { "texture": "#1", "uv": [ 8.0, 7.75, 16.0, 8.0 ] },
                "south": { "texture": "#1", "uv": [ 0.0, 7.75, 8.0, 8.0 ] },
                "west": { "texture": "#1", "uv": [ 8.5, 7.75, 9.0, 8.0 ], "cullface": "west" },
                "up": { "texture": "#1", "uv": [ 0.0, 8.5, 8.0, 9.0 ] },
                "down": { "texture": "#1", "uv": [ 16.0, 9.0, 8.0, 8.5 ] }
            }
        },
        {
            "name": "Element",
            "from": [ -3.25, 8.25, 7.649999998509884 ], 
            "to": [ 8.0, 8.75, 7.899999998509884 ], 
            "faces": {
                "north": { "texture": "#1", "uv": [ 8.0, 7.25, 16.0, 7.75 ] },
                "south": { "texture": "#1", "uv": [ 0.0, 7.25, 8.0, 7.75 ] },
                "west": { "texture": "#1", "uv": [ 7.75, 7.25, 8.0, 7.75 ], "cullface": "west" },
                "up": { "texture": "#1", "uv": [ 0.0, 7.75, 8.0, 8.0 ] },
                "down": { "texture": "#1", "uv": [ 16.0, 8.0, 8.0, 7.75 ] }
            }
        },
        {
            "name": "Element",
            "from": [ -3.25, 8.0, 7.25 ], 
            "to": [ 8.0, 8.25, 7.75 ], 
            "faces": {
                "north": { "texture": "#1", "uv": [ 8.0, 7.75, 16.0, 8.0 ] },
                "south": { "texture": "#1", "uv": [ 0.0, 7.75, 8.0, 8.0 ] },
                "west": { "texture": "#1", "uv": [ 7.25, 7.75, 7.75, 8.0 ], "cullface": "west" },
                "up": { "texture": "#1", "uv": [ 0.0, 7.25, 8.0, 7.75 ] },
                "down": { "texture": "#1", "uv": [ 16.0, 7.75, 8.0, 7.25 ] }
            }
        },
        {
            "name": "!",
            "from": [ -3.25, 7.0, 9.75 ], 
            "to": [ 8.0, 7.5, 10.0 ], 
            "faces": {
                "north": { "texture": "#0", "uv": [ 15.0, 0.0, 16.0, 1.25 ] },
                "south": { "texture": "#0", "uv": [ 15.0, 0.0, 16.0, 1.25 ] },
                "west": { "texture": "#0", "uv": [ 15.0, 0.0, 16.0, 1.25 ], "cullface": "west" },
                "up": { "texture": "#0", "uv": [ 15.0, 0.0, 16.0, 1.25 ] },
                "down": { "texture": "#0", "uv": [ 15.0, 0.0, 16.0, 1.25 ] }
            }
        },
        {
            "name": "Element",
            "from": [ -3.25, 5.75, 9.0 ], 
            "to": [ 8.0, 6.25, 9.25 ], 
            "faces": {
                "north": { "texture": "#0", "uv": [ 15.0, 0.0, 16.0, 1.25 ] },
                "south": { "texture": "#0", "uv": [ 15.0, 0.0, 16.0, 1.25 ] },
                "west": { "texture": "#0", "uv": [ 15.0, 0.0, 16.0, 1.25 ], "cullface": "west" },
                "up": { "texture": "#0", "uv": [ 15.0, 0.0, 16.0, 1.25 ] },
                "down": { "texture": "#0", "uv": [ 15.0, 0.0, 16.0, 1.25 ] }
            }
        },
        {
            "name": "Element",
            "from": [ -3.25, 5.75, 7.75 ], 
            "to": [ 8.0, 6.25, 8.0 ], 
            "faces": {
                "north": { "texture": "#0", "uv": [ 15.0, 0.0, 16.0, 1.25 ] },
                "south": { "texture": "#0", "uv": [ 15.0, 0.0, 16.0, 1.25 ] },
                "west": { "texture": "#0", "uv": [ 15.0, 0.0, 16.0, 1.25 ], "cullface": "west" },
                "up": { "texture": "#0", "uv": [ 15.0, 0.0, 16.0, 1.25 ] },
                "down": { "texture": "#0", "uv": [ 15.0, 0.0, 16.0, 1.25 ] }
            }
        },
        {
            "name": "Element",
            "from": [ -3.25, 7.0, 7.0 ], 
            "to": [ 8.0, 7.5, 7.25 ], 
            "faces": {
                "north": { "texture": "#0", "uv": [ 15.0, 0.0, 16.0, 1.25 ] },
                "south": { "texture": "#0", "uv": [ 15.0, 0.0, 16.0, 1.25 ] },
                "west": { "texture": "#0", "uv": [ 15.0, 0.0, 16.0, 1.25 ], "cullface": "west" },
                "up": { "texture": "#0", "uv": [ 15.0, 0.0, 16.0, 1.25 ] },
                "down": { "texture": "#0", "uv": [ 15.0, 0.0, 16.0, 1.25 ] }
            }
        },
        {
            "name": "Element",
            "from": [ -3.25, 8.25, 9.0 ], 
            "to": [ 8.0, 8.75, 9.25 ], 
            "faces": {
                "north": { "texture": "#0", "uv": [ 15.0, 0.0, 16.0, 1.25 ] },
                "south": { "texture": "#0", "uv": [ 15.0, 0.0, 16.0, 1.25 ] },
                "west": { "texture": "#0", "uv": [ 15.0, 0.0, 16.0, 1.25 ], "cullface": "west" },
                "up": { "texture": "#0", "uv": [ 15.0, 0.0, 16.0, 1.25 ] },
                "down": { "texture": "#0", "uv": [ 15.0, 0.0, 16.0, 1.25 ] }
            }
        },
        {
            "name": "!",
            "from": [ 4.75, 5.0, 7.25 ], 
            "to": [ 5.75, 9.5, 9.0 ], 
            "faces": {
                "north": { "texture": "#1", "uv": [ 10.25, 6.5, 11.25, 11.0 ] },
                "east": { "texture": "#1", "uv": [ 7.0, 6.5, 8.75, 11.0 ] },
                "south": { "texture": "#1", "uv": [ 4.75, 6.5, 5.75, 11.0 ] },
                "west": { "texture": "#1", "uv": [ 7.25, 6.5, 9.0, 11.0 ] },
                "up": { "texture": "#1", "uv": [ 4.75, 7.25, 5.75, 9.0 ] },
                "down": { "texture": "#1", "uv": [ 11.25, 9.0, 10.25, 7.25 ] }
            }
        },
        {
            "name": "Element",
            "from": [ 4.75, 5.5, 6.5 ], 
            "to": [ 5.75, 9.0, 9.75 ], 
            "faces": {
                "north": { "texture": "#1", "uv": [ 10.25, 7.0, 11.25, 10.5 ] },
                "east": { "texture": "#1", "uv": [ 6.25, 7.0, 9.5, 10.5 ] },
                "south": { "texture": "#1", "uv": [ 4.75, 7.0, 5.75, 10.5 ] },
                "west": { "texture": "#1", "uv": [ 6.5, 7.0, 9.75, 10.5 ] },
                "up": { "texture": "#1", "uv": [ 4.75, 6.5, 5.75, 9.75 ] },
                "down": { "texture": "#1", "uv": [ 11.25, 9.75, 10.25, 6.5 ] }
            }
        },
        {
            "name": "Element",
            "from": [ 4.75, 5.75, 6.25 ], 
            "to": [ 5.75, 8.75, 10.0 ], 
            "faces": {
                "north": { "texture": "#1", "uv": [ 10.25, 7.25, 11.25, 10.25 ] },
                "east": { "texture": "#1", "uv": [ 6.0, 7.25, 9.75, 10.25 ] },
                "south": { "texture": "#1", "uv": [ 4.75, 7.25, 5.75, 10.25 ] },
                "west": { "texture": "#1", "uv": [ 6.25, 7.25, 10.0, 10.25 ] },
                "up": { "texture": "#1", "uv": [ 4.75, 6.25, 5.75, 10.0 ] },
                "down": { "texture": "#1", "uv": [ 11.25, 10.0, 10.25, 6.25 ] }
            }
        },
        {
            "name": "Element",
            "from": [ -2.75, 6.25, 6.0 ], 
            "to": [ -1.75, 8.25, 10.25 ], 
            "faces": {
                "north": { "texture": "#1", "uv": [ 16.0, 7.75, 16.0, 9.75 ] },
                "east": { "texture": "#1", "uv": [ 5.75, 7.75, 10.0, 9.75 ] },
                "south": { "texture": "#1", "uv": [ 0.0, 7.75, 0.0, 9.75 ] },
                "west": { "texture": "#1", "uv": [ 6.0, 7.75, 10.25, 9.75 ], "cullface": "west" },
                "up": { "texture": "#1", "uv": [ 0.0, 6.0, 0.0, 10.25 ] },
                "down": { "texture": "#1", "uv": [ 16.0, 10.25, 16.0, 6.0 ] }
            }
        },
        {
            "name": "Element",
            "from": [ -2.75, 5.25, 6.75 ], 
            "to": [ -1.75, 9.25, 9.5 ], 
            "faces": {
                "north": { "texture": "#1", "uv": [ 16.0, 6.75, 16.0, 10.75 ] },
                "east": { "texture": "#1", "uv": [ 6.5, 6.75, 9.25, 10.75 ] },
                "south": { "texture": "#1", "uv": [ 0.0, 6.75, 0.0, 10.75 ] },
                "west": { "texture": "#1", "uv": [ 6.75, 6.75, 9.5, 10.75 ], "cullface": "west" },
                "up": { "texture": "#1", "uv": [ 0.0, 6.75, 0.0, 9.5 ] },
                "down": { "texture": "#1", "uv": [ 16.0, 9.5, 16.0, 6.75 ] }
            }
        },
        {
            "name": "Element",
            "from": [ 8.0, 5.25, 5.75 ], 
            "to": [ 15.0, 9.25, 10.5 ], 
            "faces": {
                "north": { "texture": "#1", "uv": [ 1.0, 6.75, 8.0, 10.75 ] },
                "east": { "texture": "#1", "uv": [ 5.5, 6.75, 10.25, 10.75 ] },
                "south": { "texture": "#1", "uv": [ 8.0, 6.75, 15.0, 10.75 ] },
                "west": { "texture": "#1", "uv": [ 5.75, 6.75, 10.5, 10.75 ] },
                "up": { "texture": "#1", "uv": [ 8.0, 5.75, 15.0, 10.5 ] },
                "down": { "texture": "#1", "uv": [ 8.0, 10.5, 1.0, 5.75 ] }
            }
        },
        {
            "name": "Element",
            "from": [ 8.25, 8.75, 9.75 ], 
            "to": [ 9.5, 10.5, 10.75 ], 
            "faces": {
                "north": { "texture": "#1", "uv": [ 6.5, 5.5, 7.75, 7.25 ] },
                "east": { "texture": "#1", "uv": [ 5.25, 5.5, 6.25, 7.25 ] },
                "south": { "texture": "#1", "uv": [ 8.25, 5.5, 9.5, 7.25 ] },
                "west": { "texture": "#1", "uv": [ 9.75, 5.5, 10.75, 7.25 ] },
                "up": { "texture": "#1", "uv": [ 8.25, 9.75, 9.5, 10.75 ] },
                "down": { "texture": "#1", "uv": [ 7.75, 10.75, 6.5, 9.75 ] }
            }
        },
        {
            "name": "Element",
            "from": [ 8.25, 8.75, 5.5 ], 
            "to": [ 9.5, 10.5, 6.5 ], 
            "faces": {
                "north": { "texture": "#1", "uv": [ 6.5, 5.5, 7.75, 7.25 ] },
                "east": { "texture": "#1", "uv": [ 9.5, 5.5, 10.5, 7.25 ] },
                "south": { "texture": "#1", "uv": [ 8.25, 5.5, 9.5, 7.25 ] },
                "west": { "texture": "#1", "uv": [ 5.5, 5.5, 6.5, 7.25 ] },
                "up": { "texture": "#1", "uv": [ 8.25, 5.5, 9.5, 6.5 ] },
                "down": { "texture": "#1", "uv": [ 7.75, 6.5, 6.5, 5.5 ] }
            }
        },
        {
            "name": "Element",
            "from": [ 8.25, 10.75, 6.75 ], 
            "to": [ 9.5, 11.75, 9.5 ], 
            "faces": {
                "north": { "texture": "#1", "uv": [ 6.5, 4.25, 7.75, 5.25 ] },
                "east": { "texture": "#1", "uv": [ 6.5, 4.25, 9.25, 5.25 ] },
                "south": { "texture": "#1", "uv": [ 8.25, 4.25, 9.5, 5.25 ] },
                "west": { "texture": "#1", "uv": [ 6.75, 4.25, 9.5, 5.25 ] },
                "up": { "texture": "#1", "uv": [ 8.25, 6.75, 9.5, 9.5 ] },
                "down": { "texture": "#1", "uv": [ 7.75, 9.5, 6.5, 6.75 ] }
            }
        },
        {
            "name": "Element",
            "from": [ 8.25, 10.25, 9.5 ], 
            "to": [ 9.5, 11.5, 10.25 ], 
            "faces": {
                "north": { "texture": "#1", "uv": [ 6.5, 4.5, 7.75, 5.75 ] },
                "east": { "texture": "#1", "uv": [ 5.75, 4.5, 6.5, 5.75 ] },
                "south": { "texture": "#1", "uv": [ 8.25, 4.5, 9.5, 5.75 ] },
                "west": { "texture": "#1", "uv": [ 9.5, 4.5, 10.25, 5.75 ] },
                "up": { "texture": "#1", "uv": [ 8.25, 9.5, 9.5, 10.25 ] },
                "down": { "texture": "#1", "uv": [ 7.75, 10.25, 6.5, 9.5 ] }
            }
        },
        {
            "name": "Element",
            "from": [ 8.25, 10.25, 6.0 ], 
            "to": [ 9.5, 11.5, 6.75 ], 
            "faces": {
                "north": { "texture": "#1", "uv": [ 6.5, 4.5, 7.75, 5.75 ] },
                "east": { "texture": "#1", "uv": [ 9.25, 4.5, 10.0, 5.75 ] },
                "south": { "texture": "#1", "uv": [ 8.25, 4.5, 9.5, 5.75 ] },
                "west": { "texture": "#1", "uv": [ 6.0, 4.5, 6.75, 5.75 ] },
                "up": { "texture": "#1", "uv": [ 8.25, 6.0, 9.5, 6.75 ] },
                "down": { "texture": "#1", "uv": [ 7.75, 6.75, 6.5, 6.0 ] }
            }
        },
        {
            "name": "Element",
            "from": [ 8.25, 10.5, 9.25 ], 
            "to": [ 9.5, 11.25, 10.5 ], 
            "faces": {
                "north": { "texture": "#1", "uv": [ 6.5, 4.75, 7.75, 5.5 ] },
                "east": { "texture": "#1", "uv": [ 5.5, 4.75, 6.75, 5.5 ] },
                "south": { "texture": "#1", "uv": [ 8.25, 4.75, 9.5, 5.5 ] },
                "west": { "texture": "#1", "uv": [ 9.25, 4.75, 10.5, 5.5 ] },
                "up": { "texture": "#1", "uv": [ 8.25, 9.25, 9.5, 10.5 ] },
                "down": { "texture": "#1", "uv": [ 7.75, 10.5, 6.5, 9.25 ] }
            }
        },
        {
            "name": "Element",
            "from": [ 8.25, 10.5, 5.75 ], 
            "to": [ 9.5, 11.25, 7.0 ], 
            "faces": {
                "north": { "texture": "#1", "uv": [ 6.5, 4.75, 7.75, 5.5 ] },
                "east": { "texture": "#1", "uv": [ 9.0, 4.75, 10.25, 5.5 ] },
                "south": { "texture": "#1", "uv": [ 8.25, 4.75, 9.5, 5.5 ] },
                "west": { "texture": "#1", "uv": [ 5.75, 4.75, 7.0, 5.5 ] },
                "up": { "texture": "#1", "uv": [ 8.25, 5.75, 9.5, 7.0 ] },
                "down": { "texture": "#1", "uv": [ 7.75, 7.0, 6.5, 5.75 ] }
            }
        },
        {
            "name": "Element",
            "from": [ 15.0, 5.5, 6.0 ], 
            "to": [ 16.5, 9.5, 10.25 ], 
            "faces": {
                "north": { "texture": "#1", "uv": [ 0.0, 6.5, 1.0, 10.5 ] },
                "east": { "texture": "#1", "uv": [ 5.75, 6.5, 10.0, 10.5 ], "cullface": "east" },
                "south": { "texture": "#1", "uv": [ 15.0, 6.5, 16.0, 10.5 ] },
                "west": { "texture": "#1", "uv": [ 6.0, 6.5, 10.25, 10.5 ] },
                "up": { "texture": "#1", "uv": [ 15.0, 6.0, 16.0, 10.25 ] },
                "down": { "texture": "#1", "uv": [ 1.0, 10.25, 0.0, 6.0 ] }
            }
        },
        {
            "name": "Element",
            "from": [ 16.5, 5.75, 6.25 ], 
            "to": [ 17.5, 9.5, 10.0 ], 
            "faces": {
                "north": { "texture": "#1", "uv": [ 0.0, 6.5, 0.0, 10.25 ] },
                "east": { "texture": "#1", "uv": [ 6.0, 6.5, 9.75, 10.25 ], "cullface": "east" },
                "south": { "texture": "#1", "uv": [ 16.0, 6.5, 16.0, 10.25 ] },
                "up": { "texture": "#1", "uv": [ 16.0, 6.25, 16.0, 10.0 ] },
                "down": { "texture": "#1", "uv": [ 0.0, 10.0, 0.0, 6.25 ] }
            }
        },
        {
            "name": "Element",
            "from": [ 17.5, 6.0, 6.5 ], 
            "to": [ 18.0, 9.5, 9.75 ], 
            "faces": {
                "north": { "texture": "#1", "uv": [ 0.0, 6.5, 0.0, 10.0 ] },
                "east": { "texture": "#1", "uv": [ 6.25, 6.5, 9.5, 10.0 ], "cullface": "east" },
                "south": { "texture": "#1", "uv": [ 16.0, 6.5, 16.0, 10.0 ] },
                "up": { "texture": "#1", "uv": [ 16.0, 6.5, 16.0, 9.75 ] },
                "down": { "texture": "#1", "uv": [ 0.0, 9.75, 0.0, 6.5 ] }
            }
        },
        {
            "name": "Element",
            "from": [ 18.0, 6.5, 7.0 ], 
            "to": [ 18.25, 9.5, 9.5 ], 
            "faces": {
                "north": { "texture": "#1", "uv": [ 0.0, 6.5, 0.0, 9.5 ] },
                "east": { "texture": "#1", "uv": [ 6.5, 6.5, 9.0, 9.5 ], "cullface": "east" },
                "south": { "texture": "#1", "uv": [ 16.0, 6.5, 16.0, 9.5 ] },
                "up": { "texture": "#1", "uv": [ 16.0, 7.0, 16.0, 9.5 ] },
                "down": { "texture": "#1", "uv": [ 0.0, 9.5, 0.0, 7.0 ] }
            }
        },
        {
            "name": "Element",
            "from": [ 17.5, 9.0, 7.25 ], 
            "to": [ 19.0, 12.5, 8.75 ], 
            "rotation": { "origin": [ 17.5, 12.5, 7.25 ], "axis": "z", "angle": -22.5 },
            "faces": {
                "north": { "texture": "#1", "uv": [ 7.0, 0.0, 8.5, 3.5 ] },
                "east": { "texture": "#1", "uv": [ 7.5, 0.0, 8.5, 3.5 ], "cullface": "east" },
                "south": { "texture": "#1", "uv": [ 7.5, 0.0, 9.0, 3.5 ] },
                "west": { "texture": "#1", "uv": [ 7.5, 0.0, 8.5, 3.5 ] },
                "up": { "texture": "#1", "uv": [ 7.5, 7.5, 9.0, 8.5 ] },
                "down": { "texture": "#1", "uv": [ 8.5, 8.5, 7.0, 7.5 ] }
            }
        },
        {
            "name": "Element",
            "from": [ 15.25, 10.5, 7.75 ], 
            "to": [ 17.0, 10.75, 8.25 ], 
            "faces": {
                "north": { "texture": "#1", "uv": [ 0.0, 5.25, 0.75, 5.5 ] },
                "east": { "texture": "#1", "uv": [ 7.75, 5.25, 8.25, 5.5 ], "cullface": "east" },
                "south": { "texture": "#1", "uv": [ 15.25, 5.25, 16.0, 5.5 ] },
                "west": { "texture": "#1", "uv": [ 7.75, 5.25, 8.25, 5.5 ] },
                "up": { "texture": "#1", "uv": [ 15.25, 7.75, 16.0, 8.25 ] },
                "down": { "texture": "#1", "uv": [ 0.75, 8.25, 0.0, 7.75 ] }
            }
        },
        {
            "name": "Element",
            "from": [ 15.25, 10.25, 7.75 ], 
            "to": [ 15.5, 10.5, 8.25 ], 
            "faces": {
                "north": { "texture": "#1", "uv": [ 0.5, 5.5, 0.75, 5.75 ] },
                "east": { "texture": "#1", "uv": [ 7.75, 5.5, 8.25, 5.75 ] },
                "south": { "texture": "#1", "uv": [ 15.25, 5.5, 15.5, 5.75 ] },
                "down": { "texture": "#1", "uv": [ 0.75, 8.25, 0.5, 7.75 ] }
            }
        },
        {
            "name": "Element",
            "from": [ 15.0, 9.5, 7.75 ], 
            "to": [ 15.25, 10.5, 8.25 ], 
            "faces": {
                "north": { "texture": "#1", "uv": [ 0.75, 5.5, 1.0, 6.5 ] },
                "east": { "texture": "#1", "uv": [ 7.75, 5.5, 8.25, 6.5 ] },
                "south": { "texture": "#1", "uv": [ 15.0, 5.5, 15.25, 6.5 ] },
                "west": { "texture": "#1", "uv": [ 7.75, 5.5, 8.25, 6.5 ] },
                "up": { "texture": "#1", "uv": [ 15.0, 7.75, 15.25, 8.25 ] }
            }
        },
        {
            "name": "Element",
            "from": [ 15.75, 9.0, 7.75 ], 
            "to": [ 16.0, 10.25, 8.25 ], 
            "rotation": { "origin": [ 15.75, 10.25, 7.75 ], "axis": "z", "angle": -22.5 },
            "faces": {
                "north": { "texture": "#1", "uv": [ 8.25, 0.0, 8.5, 1.25 ] },
                "east": { "texture": "#1", "uv": [ 7.75, 0.0, 8.25, 1.25 ], "cullface": "east" },
                "south": { "texture": "#1", "uv": [ 7.5, 0.0, 7.75, 1.25 ] },
                "west": { "texture": "#1", "uv": [ 7.75, 0.0, 8.25, 1.25 ] },
                "up": { "texture": "#1", "uv": [ 7.5, 7.75, 7.75, 8.25 ] },
                "down": { "texture": "#1", "uv": [ 8.5, 8.25, 8.25, 7.75 ] }
            }
        },
        {
            "name": "Element",
            "from": [ 10.25, 7.25, 10.5 ], 
            "to": [ 13.5, 8.25, 11.0 ], 
            "faces": {
                "east": { "texture": "#1", "uv": [ 5.0, 7.75, 5.5, 8.75 ] },
                "west": { "texture": "#1", "uv": [ 10.5, 7.75, 11.0, 8.75 ] },
                "up": { "texture": "#1", "uv": [ 10.25, 10.5, 13.5, 11.0 ] },
                "down": { "texture": "#1", "uv": [ 5.75, 11.0, 2.5, 10.5 ] }
            }
        },
        {
            "name": "Element",
            "from": [ 9.5, 4.25, 11.0 ], 
            "to": [ 14.25, 8.75, 12.75 ], 
            "faces": {
                "north": { "texture": "#1", "uv": [ 1.75, 7.25, 6.5, 11.75 ] },
                "east": { "texture": "#1", "uv": [ 3.25, 7.25, 5.0, 11.75 ] },
                "south": { "texture": "#1", "uv": [ 9.5, 7.25, 14.25, 11.75 ] },
                "west": { "texture": "#1", "uv": [ 11.0, 7.25, 12.75, 11.75 ] },
                "up": { "texture": "#1", "uv": [ 9.5, 11.0, 14.25, 12.75 ] },
                "down": { "texture": "#1", "uv": [ 6.5, 12.75, 1.75, 11.0 ] }
            }
        },
        {
            "name": "Element",
            "from": [ 9.75, 4.25, 12.75 ], 
            "to": [ 14.0, 8.5, 13.5 ], 
            "faces": {
                "east": { "texture": "#1", "uv": [ 2.5, 7.5, 3.25, 11.75 ] },
                "south": { "texture": "#1", "uv": [ 9.75, 7.5, 14.0, 11.75 ] },
                "west": { "texture": "#1", "uv": [ 12.75, 7.5, 13.5, 11.75 ] },
                "up": { "texture": "#1", "uv": [ 9.75, 12.75, 14.0, 13.5 ] },
                "down": { "texture": "#1", "uv": [ 6.25, 13.5, 2.0, 12.75 ] }
            }
        },
        {
            "name": "Element",
            "from": [ 10.25, 4.25, 13.5 ], 
            "to": [ 13.5, 8.25, 13.75 ], 
            "faces": {
                "east": { "texture": "#1", "uv": [ 2.25, 7.75, 2.5, 11.75 ] },
                "south": { "texture": "#1", "uv": [ 10.25, 7.75, 13.5, 11.75 ] },
                "west": { "texture": "#1", "uv": [ 13.5, 7.75, 13.75, 11.75 ] },
                "up": { "texture": "#1", "uv": [ 10.25, 13.5, 13.5, 13.75 ] },
                "down": { "texture": "#1", "uv": [ 5.75, 13.75, 2.5, 13.5 ] }
            }
        },
        {
            "name": "Cube",
            "from": [ -3.25, 8.100000001490116, 6.450000017881393 ], 
            "to": [ 8.0, 8.350000001490116, 6.950000017881393 ], 
            "faces": {
                "north": { "texture": "#2", "uv": [ 15.0, 0.0, 16.0, 1.25 ] },
                "south": { "texture": "#2", "uv": [ 15.0, 0.0, 16.0, 1.25 ] },
                "west": { "texture": "#2", "uv": [ 15.0, 0.0, 16.0, 1.25 ], "cullface": "west" },
                "up": { "texture": "#2", "uv": [ 15.0, 0.0, 16.0, 1.25 ] },
                "down": { "texture": "#2", "uv": [ 15.0, 0.0, 16.0, 1.25 ] }
            }
        },
        {
            "name": "Cube",
            "from": [ -3.25, 8.100000001490116, 9.250000014901161 ], 
            "to": [ 8.0, 8.350000001490116, 9.750000014901161 ], 
            "faces": {
                "north": { "texture": "#2", "uv": [ 15.0, 0.0, 16.0, 1.25 ] },
                "south": { "texture": "#2", "uv": [ 15.0, 0.0, 16.0, 1.25 ] },
                "west": { "texture": "#2", "uv": [ 15.0, 0.0, 16.0, 1.25 ], "cullface": "west" },
                "up": { "texture": "#2", "uv": [ 15.0, 0.0, 16.0, 1.25 ] },
                "down": { "texture": "#2", "uv": [ 15.0, 0.0, 16.0, 1.25 ] }
            }
        },
        {
            "name": "Cube",
            "from": [ -3.25, 7.399999991059303, 6.450000017881393 ], 
            "to": [ 8.0, 7.649999991059303, 6.950000017881393 ], 
            "faces": {
                "north": { "texture": "#2", "uv": [ 15.0, 0.0, 16.0, 1.25 ] },
                "south": { "texture": "#2", "uv": [ 15.0, 0.0, 16.0, 1.25 ] },
                "west": { "texture": "#2", "uv": [ 15.0, 0.0, 16.0, 1.25 ], "cullface": "west" },
                "up": { "texture": "#2", "uv": [ 15.0, 0.0, 16.0, 1.25 ] },
                "down": { "texture": "#2", "uv": [ 16.0, 7.75, 8.0, 7.25 ] }
            }
        },
        {
            "name": "Cube",
            "from": [ -3.25, 7.6500000059604645, 6.899999998509884 ], 
            "to": [ 8.0, 8.150000005960464, 7.149999998509884 ], 
            "faces": {
                "north": { "texture": "#2", "uv": [ 15.0, 0.0, 16.0, 1.25 ] },
                "south": { "texture": "#2", "uv": [ 15.0, 0.0, 16.0, 1.25 ] },
                "west": { "texture": "#2", "uv": [ 15.0, 0.0, 16.0, 1.25 ], "cullface": "west" },
                "up": { "texture": "#2", "uv": [ 15.0, 0.0, 16.0, 1.25 ] },
                "down": { "texture": "#2", "uv": [ 15.0, 0.0, 16.0, 1.25 ] }
            }
        },
        {
            "name": "Cube",
            "from": [ -3.25, 7.6500000059604645, 6.200000002980232 ], 
            "to": [ 8.0, 8.150000005960464, 6.450000002980232 ], 
            "faces": {
                "north": { "texture": "#2", "uv": [ 15.0, 0.0, 16.0, 1.25 ] },
                "south": { "texture": "#2", "uv": [ 15.0, 0.0, 16.0, 1.25 ] },
                "west": { "texture": "#2", "uv": [ 15.0, 0.0, 16.0, 1.25 ], "cullface": "west" },
                "up": { "texture": "#2", "uv": [ 15.0, 0.0, 16.0, 1.25 ] },
                "down": { "texture": "#2", "uv": [ 15.0, 0.0, 16.0, 1.25 ] }
            }
        },
        {
            "name": "Cube",
            "from": [ -3.25, 7.399999991059303, 9.250000014901161 ], 
            "to": [ 8.0, 7.649999991059303, 9.750000014901161 ], 
            "faces": {
                "north": { "texture": "#2", "uv": [ 15.0, 0.0, 16.0, 1.25 ] },
                "south": { "texture": "#2", "uv": [ 15.0, 0.0, 16.0, 1.25 ] },
                "west": { "texture": "#2", "uv": [ 15.0, 0.0, 16.0, 1.25 ], "cullface": "west" },
                "up": { "texture": "#2", "uv": [ 15.0, 0.0, 16.0, 1.25 ] },
                "down": { "texture": "#2", "uv": [ 15.0, 0.0, 16.0, 1.25 ] }
            }
        },
        {
            "name": "Cube",
            "from": [ -3.25, 7.6500000059604645, 9.699999995529652 ], 
            "to": [ 8.0, 8.150000005960464, 9.949999995529652 ], 
            "faces": {
                "north": { "texture": "#2", "uv": [ 15.0, 0.0, 16.0, 1.25 ] },
                "south": { "texture": "#2", "uv": [ 15.0, 0.0, 16.0, 1.25 ] },
                "west": { "texture": "#2", "uv": [ 15.0, 0.0, 16.0, 1.25 ], "cullface": "west" },
                "up": { "texture": "#2", "uv": [ 15.0, 0.0, 16.0, 1.25 ] },
                "down": { "texture": "#2", "uv": [ 15.0, 0.0, 16.0, 1.25 ] }
            }
        },
        {
            "name": "Cube",
            "from": [ -3.25, 7.6500000059604645, 9.000000014901161 ], 
            "to": [ 8.0, 8.150000005960464, 9.250000014901161 ], 
            "faces": {
                "north": { "texture": "#2", "uv": [ 15.0, 0.0, 16.0, 1.25 ] },
                "south": { "texture": "#2", "uv": [ 15.0, 0.0, 16.0, 1.25 ] },
                "west": { "texture": "#2", "uv": [ 15.0, 0.0, 16.0, 1.25 ], "cullface": "west" },
                "up": { "texture": "#2", "uv": [ 15.0, 0.0, 16.0, 1.25 ] },
                "down": { "texture": "#2", "uv": [ 15.0, 0.0, 16.0, 1.25 ] }
            }
        },
        {
            "name": "Cube",
            "from": [ -3.25, 6.099999986588955, 6.450000017881393 ], 
            "to": [ 8.0, 6.349999986588955, 6.950000017881393 ], 
            "faces": {
                "north": { "texture": "#2", "uv": [ 15.0, 0.0, 16.0, 1.25 ] },
                "south": { "texture": "#2", "uv": [ 15.0, 0.0, 16.0, 1.25 ] },
                "west": { "texture": "#2", "uv": [ 15.0, 0.0, 16.0, 1.25 ], "cullface": "west" },
                "up": { "texture": "#2", "uv": [ 15.0, 0.0, 16.0, 1.25 ] },
                "down": { "texture": "#2", "uv": [ 15.0, 0.0, 16.0, 1.25 ] }
            }
        },
        {
            "name": "Cube",
            "from": [ -3.25, 6.350000001490116, 6.899999998509884 ], 
            "to": [ 8.0, 6.850000001490116, 7.149999998509884 ], 
            "faces": {
                "north": { "texture": "#2", "uv": [ 15.0, 0.0, 16.0, 1.25 ] },
                "south": { "texture": "#2", "uv": [ 15.0, 0.0, 16.0, 1.25 ] },
                "west": { "texture": "#2", "uv": [ 15.0, 0.0, 16.0, 1.25 ], "cullface": "west" },
                "up": { "texture": "#2", "uv": [ 15.0, 0.0, 16.0, 1.25 ] },
                "down": { "texture": "#2", "uv": [ 15.0, 0.0, 16.0, 1.25 ] }
            }
        },
        {
            "name": "Cube",
            "from": [ -3.25, 6.350000001490116, 6.199999988079071 ], 
            "to": [ 8.0, 6.850000001490116, 6.449999988079071 ], 
            "faces": {
                "north": { "texture": "#2", "uv": [ 15.0, 0.0, 16.0, 1.25 ] },
                "south": { "texture": "#2", "uv": [ 15.0, 0.0, 16.0, 1.25 ] },
                "west": { "texture": "#2", "uv": [ 15.0, 0.0, 16.0, 1.25 ], "cullface": "west" },
                "up": { "texture": "#2", "uv": [ 15.0, 0.0, 16.0, 1.25 ] },
                "down": { "texture": "#2", "uv": [ 15.0, 0.0, 16.0, 1.25 ] }
            }
        },
        {
            "name": "Cube",
            "from": [ -3.25, 5.750000007450581, 8.350000008940697 ], 
            "to": [ 8.0, 6.250000007450581, 8.600000008940697 ], 
            "faces": {
                "north": { "texture": "#2", "uv": [ 15.0, 0.0, 16.0, 1.25 ] },
                "south": { "texture": "#2", "uv": [ 15.0, 0.0, 16.0, 1.25 ] },
                "west": { "texture": "#2", "uv": [ 15.0, 0.0, 16.0, 1.25 ], "cullface": "west" },
                "up": { "texture": "#2", "uv": [ 15.0, 0.0, 16.0, 1.25 ] },
                "down": { "texture": "#2", "uv": [ 15.0, 0.0, 16.0, 1.25 ] }
            }
        },
        {
            "name": "Cube",
            "from": [ -3.25, 6.799999997019768, 6.450000017881393 ], 
            "to": [ 8.0, 7.049999997019768, 6.950000017881393 ], 
            "faces": {
                "north": { "texture": "#2", "uv": [ 15.0, 0.0, 16.0, 1.25 ] },
                "south": { "texture": "#2", "uv": [ 15.0, 0.0, 16.0, 1.25 ] },
                "west": { "texture": "#2", "uv": [ 15.0, 0.0, 16.0, 1.25 ], "cullface": "west" },
                "up": { "texture": "#2", "uv": [ 15.0, 0.0, 16.0, 1.25 ] },
                "down": { "texture": "#2", "uv": [ 15.0, 0.0, 16.0, 1.25 ] }
            }
        },
        {
            "name": "Cube",
            "from": [ -3.25, 6.799999997019768, 9.250000014901161 ], 
            "to": [ 8.0, 7.049999997019768, 9.750000014901161 ], 
            "faces": {
                "north": { "texture": "#2", "uv": [ 15.0, 0.0, 16.0, 1.25 ] },
                "south": { "texture": "#2", "uv": [ 15.0, 0.0, 16.0, 1.25 ] },
                "west": { "texture": "#2", "uv": [ 15.0, 0.0, 16.0, 1.25 ], "cullface": "west" },
                "up": { "texture": "#2", "uv": [ 15.0, 0.0, 16.0, 1.25 ] },
                "down": { "texture": "#2", "uv": [ 15.0, 0.0, 16.0, 1.25 ] }
            }
        },
        {
            "name": "Cube",
            "from": [ -3.25, 6.099999986588955, 9.250000014901161 ], 
            "to": [ 8.0, 6.349999986588955, 9.750000014901161 ], 
            "faces": {
                "north": { "texture": "#2", "uv": [ 15.0, 0.0, 16.0, 1.25 ] },
                "south": { "texture": "#2", "uv": [ 15.0, 0.0, 16.0, 1.25 ] },
                "west": { "texture": "#2", "uv": [ 15.0, 0.0, 16.0, 1.25 ], "cullface": "west" },
                "up": { "texture": "#2", "uv": [ 15.0, 0.0, 16.0, 1.25 ] },
                "down": { "texture": "#2", "uv": [ 15.0, 0.0, 16.0, 1.25 ] }
            }
        },
        {
            "name": "Cube",
            "from": [ -3.25, 6.350000001490116, 9.0 ], 
            "to": [ 8.0, 6.850000001490116, 9.25 ], 
            "faces": {
                "north": { "texture": "#2", "uv": [ 15.0, 0.0, 16.0, 1.25 ] },
                "south": { "texture": "#2", "uv": [ 15.0, 0.0, 16.0, 1.25 ] },
                "west": { "texture": "#2", "uv": [ 15.0, 0.0, 16.0, 1.25 ], "cullface": "west" },
                "up": { "texture": "#2", "uv": [ 15.0, 0.0, 16.0, 1.25 ] },
                "down": { "texture": "#2", "uv": [ 15.0, 0.0, 16.0, 1.25 ] }
            }
        },
        {
            "name": "Cube",
            "from": [ -3.25, 6.350000001490116, 9.69999998062849 ], 
            "to": [ 8.0, 6.850000001490116, 9.94999998062849 ], 
            "faces": {
                "north": { "texture": "#2", "uv": [ 15.0, 0.0, 16.0, 1.25 ] },
                "south": { "texture": "#2", "uv": [ 15.0, 0.0, 16.0, 1.25 ] },
                "west": { "texture": "#2", "uv": [ 15.0, 0.0, 16.0, 1.25 ], "cullface": "west" },
                "up": { "texture": "#2", "uv": [ 15.0, 0.0, 16.0, 1.25 ] },
                "down": { "texture": "#2", "uv": [ 15.0, 0.0, 16.0, 1.25 ] }
            }
        },
        {
            "name": "Cube",
            "from": [ -3.25, 8.350000001490116, 7.6999999806284904 ], 
            "to": [ 8.0, 8.850000001490116, 7.9499999806284904 ], 
            "faces": {
                "north": { "texture": "#2", "uv": [ 15.0, 0.0, 16.0, 1.25 ] },
                "south": { "texture": "#2", "uv": [ 15.0, 0.0, 16.0, 1.25 ] },
                "west": { "texture": "#2", "uv": [ 15.0, 0.0, 16.0, 1.25 ], "cullface": "west" },
                "up": { "texture": "#2", "uv": [ 15.0, 0.0, 16.0, 1.25 ] },
                "down": { "texture": "#2", "uv": [ 15.0, 0.0, 16.0, 1.25 ] }
            }
        },
        {
            "name": "Cube",
            "from": [ -3.25, 8.350000001490116, 8.299999989569187 ], 
            "to": [ 8.0, 8.850000001490116, 8.549999989569187 ], 
            "faces": {
                "north": { "texture": "#2", "uv": [ 15.0, 0.0, 16.0, 1.25 ] },
                "south": { "texture": "#2", "uv": [ 15.0, 0.0, 16.0, 1.25 ] },
                "west": { "texture": "#2", "uv": [ 15.0, 0.0, 16.0, 1.25 ], "cullface": "west" },
                "up": { "texture": "#2", "uv": [ 15.0, 0.0, 16.0, 1.25 ] },
                "down": { "texture": "#2", "uv": [ 15.0, 0.0, 16.0, 1.25 ] }
            }
        },
        {
            "name": "Cube",
            "from": [ -3.25, 8.799999982118607, 7.850000008940697 ], 
            "to": [ 8.0, 9.049999982118607, 8.350000008940697 ], 
            "faces": {
                "north": { "texture": "#2", "uv": [ 15.0, 0.0, 16.0, 1.25 ] },
                "south": { "texture": "#2", "uv": [ 15.0, 0.0, 16.0, 1.25 ] },
                "west": { "texture": "#2", "uv": [ 15.0, 0.0, 16.0, 1.25 ], "cullface": "west" },
                "up": { "texture": "#2", "uv": [ 15.0, 0.0, 16.0, 1.25 ] },
                "down": { "texture": "#2", "uv": [ 15.0, 0.0, 16.0, 1.25 ] }
            }
        },
        {
            "name": "Cube",
            "from": [ -3.25, 8.099999971687794, 7.850000008940697 ], 
            "to": [ 8.0, 8.349999971687794, 8.350000008940697 ], 
            "faces": {
                "north": { "texture": "#2", "uv": [ 15.0, 0.0, 16.0, 1.25 ] },
                "south": { "texture": "#2", "uv": [ 15.0, 0.0, 16.0, 1.25 ] },
                "west": { "texture": "#2", "uv": [ 15.0, 0.0, 16.0, 1.25 ], "cullface": "west" },
                "up": { "texture": "#2", "uv": [ 15.0, 0.0, 16.0, 1.25 ] },
                "down": { "texture": "#2", "uv": [ 15.0, 0.0, 16.0, 1.25 ] }
            }
        },
        {
            "name": "Cube",
            "from": [ -3.25, 5.649999991059303, 7.6999999806284904 ], 
            "to": [ 8.0, 6.149999991059303, 7.9499999806284904 ], 
            "faces": {
                "north": { "texture": "#2", "uv": [ 15.0, 0.0, 16.0, 1.25 ] },
                "south": { "texture": "#2", "uv": [ 15.0, 0.0, 16.0, 1.25 ] },
                "west": { "texture": "#2", "uv": [ 15.0, 0.0, 16.0, 1.25 ], "cullface": "west" },
                "up": { "texture": "#2", "uv": [ 15.0, 0.0, 16.0, 1.25 ] },
                "down": { "texture": "#2", "uv": [ 15.0, 0.0, 16.0, 1.25 ] }
            }
        },
        {
            "name": "Cube",
            "from": [ -3.25, 5.649999991059303, 8.299999989569187 ], 
            "to": [ 8.0, 6.149999991059303, 8.549999989569187 ], 
            "faces": {
                "north": { "texture": "#2", "uv": [ 15.0, 0.0, 16.0, 1.25 ] },
                "south": { "texture": "#2", "uv": [ 15.0, 0.0, 16.0, 1.25 ] },
                "west": { "texture": "#2", "uv": [ 15.0, 0.0, 16.0, 1.25 ], "cullface": "west" },
                "up": { "texture": "#2", "uv": [ 15.0, 0.0, 16.0, 1.25 ] },
                "down": { "texture": "#2", "uv": [ 15.0, 0.0, 16.0, 1.25 ] }
            }
        },
        {
            "name": "Cube",
            "from": [ -3.25, 6.19999997317791, 7.850000008940697 ], 
            "to": [ 8.0, 6.44999997317791, 8.350000008940697 ], 
            "faces": {
                "north": { "texture": "#2", "uv": [ 15.0, 0.0, 16.0, 1.25 ] },
                "south": { "texture": "#2", "uv": [ 15.0, 0.0, 16.0, 1.25 ] },
                "west": { "texture": "#2", "uv": [ 15.0, 0.0, 16.0, 1.25 ], "cullface": "west" },
                "up": { "texture": "#2", "uv": [ 15.0, 0.0, 16.0, 1.25 ] },
                "down": { "texture": "#2", "uv": [ 15.0, 0.0, 16.0, 1.25 ] }
            }
        },
        {
            "name": "Cube",
            "from": [ -3.25, 5.399999976158142, 7.850000008940697 ], 
            "to": [ 8.0, 5.649999976158142, 8.350000008940697 ], 
            "faces": {
                "north": { "texture": "#2", "uv": [ 15.0, 0.0, 16.0, 1.25 ] },
                "south": { "texture": "#2", "uv": [ 15.0, 0.0, 16.0, 1.25 ] },
                "west": { "texture": "#2", "uv": [ 15.0, 0.0, 16.0, 1.25 ], "cullface": "west" },
                "up": { "texture": "#2", "uv": [ 15.0, 0.0, 16.0, 1.25 ] },
                "down": { "texture": "#2", "uv": [ 15.0, 0.0, 16.0, 1.25 ] }
            }
        }
	],
	"display": {
		"thirdperson": {
			"rotation": [ 7, 90, -90 ],
			"translation": [ 0.4, 4.7, 1.1 ],
			"scale": [ 0.85, 0.85, 0.85 ]
		},
		"ground": {
			"rotation": [ 0, 0, 0 ],
			"translation": [ 0, 0, 0 ],
			"scale": [ 3, 3, 3 ]
		},
		"fixed": {
			"rotation": [ 0, 180, -45 ],
			"translation": [ -0.2, 0.1, -1.1 ],
			"scale": [ 1.5, 1.5, 1.5 ]
		},
		"firstperson": {
			"rotation": [ 0, -135, 0 ],
			"translation": [ 2.4, 0.7, -3.7 ],
			"scale": [ 2, 2, 2 ]
		},
		"gui": {
			"rotation": [ -30, 135, -45 ],
			"translation": [ -0.2, 0.1, 0 ],
			"scale": [ 0.9, 0.9, 0.9 ]
		}
	}
}