{
"__comment": "Designed by Corporalblober with BDcraft Cubik PRO 0.95 Beta - http://bdcraft.net",
"textures": {
    "texture": "blocks/door iron lower"
},
"elements": [ 
{
    "from": [ 6, 4.25, 6.75 ],
    "to": [ 9, 12.5, 9.25 ],
    "faces": {
        "down":  { "uv": [ 10, 9.25, 7, 6.75 ], "texture": "#texture" },
        "up":    { "uv": [ 6, 6.75, 9, 9.25 ], "texture": "#texture" },
        "north": { "uv": [ 7, 3.5, 10, 11.75 ], "texture": "#texture" },
        "south": { "uv": [ 6, 3.5, 9, 11.75 ], "texture": "#texture" },
        "west":  { "uv": [ 6.75, 3.5, 9.25, 11.75 ], "texture": "#texture" },
        "east":  { "uv": [ 6.75, 3.5, 9.25, 11.75 ], "texture": "#texture" }
    }
},
{
    "from": [ 5.5, 5, 7.5 ],
    "to": [ 6, 12, 8.5 ],
    "faces": {
        "down":  { "uv": [ 10.5, 8.5, 10, 7.5 ], "texture": "#texture" },
        "up":    { "uv": [ 5.5, 7.5, 6, 8.5 ], "texture": "#texture" },
        "north": { "uv": [ 11.5, 4.5, 12, 11.5 ], "texture": "#texture" },
        "south": { "uv": [ 5, 4, 5.5, 11 ], "texture": "#texture" },
        "west":  { "uv": [ 3, 0, 4, 7 ], "texture": "#texture" }
    }
},
{
    "from": [ 8.75, 2.25, 6.75 ],
    "to": [ 9.25, 3.25, 9.25 ],
    "faces": {
        "down":  { "uv": [ 7.25, 9.75, 6.75, 6.25 ], "texture": "#texture" },
        "up":    { "uv": [ 8.75, 6.25, 9.25, 9.75 ], "texture": "#texture" },
        "north": { "uv": [ 6.25, 4.75, 6.75, 5.75 ], "texture": "#texture" },
        "south": { "uv": [ 10.25, 4, 10.75, 5 ], "texture": "#texture" },
        "west":  { "uv": [ 4.75, 4.25, 8.25, 5.25 ], "texture": "#texture" },
        "east":  { "uv": [ 5.25, 4.25, 8.75, 5.25 ], "texture": "#texture" }
    }
},
{
    "from": [ 5.75, 2.25, 6.75 ],
    "to": [ 6.25, 3.25, 9.25 ],
    "faces": {
        "down":  { "uv": [ 10.25, 9.75, 9.75, 6.25 ], "texture": "#texture" },
        "up":    { "uv": [ 5.75, 6.25, 6.25, 9.75 ], "texture": "#texture" },
        "north": { "uv": [ 10.25, 4.25, 10.75, 5.25 ], "texture": "#texture" },
        "south": { "uv": [ 6.75, 4.25, 7.25, 5.25 ], "texture": "#texture" },
        "west":  { "uv": [ 5.75, 4.25, 9.25, 5.25 ], "texture": "#texture" },
        "east":  { "uv": [ 6.75, 4.25, 10.25, 5.25 ], "texture": "#texture" }
    }
},
{
    "from": [ 6.25, 2.25, 6.25 ],
    "to": [ 8.75, 3.25, 6.75 ],
    "faces": {
        "down":  { "uv": [ 9.75, 6.75, 7.25, 6.25 ], "texture": "#texture" },
        "up":    { "uv": [ 6.25, 6.25, 8.75, 6.75 ], "texture": "#texture" },
        "north": { "uv": [ 3.75, 4.75, 6.25, 5.75 ], "texture": "#texture" },
        "south": { "uv": [ 4.5, 4.25, 7, 5.25 ], "texture": "#texture" },
        "west":  { "uv": [ 5.75, 4, 6.25, 5 ], "texture": "#texture" },
        "east":  { "uv": [ 4.5, 4, 5, 5 ], "texture": "#texture" }
    }
},
{
    "from": [ 6.25, 2.25, 9.25 ],
    "to": [ 8.75, 3.25, 9.75 ],
    "faces": {
        "down":  { "uv": [ 9.75, 9.75, 7.25, 9.25 ], "texture": "#texture" },
        "up":    { "uv": [ 6.25, 9.25, 8.75, 9.75 ], "texture": "#texture" },
        "north": { "uv": [ 9.25, 4.75, 11.75, 5.75 ], "texture": "#texture" },
        "south": { "uv": [ 5.5, 5, 8, 6 ], "texture": "#texture" },
        "west":  { "uv": [ 10, 4.75, 10.5, 5.75 ], "texture": "#texture" },
        "east":  { "uv": [ 10.5, 5.25, 11, 6.25 ], "texture": "#texture" }
    }
},
{
    "from": [ 7, 4.75, 5.25 ],
    "to": [ 7.75, 11, 6.5 ],
    "faces": {
        "down":  { "uv": [ 9, 6.5, 8.25, 5.25 ], "texture": "#texture" },
        "up":    { "uv": [ 7, 5.25, 7.75, 6.5 ], "texture": "#texture" },
        "north": { "uv": [ 8.25, 9, 9, 15.25 ], "texture": "#texture" },
        "west":  { "uv": [ 4.75, 9, 6, 15.25 ], "texture": "#texture" }
    }
},
{
    "from": [ 7, 4.75, 9.5 ],
    "to": [ 7.75, 11, 10.75 ],
    "faces": {
        "down":  { "uv": [ 9, 10.75, 8.25, 9.5 ], "texture": "#texture" },
        "up":    { "uv": [ 7, 9.5, 7.75, 10.75 ], "texture": "#texture" },
        "south": { "uv": [ 7, 9, 7.75, 15.25 ], "texture": "#texture" },
        "west":  { "uv": [ 10, 9, 11.25, 15.25 ], "texture": "#texture" }
    }
},
{
    "from": [ 7.75, 4.5, 4.5 ],
    "to": [ 9.25, 11.25, 6.5 ],
    "faces": {
        "down":  { "uv": [ 8.25, 6.5, 6.75, 4.5 ], "texture": "#texture" },
        "up":    { "uv": [ 7.75, 4.5, 9.25, 6.5 ], "texture": "#texture" },
        "north": { "uv": [ 6.75, 8.75, 8.25, 15.5 ], "texture": "#texture" },
        "south": { "uv": [ 7, 8.75, 8.5, 15.5 ], "texture": "#texture" },
        "west":  { "uv": [ 4, 8.75, 6, 15.5 ], "texture": "#texture" },
        "east":  { "uv": [ 10, 8.75, 12, 15.5 ], "texture": "#texture" }
    }
},
{
    "from": [ 7.75, 4.5, 9.5 ],
    "to": [ 9.25, 11.25, 11.5 ],
    "faces": {
        "down":  { "uv": [ 8.25, 11.5, 6.75, 9.5 ], "texture": "#texture" },
        "up":    { "uv": [ 7.75, 9.5, 9.25, 11.5 ], "texture": "#texture" },
        "north": { "uv": [ 6.75, 8.75, 8.25, 15.5 ], "texture": "#texture" },
        "south": { "uv": [ 7.75, 8.75, 9.25, 15.5 ], "texture": "#texture" },
        "west":  { "uv": [ 10, 8.5, 12, 15.25 ], "texture": "#texture" },
        "east":  { "uv": [ 4, 8.75, 6, 15.5 ], "texture": "#texture" }
    }
},
{
    "from": [ 7, 4.25, 2.75 ],
    "to": [ 9, 11.25, 4.25 ],
    "faces": {
        "down":  { "uv": [ 9, 4.25, 7, 2.75 ], "texture": "#texture" },
        "up":    { "uv": [ 7, 2.75, 9, 4.25 ], "texture": "#texture" },
        "north": { "uv": [ 7, 4.75, 9, 11.75 ], "texture": "#texture" },
        "south": { "uv": [ 7, 4.75, 9, 11.75 ], "texture": "#texture" },
        "west":  { "uv": [ 2.75, 4.75, 4.25, 11.75 ], "texture": "#texture" },
        "east":  { "uv": [ 11.75, 4.75, 13.25, 11.75 ], "texture": "#texture" }
    }
},
{
    "from": [ 7.25, 4.25, 11.5 ],
    "to": [ 8.75, 11.25, 13.5 ],
    "faces": {
        "down":  { "uv": [ 8.75, 13.5, 7.25, 11.5 ], "texture": "#texture" },
        "up":    { "uv": [ 7.25, 11.5, 8.75, 13.5 ], "texture": "#texture" },
        "north": { "uv": [ 7.25, 4.75, 8.75, 11.75 ], "texture": "#texture" },
        "south": { "uv": [ 7.25, 4.75, 8.75, 11.75 ], "texture": "#texture" },
        "west":  { "uv": [ 11.5, 4.75, 13.5, 11.75 ], "texture": "#texture" },
        "east":  { "uv": [ 2.5, 4.75, 4.5, 11.75 ], "texture": "#texture" }
    }
},
{
    "from": [ 7.25, 11.25, 2.75 ],
    "to": [ 8.75, 11.5, 4.25 ],
    "faces": {
        "up":    { "uv": [ 7.25, 2.75, 8.75, 4.25 ], "texture": "#texture" },
        "north": { "uv": [ 7.25, 4.5, 8.75, 4.75 ], "texture": "#texture" },
        "south": { "uv": [ 7.25, 4.5, 8.75, 4.75 ], "texture": "#texture" },
        "west":  { "uv": [ 2.75, 4.5, 4.25, 4.75 ], "texture": "#texture" },
        "east":  { "uv": [ 11.75, 4.5, 13.25, 4.75 ], "texture": "#texture" }
    }
},
{
    "from": [ 7.5, 11.5, 3 ],
    "to": [ 8.5, 11.75, 4 ],
    "faces": {
        "up":    { "uv": [ 7.5, 3, 8.5, 4 ], "texture": "#texture" },
        "north": { "uv": [ 7.5, 4.25, 8.5, 4.5 ], "texture": "#texture" },
        "south": { "uv": [ 7.5, 4.25, 8.5, 4.5 ], "texture": "#texture" },
        "west":  { "uv": [ 3, 4.25, 4, 4.5 ], "texture": "#texture" },
        "east":  { "uv": [ 12, 4.25, 13, 4.5 ], "texture": "#texture" }
    }
},
{
    "from": [ 7.25, 11.25, 11.75 ],
    "to": [ 8.75, 11.5, 13.25 ],
    "faces": {
        "up":    { "uv": [ 7.25, 11.75, 8.75, 13.25 ], "texture": "#texture" },
        "north": { "uv": [ 7.25, 4.5, 8.75, 4.75 ], "texture": "#texture" },
        "south": { "uv": [ 7.25, 4.5, 8.75, 4.75 ], "texture": "#texture" },
        "west":  { "uv": [ 11.75, 4.5, 13.25, 4.75 ], "texture": "#texture" },
        "east":  { "uv": [ 2.75, 4.5, 4.25, 4.75 ], "texture": "#texture" }
    }
},
{
    "from": [ 7.5, 11.5, 12 ],
    "to": [ 8.5, 11.75, 13 ],
    "faces": {
        "up":    { "uv": [ 7.5, 12, 8.5, 13 ], "texture": "#texture" },
        "north": { "uv": [ 7.5, 4.25, 8.5, 4.5 ], "texture": "#texture" },
        "south": { "uv": [ 7.5, 4.25, 8.5, 4.5 ], "texture": "#texture" },
        "west":  { "uv": [ 12, 4.25, 13, 4.5 ], "texture": "#texture" },
        "east":  { "uv": [ 3, 4.25, 4, 4.5 ], "texture": "#texture" }
    }
},
{
    "from": [ 8, 10.25, 4.75 ],
    "to": [ 8.5, 11.25, 7 ],
    "rotation": { "origin": [ 8, 11.25, 4.75 ], "axis": "x", "angle": -22.5 },
    "faces": {
        "down":  { "uv": [ 8, 6.5, 7, 4.75 ], "texture": "#texture" },
        "up":    { "uv": [ 8, 4.75, 9, 6.5 ], "texture": "#texture" },
        "north": { "uv": [ 7, 8.25, 8, 8.75 ], "texture": "#texture" },
        "south": { "uv": [ 8, 8.25, 9, 8.75 ], "texture": "#texture" },
        "west":  { "uv": [ 4.25, 8.25, 6, 8.75 ], "texture": "#texture" },
        "east":  { "uv": [ 10, 8, 11.75, 8.5 ], "texture": "#texture" }
    }
},
{
    "from": [ 8, 11, 9.44518 ],
    "to": [ 8.5, 12, 11.6952 ],
    "rotation": { "origin": [ 8, 12, 9.44518 ], "axis": "x", "angle": 22.5 },
    "faces": {
        "down":  { "uv": [ 8, 11.25, 7, 9.5 ], "texture": "#texture" },
        "up":    { "uv": [ 8, 9.5, 9, 11.25 ], "texture": "#texture" },
        "south": { "uv": [ 8, 8.25, 9, 8.75 ], "texture": "#texture" },
        "west":  { "uv": [ 10, 8.25, 11.75, 8.75 ], "texture": "#texture" },
        "east":  { "uv": [ 4.25, 8.25, 6, 8.75 ], "texture": "#texture" }
    }
},
{
    "from": [ 7.5, 4, 3 ],
    "to": [ 8.5, 4.25, 4 ],
    "faces": {
        "north": { "uv": [ 7.5, 0.75, 8.5, 1.25 ], "texture": "#texture" },
        "south": { "uv": [ 7.5, 1.75, 8.5, 1.25 ], "texture": "#texture" },
        "west":  { "uv": [ 7.5, 0.75, 8, 1.25 ], "texture": "#texture" },
        "east":  { "uv": [ 8.5, 0.75, 8, 1.25 ], "texture": "#texture" }
    }
},
{
    "from": [ 7.25, 3.75, 2.75 ],
    "to": [ 8.75, 4, 4.25 ],
    "faces": {
        "up":    { "uv": [ 7.25, 0.5, 8.75, 2 ], "texture": "#texture" },
        "north": { "uv": [ 7.25, 0.5, 8.75, 1 ], "texture": "#texture" },
        "south": { "uv": [ 7.25, 2, 8.75, 1.5 ], "texture": "#texture" },
        "west":  { "uv": [ 7.25, 0.5, 7.75, 1 ], "texture": "#texture" },
        "east":  { "uv": [ 8.75, 0.5, 8.25, 1 ], "texture": "#texture" }
    }
},
{
    "from": [ 7.25, 3.25, 2.5 ],
    "to": [ 8.75, 3.75, 4.5 ],
    "faces": {
        "up":    { "uv": [ 7, 0.25, 9, 2.25 ], "texture": "#texture" },
        "north": { "uv": [ 7, 0.25, 9, 0.75 ], "texture": "#texture" },
        "south": { "uv": [ 7, 2.25, 9, 1.75 ], "texture": "#texture" },
        "west":  { "uv": [ 7, 0.25, 7.5, 0.75 ], "texture": "#texture" },
        "east":  { "uv": [ 9, 0.25, 8.5, 0.75 ], "texture": "#texture" }
    }
},
{
    "from": [ 7.5, 4, 12 ],
    "to": [ 8.5, 4.25, 13 ],
    "faces": {
        "north": { "uv": [ 7.5, 0, 8.5, 0.5 ], "texture": "#texture" },
        "south": { "uv": [ 7.5, 4, 8.5, 3.5 ], "texture": "#texture" },
        "west":  { "uv": [ 7.75, 1.75, 8.25, 2.25 ], "texture": "#texture" },
        "east":  { "uv": [ 8.5, 2.5, 8, 3 ], "texture": "#texture" }
    }
},
{
    "from": [ 7, 2.75, 2.25 ],
    "to": [ 9, 3.25, 4.75 ],
    "faces": {
        "down":  { "uv": [ 6.75, 2.5, 9.25, 0 ], "texture": "#texture" },
        "up":    { "uv": [ 6.75, 0, 9.25, 2.5 ], "texture": "#texture" },
        "north": { "uv": [ 6.75, 0, 9.25, 0.5 ], "texture": "#texture" },
        "south": { "uv": [ 6.75, 2.5, 9.25, 2 ], "texture": "#texture" },
        "west":  { "uv": [ 6.75, 0, 7.25, 0.5 ], "texture": "#texture" },
        "east":  { "uv": [ 9.25, 0, 8.75, 0.5 ], "texture": "#texture" }
    }
},
{
    "from": [ 7.25, 3.75, 11.75 ],
    "to": [ 8.75, 4, 13.25 ],
    "faces": {
        "up":    { "uv": [ 7.5, 1.25, 9, 2.75 ], "texture": "#texture" },
        "north": { "uv": [ 8, 2, 9.5, 2.5 ], "texture": "#texture" },
        "south": { "uv": [ 6.5, 3.5, 8, 3 ], "texture": "#texture" },
        "west":  { "uv": [ 7, 4.75, 7.5, 5.25 ], "texture": "#texture" },
        "east":  { "uv": [ 10, 4.5, 9.5, 5 ], "texture": "#texture" }
    }
},
{
    "from": [ 7.25, 3.25, 11.5 ],
    "to": [ 8.75, 3.75, 13.5 ],
    "faces": {
        "up":    { "uv": [ 7.5, 3.75, 9.5, 5.75 ], "texture": "#texture" },
        "north": { "uv": [ 7.75, 6.25, 9.75, 6.75 ], "texture": "#texture" },
        "south": { "uv": [ 7.25, 4, 9.25, 3.5 ], "texture": "#texture" },
        "west":  { "uv": [ 7.5, 4.25, 8, 4.75 ], "texture": "#texture" },
        "east":  { "uv": [ 7, 4, 6.5, 4.5 ], "texture": "#texture" }
    }
},
{
    "from": [ 6.75, 2.75, 11.5 ],
    "to": [ 9.25, 3.25, 13.5 ],
    "faces": {
        "down":  { "uv": [ 6.5, 9.5, 9, 7 ], "texture": "#texture" },
        "up":    { "uv": [ 7, 6.5, 9.5, 9 ], "texture": "#texture" },
        "north": { "uv": [ 7, 5.5, 9.5, 6 ], "texture": "#texture" },
        "south": { "uv": [ 6.5, 4.5, 9, 4 ], "texture": "#texture" },
        "west":  { "uv": [ 6.75, 4.75, 7.25, 5.25 ], "texture": "#texture" },
        "east":  { "uv": [ 8.25, 1.5, 7.75, 2 ], "texture": "#texture" }
    }
},
{
    "from": [ 9.25, 6.25, 5.25 ],
    "to": [ 10.75, 11, 10.75 ],
    "faces": {
        "down":  { "uv": [ 6.75, 10.75, 5.25, 5.25 ], "texture": "#texture" },
        "up":    { "uv": [ 9.25, 5.25, 10.75, 10.75 ], "texture": "#texture" },
        "north": { "uv": [ 5.25, 5, 6.75, 9.75 ], "texture": "#texture" },
        "south": { "uv": [ 9.25, 5, 10.75, 9.75 ], "texture": "#texture" },
        "west":  { "uv": [ 5.25, 5, 10.75, 9.75 ], "texture": "#texture" },
        "east":  { "uv": [ 5.25, 5, 10.75, 9.75 ], "texture": "#texture" }
    }
},
{
    "from": [ 6.25, 12.5, 6.75 ],
    "to": [ 8.75, 13, 9.25 ],
    "faces": {
        "up":    { "uv": [ 6.25, 6.75, 8.75, 9.25 ], "texture": "#texture" },
        "north": { "uv": [ 7.25, 3, 9.75, 3.5 ], "texture": "#texture" },
        "south": { "uv": [ 6.25, 3, 8.75, 3.5 ], "texture": "#texture" },
        "west":  { "uv": [ 6.75, 3, 9.25, 3.5 ], "texture": "#texture" },
        "east":  { "uv": [ 6.75, 3, 9.25, 3.5 ], "texture": "#texture" }
    }
},
{
    "from": [ 6.5, 13, 7 ],
    "to": [ 8.5, 13.25, 9 ],
    "faces": {
        "up":    { "uv": [ 6.5, 7, 8.5, 9 ], "texture": "#texture" },
        "north": { "uv": [ 7.5, 2.75, 9.5, 3 ], "texture": "#texture" },
        "south": { "uv": [ 6.5, 2.75, 8.5, 3 ], "texture": "#texture" },
        "west":  { "uv": [ 7, 2.75, 9, 3 ], "texture": "#texture" },
        "east":  { "uv": [ 7, 2.75, 9, 3 ], "texture": "#texture" }
    }
},
{
    "from": [ 6.25, 3.25, 6.5 ],
    "to": [ 8.75, 3.75, 9.5 ],
    "faces": {
        "up":    { "uv": [ 6, 6.5, 9, 9.5 ], "texture": "#texture" },
        "north": { "uv": [ 9, 4.25, 12, 4.75 ], "texture": "#texture" },
        "south": { "uv": [ 9.25, 4.75, 12.25, 5.25 ], "texture": "#texture" },
        "west":  { "uv": [ 3.75, 4.25, 6.75, 4.75 ], "texture": "#texture" },
        "east":  { "uv": [ 4, 4.25, 7, 4.75 ], "texture": "#texture" }
    }
},
{
    "from": [ 6.5, 3.75, 6.75 ],
    "to": [ 8.5, 4.25, 9 ],
    "faces": {
        "north": { "uv": [ 9, 5.25, 11.5, 5.5 ], "texture": "#texture" },
        "south": { "uv": [ 9.5, 5, 12, 5.25 ], "texture": "#texture" },
        "west":  { "uv": [ 4.25, 4.25, 6.75, 4.5 ], "texture": "#texture" },
        "east":  { "uv": [ 4.75, 4.75, 7.25, 5 ], "texture": "#texture" }
    }
},
{
    "from": [ 6, 2.25, 6.5 ],
    "to": [ 9, 3.25, 9.5 ],
    "faces": {
        "down":  { "uv": [ 10, 9.5, 7, 6.5 ], "texture": "#texture" },
        "up":    { "uv": [ 6, 6.5, 9, 9.5 ], "texture": "#texture" },
        "north": { "uv": [ 9.25, 4.75, 12.25, 5.75 ], "texture": "#texture" },
        "south": { "uv": [ 9.5, 4.25, 12.5, 5.25 ], "texture": "#texture" },
        "west":  { "uv": [ 9.75, 4.5, 12.75, 5.5 ], "texture": "#texture" },
        "east":  { "uv": [ 9, 4.5, 12, 5.5 ], "texture": "#texture" }
    }
},
{
    "from": [ 6, 3.25, 6.75 ],
    "to": [ 9, 3.75, 9.25 ],
    "faces": {
        "up":    { "uv": [ 6, 6.5, 9, 9.5 ], "texture": "#texture" },
        "north": { "uv": [ 9, 4.25, 12, 4.75 ], "texture": "#texture" },
        "south": { "uv": [ 9.25, 4.75, 12.25, 5.25 ], "texture": "#texture" },
        "west":  { "uv": [ 3.75, 4.25, 6.75, 4.75 ], "texture": "#texture" },
        "east":  { "uv": [ 4, 4.25, 7, 4.75 ], "texture": "#texture" }
    }
},
{
    "from": [ 6.25, 3.75, 7 ],
    "to": [ 8.75, 4.25, 8.75 ],
    "faces": {
        "north": { "uv": [ 9, 5.25, 11.5, 5.5 ], "texture": "#texture" },
        "south": { "uv": [ 9.5, 5, 12, 5.25 ], "texture": "#texture" },
        "west":  { "uv": [ 4.25, 4.25, 6.75, 4.5 ], "texture": "#texture" },
        "east":  { "uv": [ 4.75, 4.75, 7.25, 5 ], "texture": "#texture" }
    }
},
{
    "from": [ 7, 2.75, 11.25 ],
    "to": [ 9, 3.25, 13.75 ],
    "faces": {
        "down":  { "uv": [ 6.5, 9.5, 9, 7 ], "texture": "#texture" },
        "up":    { "uv": [ 7, 6.5, 9.5, 9 ], "texture": "#texture" },
        "north": { "uv": [ 7, 5.5, 9.5, 6 ], "texture": "#texture" },
        "south": { "uv": [ 6.5, 4.5, 9, 4 ], "texture": "#texture" },
        "west":  { "uv": [ 6.75, 4.75, 7.25, 5.25 ], "texture": "#texture" },
        "east":  { "uv": [ 8.25, 1.5, 7.75, 2 ], "texture": "#texture" }
    }
},
{
    "from": [ 7, 3.25, 11.75 ],
    "to": [ 9, 3.75, 13.25 ],
    "faces": {
        "up":    { "uv": [ 7.5, 3.75, 9.5, 5.75 ], "texture": "#texture" },
        "north": { "uv": [ 7.75, 6.25, 9.75, 6.75 ], "texture": "#texture" },
        "south": { "uv": [ 7.25, 4, 9.25, 3.5 ], "texture": "#texture" },
        "west":  { "uv": [ 7.5, 4.25, 8, 4.75 ], "texture": "#texture" },
        "east":  { "uv": [ 7, 4, 6.5, 4.5 ], "texture": "#texture" }
    }
},
{
    "from": [ 7, 3.25, 2.75 ],
    "to": [ 9, 3.75, 4.25 ],
    "faces": {
        "up":    { "uv": [ 7, 0.25, 9, 2.25 ], "texture": "#texture" },
        "north": { "uv": [ 7, 0.25, 9, 0.75 ], "texture": "#texture" },
        "south": { "uv": [ 7, 2.25, 9, 1.75 ], "texture": "#texture" },
        "west":  { "uv": [ 7, 0.25, 7.5, 0.75 ], "texture": "#texture" },
        "east":  { "uv": [ 9, 0.25, 8.5, 0.75 ], "texture": "#texture" }
    }
},
{
    "from": [ 6.75, 2.75, 2.5 ],
    "to": [ 9.25, 3.25, 4.5 ],
    "faces": {
        "down":  { "uv": [ 6.75, 2.5, 9.25, 0 ], "texture": "#texture" },
        "up":    { "uv": [ 6.75, 0, 9.25, 2.5 ], "texture": "#texture" },
        "north": { "uv": [ 6.75, 0, 9.25, 0.5 ], "texture": "#texture" },
        "south": { "uv": [ 6.75, 2.5, 9.25, 2 ], "texture": "#texture" },
        "west":  { "uv": [ 6.75, 0, 7.25, 0.5 ], "texture": "#texture" },
        "east":  { "uv": [ 9.25, 0, 8.75, 0.5 ], "texture": "#texture" }
    }
},
{
    "from": [ 7.25, 4.25, 2.5 ],
    "to": [ 8.75, 11.25, 4.5 ],
    "faces": {
        "down":  { "uv": [ 8.75, 4.5, 7.25, 2.5 ], "texture": "#texture" },
        "up":    { "uv": [ 7.25, 2.5, 8.75, 4.5 ], "texture": "#texture" },
        "north": { "uv": [ 7.25, 4.75, 8.75, 11.75 ], "texture": "#texture" },
        "south": { "uv": [ 7.25, 4.75, 8.75, 11.75 ], "texture": "#texture" },
        "west":  { "uv": [ 2.5, 4.75, 4.5, 11.75 ], "texture": "#texture" },
        "east":  { "uv": [ 11.5, 4.75, 13.5, 11.75 ], "texture": "#texture" }
    }
},
{
    "from": [ 7, 4.25, 11.75 ],
    "to": [ 9, 11.25, 13.25 ],
    "faces": {
        "down":  { "uv": [ 9, 13.25, 7, 11.75 ], "texture": "#texture" },
        "up":    { "uv": [ 7, 11.75, 9, 13.25 ], "texture": "#texture" },
        "north": { "uv": [ 7, 4.75, 9, 11.75 ], "texture": "#texture" },
        "south": { "uv": [ 7, 4.75, 9, 11.75 ], "texture": "#texture" },
        "west":  { "uv": [ 11.75, 4.75, 13.25, 11.75 ], "texture": "#texture" },
        "east":  { "uv": [ 2.75, 4.75, 4.25, 11.75 ], "texture": "#texture" }
    }
},
{
    "from": [ 6.25, 4.25, 6.5 ],
    "to": [ 8.75, 12.5, 9.5 ],
    "faces": {
        "down":  { "uv": [ 9.75, 9.5, 7.25, 6.5 ], "texture": "#texture" },
        "up":    { "uv": [ 6.25, 6.5, 8.75, 9.5 ], "texture": "#texture" },
        "north": { "uv": [ 7.25, 3.5, 9.75, 11.75 ], "texture": "#texture" },
        "south": { "uv": [ 6.25, 3.5, 8.75, 11.75 ], "texture": "#texture" },
        "west":  { "uv": [ 6.5, 3.5, 9.5, 11.75 ], "texture": "#texture" },
        "east":  { "uv": [ 6.5, 3.5, 9.5, 11.75 ], "texture": "#texture" }
    }
}
],
"display": {
    "thirdperson": {
        "rotation": [ -180, 88, -23 ],
        "translation": [ 3.2, -3.5, 2.7 ],
        "scale": [ 1.2, 1.2, 1.2 ]
    },
    "head": {
        "rotation": [ 0, 0, 0 ],
        "translation": [ 0, 0, 0 ],
        "scale": [ 1, 1, 1 ]
    },
    "ground": {
        "rotation": [ 0, 0, 0 ],
        "translation": [ 0, 0, 0 ],
        "scale": [ 3, 3, 3 ]
    },
    "fixed": {
        "rotation": [ 0, -90, 0 ],
        "translation": [ 0, 0, -2 ],
        "scale": [ 3, 3, 3 ]
    },
    "firstperson": {
        "rotation": [ 0, 0, 0 ],
        "translation": [ 24, 24, 24 ],
        "scale": [ 1, 1, 1 ]
    },
    "gui": {
        "rotation": [ 0, 45, 30 ],
        "translation": [ 0, 0, 0 ],
        "scale": [ 2, 2, 2 ]
    }
}
}