{
"__comment": "Designed by Corporalblober with BDcraft Cubik PRO 0.95 Beta - http://bdcraft.net",
"textures": {
    "texture": "blocks/door iron lower",
    "door_iron_lower": "blocks/woo colored black"
},
"elements": [ 
{
    "from": [ 7.25, 10, 11 ],
    "to": [ 8.75, 11.75, 11.25 ],
    "faces": {
        "down":  { "uv": [ 9, 11, 8, 9 ], "texture": "#texture" },
        "up":    { "uv": [ 7, 9, 8, 11 ], "texture": "#texture" },
        "south": { "uv": [ 7, 6, 8, 10 ], "texture": "#texture" },
        "west":  { "uv": [ 9, 6, 11, 10 ], "texture": "#texture" },
        "east":  { "uv": [ 5, 6, 7, 10 ], "texture": "#texture" }
    }
},
{
    "from": [ 7.5, 11, 2.25 ],
    "to": [ 8.5, 12, 8.25 ],
    "faces": {
        "up":    { "uv": [ 7.5, 2.25, 8.5, 8.25 ], "texture": "#texture" },
        "north": { "uv": [ 7.5, 4, 8.5, 5 ], "texture": "#texture" },
        "west":  { "uv": [ 2.25, 4, 8.25, 5 ], "texture": "#texture" },
        "east":  { "uv": [ 7.75, 4, 13.75, 5 ], "texture": "#texture" }
    }
},
{
    "from": [ 7.5, 5.5, 9.25 ],
    "to": [ 8.5, 5.75, 9.75 ],
    "faces": {
        "down":  { "uv": [ 8.5, 9.75, 7.5, 9.25 ], "texture": "#texture" },
        "up":    { "uv": [ 7.5, 9.25, 8.5, 9.75 ], "texture": "#texture" },
        "north": { "uv": [ 7.5, 10.25, 8.5, 10.5 ], "texture": "#texture" },
        "west":  { "uv": [ 9.25, 10.25, 9.75, 10.5 ], "texture": "#texture" },
        "east":  { "uv": [ 6.25, 10.25, 6.75, 10.5 ], "texture": "#texture" }
    }
},
{
    "from": [ 7.25, 10, 0.75 ],
    "to": [ 8.75, 11, 8.25 ],
    "faces": {
        "down":  { "uv": [ 8.75, 8.25, 7.25, 0.75 ], "texture": "#texture" },
        "up":    { "uv": [ 7.25, 0.75, 8.75, 8.25 ], "texture": "#texture" },
        "north": { "uv": [ 7.25, 5, 8.75, 6 ], "texture": "#texture" },
        "west":  { "uv": [ 0.75, 5, 8.25, 6 ], "texture": "#texture" },
        "east":  { "uv": [ 7.75, 5, 15.25, 6 ], "texture": "#texture" }
    }
},
{
    "from": [ 7, 10, 8.25 ],
    "to": [ 9, 12, 11 ],
    "faces": {
        "down":  { "uv": [ 9, 11, 7, 8.25 ], "texture": "#texture" },
        "up":    { "uv": [ 7, 8.25, 9, 11 ], "texture": "#texture" },
        "north": { "uv": [ 7, 4, 9, 6 ], "texture": "#texture" },
        "south": { "uv": [ 7, 4, 9, 6 ], "texture": "#texture" },
        "west":  { "uv": [ 8.25, 4, 11, 6 ], "texture": "#texture" },
        "east":  { "uv": [ 5, 4, 7.75, 6 ], "texture": "#texture" }
    }
},
{
    "from": [ 7.75, 11, 11.25 ],
    "to": [ 8.25, 11.25, 12 ],
    "faces": {
        "down":  { "uv": [ 16, 12.25, 16, 11.5 ], "texture": "#texture" },
        "up":    { "uv": [ 0, 11.5, 0, 12.25 ], "texture": "#texture" },
        "south": { "uv": [ 0, 4.75, 0, 5.25 ], "texture": "#texture" },
        "west":  { "uv": [ 11.5, 4.75, 12.25, 5.25 ], "texture": "#texture" },
        "east":  { "uv": [ 3.75, 4.75, 4.5, 5.25 ], "texture": "#texture" }
    }
},
{
    "from": [ 7.25, 11, 6.75 ],
    "to": [ 7.5, 11.75, 8.25 ],
    "faces": {
        "up":    { "uv": [ 7.25, 6.75, 7.5, 8.25 ], "texture": "#texture" },
        "north": { "uv": [ 8.5, 4.25, 8.75, 5 ], "texture": "#texture" },
        "west":  { "uv": [ 6.75, 4.25, 8.25, 5 ], "texture": "#texture" }
    }
},
{
    "from": [ 8.5, 11, 6.75 ],
    "to": [ 8.75, 11.75, 8.25 ],
    "faces": {
        "up":    { "uv": [ 8.5, 6.75, 8.75, 8.25 ], "texture": "#texture" },
        "north": { "uv": [ 7.25, 4.25, 7.5, 5 ], "texture": "#texture" },
        "east":  { "uv": [ 7.75, 4.25, 9.25, 5 ], "texture": "#texture" }
    }
},
{
    "from": [ 7.5, 9.5, 11.25 ],
    "to": [ 8.5, 9.75, 11.75 ],
    "faces": {
        "down":  { "uv": [ 8.5, 11.75, 7.5, 11.25 ], "texture": "#texture" },
        "south": { "uv": [ 7.5, 6.25, 8.5, 6.5 ], "texture": "#texture" },
        "west":  { "uv": [ 11.25, 6.25, 11.75, 6.5 ], "texture": "#texture" },
        "east":  { "uv": [ 4.25, 6.25, 4.75, 6.5 ], "texture": "#texture" }
    }
},
{
    "from": [ 7.5, 9.75, 6.75 ],
    "to": [ 8.5, 10, 12.25 ],
    "faces": {
        "down":  { "uv": [ 8.5, 12.25, 7.5, 6.75 ], "texture": "#texture" },
        "up":    { "uv": [ 7.5, 6.75, 8.5, 12.25 ], "texture": "#texture" },
        "north": { "uv": [ 7.5, 6, 8.5, 6.25 ], "texture": "#texture" },
        "south": { "uv": [ 7.5, 6, 8.5, 6.25 ], "texture": "#texture" },
        "west":  { "uv": [ 6.75, 6, 12.25, 6.25 ], "texture": "#texture" },
        "east":  { "uv": [ 3.75, 6, 9.25, 6.25 ], "texture": "#texture" }
    }
},
{
    "from": [ 7.5, 9.5, 7.25 ],
    "to": [ 8.5, 9.75, 11.25 ],
    "faces": {
        "down":  { "uv": [ 8.5, 11.25, 7.5, 7.25 ], "texture": "#texture" },
        "north": { "uv": [ 7.5, 6.25, 8.5, 6.5 ], "texture": "#texture" },
        "west":  { "uv": [ 7.25, 6.25, 11.25, 6.5 ], "texture": "#texture" },
        "east":  { "uv": [ 4.75, 6.25, 8.75, 6.5 ], "texture": "#texture" }
    }
},
{
    "from": [ 8.25, 11.75, 10.4413 ],
    "to": [ 8.5, 12.25, 10.9413 ],
    "rotation": { "origin": [ 8.25, 12.25, 10.4413 ], "axis": "x", "angle": 22.5 },
    "faces": {
        "up":    { "uv": [ 0, 10, 0, 10.5 ], "texture": "#door_iron_lower" },
        "north": { "uv": [ 16, 3.25, 16, 3.75 ], "texture": "#door_iron_lower" },
        "south": { "uv": [ 0, 3.25, 0, 3.75 ], "texture": "#door_iron_lower" },
        "west":  { "uv": [ 10, 3.25, 10.5, 3.75 ], "texture": "#door_iron_lower" },
        "east":  { "uv": [ 5.5, 3.25, 6, 3.75 ], "texture": "#door_iron_lower" }
    }
},
{
    "from": [ 7.75, 8.5, 7.75 ],
    "to": [ 8.25, 9.5, 8 ],
    "faces": {
        "north": { "uv": [ 7.75, 6.5, 8.25, 7.5 ], "texture": "#texture" },
        "south": { "uv": [ 7.75, 6.5, 8.25, 7.5 ], "texture": "#texture" },
        "west":  { "uv": [ 7.75, 6.5, 8, 7.5 ], "texture": "#texture" },
        "east":  { "uv": [ 8, 6.5, 8.25, 7.5 ], "texture": "#texture" }
    }
},
{
    "from": [ 7.75, 8.25, 8 ],
    "to": [ 8.25, 8.5, 9.25 ],
    "faces": {
        "down":  { "uv": [ 8.25, 9.25, 7.75, 8 ], "texture": "#texture" },
        "up":    { "uv": [ 7.75, 8, 8.25, 9.25 ], "texture": "#texture" },
        "north": { "uv": [ 7.75, 7.5, 8.25, 7.75 ], "texture": "#texture" },
        "west":  { "uv": [ 8, 7.5, 9.25, 7.75 ], "texture": "#texture" },
        "east":  { "uv": [ 6.75, 7.5, 8, 7.75 ], "texture": "#texture" }
    }
},
{
    "from": [ 7.75, 8.875, 8.75 ],
    "to": [ 8.25, 9.625, 9 ],
    "rotation": { "origin": [ 7.75, 9.625, 8.75 ], "axis": "x", "angle": 22.5 },
    "faces": {
        "down":  { "uv": [ 8.25, 13.5, 7.75, 13 ], "texture": "#texture" },
        "up":    { "uv": [ 7.75, 13, 8.25, 13.5 ], "texture": "#texture" },
        "north": { "uv": [ 7.75, 7.75, 8.25, 8.75 ], "texture": "#texture" },
        "south": { "uv": [ 7.75, 7.75, 8.25, 8.75 ], "texture": "#texture" },
        "west":  { "uv": [ 13, 7.75, 13.5, 8.75 ], "texture": "#texture" },
        "east":  { "uv": [ 2.5, 7.75, 3, 8.75 ], "texture": "#texture" }
    }
},
{
    "from": [ 7.5, 7.75, 9.25 ],
    "to": [ 8.5, 9.5, 9.5 ],
    "faces": {
        "down":  { "uv": [ 8.5, 9.5, 7.5, 9.25 ], "texture": "#texture" },
        "north": { "uv": [ 7.5, 6.5, 8.5, 8.25 ], "texture": "#texture" },
        "west":  { "uv": [ 9.25, 6.5, 9.5, 8.25 ], "texture": "#texture" },
        "east":  { "uv": [ 6.5, 6.5, 6.75, 8.25 ], "texture": "#texture" }
    }
},
{
    "from": [ 7.5, 5.75, 9.5 ],
    "to": [ 8.5, 7.75, 9.75 ],
    "faces": {
        "north": { "uv": [ 7.5, 8.25, 8.5, 10.25 ], "texture": "#texture" },
        "west":  { "uv": [ 9.5, 8.25, 9.75, 10.25 ], "texture": "#texture" },
        "east":  { "uv": [ 6.25, 8.25, 6.5, 10.25 ], "texture": "#texture" }
    }
},
{
    "from": [ 7.75, 10.75, 11.5 ],
    "to": [ 8.25, 11, 11.75 ],
    "faces": {
        "down":  { "uv": [ 8.25, 11.75, 7.75, 11.5 ], "texture": "#texture" },
        "south": { "uv": [ 7.75, 5, 8.25, 5.25 ], "texture": "#texture" },
        "west":  { "uv": [ 11.5, 5, 11.75, 5.25 ], "texture": "#texture" },
        "east":  { "uv": [ 4.25, 5, 4.5, 5.25 ], "texture": "#texture" }
    }
},
{
    "from": [ 7.75, 10.25, 11.25 ],
    "to": [ 8.25, 11, 11.5 ],
    "faces": {
        "down":  { "uv": [ 8.25, 11.5, 7.75, 11.25 ], "texture": "#texture" },
        "south": { "uv": [ 7.75, 5, 8.25, 5.75 ], "texture": "#texture" },
        "west":  { "uv": [ 11.25, 5, 11.5, 5.75 ], "texture": "#texture" },
        "east":  { "uv": [ 4.5, 5, 4.75, 5.75 ], "texture": "#texture" }
    }
},
{
    "from": [ 7.25, 7.75, 9.5 ],
    "to": [ 8.75, 9.5, 11 ],
    "faces": {
        "down":  { "uv": [ 8.75, 11, 7.25, 9.5 ], "texture": "#door_iron_lower" },
        "north": { "uv": [ 7.25, 6.5, 8.75, 8.25 ], "texture": "#door_iron_lower" },
        "south": { "uv": [ 7.25, 6.5, 8.75, 8.25 ], "texture": "#door_iron_lower" },
        "west":  { "uv": [ 9.5, 6.5, 11, 8.25 ], "texture": "#door_iron_lower" },
        "east":  { "uv": [ 5, 6.5, 6.5, 8.25 ], "texture": "#door_iron_lower" }
    }
},
{
    "from": [ 7.25, 5.75, 9.75 ],
    "to": [ 8.75, 7.75, 11.25 ],
    "faces": {
        "up":    { "uv": [ 7.25, 9.75, 8.75, 11.25 ], "texture": "#door_iron_lower" },
        "north": { "uv": [ 7.25, 8.25, 8.75, 10.25 ], "texture": "#door_iron_lower" },
        "south": { "uv": [ 7.25, 8.25, 8.75, 10.25 ], "texture": "#door_iron_lower" },
        "west":  { "uv": [ 9.75, 8.25, 11.25, 10.25 ], "texture": "#door_iron_lower" },
        "east":  { "uv": [ 4.75, 8.25, 6.25, 10.25 ], "texture": "#door_iron_lower" }
    }
},
{
    "from": [ 8.5, 9.5, 10.25 ],
    "to": [ 8.75, 10, 10.75 ],
    "faces": {
        "north": { "uv": [ 7.25, 6, 7.5, 6.5 ], "texture": "#door_iron_lower" },
        "south": { "uv": [ 8.5, 6, 8.75, 6.5 ], "texture": "#door_iron_lower" },
        "west":  { "uv": [ 10.25, 6, 10.75, 6.5 ], "texture": "#door_iron_lower" },
        "east":  { "uv": [ 5.25, 6, 5.75, 6.5 ], "texture": "#door_iron_lower" }
    }
},
{
    "from": [ 7.25, 9.5, 10.25 ],
    "to": [ 7.5, 10, 11 ],
    "faces": {
        "north": { "uv": [ 8.5, 6, 8.75, 6.5 ], "texture": "#door_iron_lower" },
        "south": { "uv": [ 7.25, 6, 7.5, 6.5 ], "texture": "#door_iron_lower" },
        "west":  { "uv": [ 10.25, 6, 11, 6.5 ], "texture": "#door_iron_lower" },
        "east":  { "uv": [ 5, 6, 5.75, 6.5 ], "texture": "#door_iron_lower" }
    }
},
{
    "from": [ 7.5, 11, 0.75 ],
    "to": [ 7.75, 12, 2.25 ],
    "faces": {
        "up":    { "uv": [ 7.5, 0.75, 7.75, 2.25 ], "texture": "#texture" },
        "north": { "uv": [ 8.25, 4, 8.5, 5 ], "texture": "#texture" },
        "west":  { "uv": [ 0.75, 4, 2.25, 5 ], "texture": "#texture" },
        "east":  { "uv": [ 13.75, 4, 15.25, 5 ], "texture": "#texture" }
    }
},
{
    "from": [ 8.25, 11, 0.75 ],
    "to": [ 8.5, 12, 2.25 ],
    "faces": {
        "up":    { "uv": [ 8.25, 0.75, 8.5, 2.25 ], "texture": "#texture" },
        "north": { "uv": [ 7.5, 4, 7.75, 5 ], "texture": "#texture" },
        "west":  { "uv": [ 0.75, 4, 2.25, 5 ], "texture": "#texture" },
        "east":  { "uv": [ 13.75, 4, 15.25, 5 ], "texture": "#texture" }
    }
},
{
    "from": [ 7.75, 11, 0.75 ],
    "to": [ 8.25, 11.25, 2.25 ],
    "faces": {
        "up":    { "uv": [ 7.75, 0.75, 8.25, 2.25 ], "texture": "#texture" },
        "north": { "uv": [ 7.75, 4.75, 8.25, 5 ], "texture": "#texture" }
    }
},
{
    "from": [ 7.75, 11.75, 0.75 ],
    "to": [ 8.25, 12, 2.25 ],
    "faces": {
        "down":  { "uv": [ 8.25, 2.25, 7.75, 0.75 ], "texture": "#texture" },
        "up":    { "uv": [ 7.75, 0.75, 8.25, 2.25 ], "texture": "#texture" },
        "north": { "uv": [ 7.75, 4, 8.25, 4.25 ], "texture": "#texture" }
    }
},
{
    "from": [ 7.5, 9.25, 11.25 ],
    "to": [ 8.5, 9.5, 11.5 ],
    "faces": {
        "down":  { "uv": [ 8.5, 11.5, 7.5, 11.25 ], "texture": "#texture" },
        "south": { "uv": [ 7.5, 6.5, 8.5, 6.75 ], "texture": "#texture" },
        "west":  { "uv": [ 11.25, 6.5, 11.5, 6.75 ], "texture": "#texture" },
        "east":  { "uv": [ 4.5, 6.5, 4.75, 6.75 ], "texture": "#texture" }
    }
},
{
    "from": [ 7.25, 5.5, 9.75 ],
    "to": [ 8.75, 5.75, 11.25 ],
    "faces": {
        "down":  { "uv": [ 8.75, 11.25, 7.25, 9.75 ], "texture": "#texture" },
        "north": { "uv": [ 7.25, 10.25, 8.75, 10.5 ], "texture": "#texture" },
        "south": { "uv": [ 7.25, 10.25, 8.75, 10.5 ], "texture": "#texture" },
        "west":  { "uv": [ 9.75, 10.25, 11.25, 10.5 ], "texture": "#texture" },
        "east":  { "uv": [ 4.75, 10.25, 6.25, 10.5 ], "texture": "#texture" }
    }
},
{
    "from": [ 7.875, 12, 1 ],
    "to": [ 8.125, 12.25, 1.5 ],
    "faces": {
        "up":    { "uv": [ 7.875, 1, 8.125, 1.5 ], "texture": "#door_iron_lower" },
        "north": { "uv": [ 7.875, 3.75, 8.125, 4 ], "texture": "#door_iron_lower" },
        "south": { "uv": [ 7.875, 3.75, 8.125, 4 ], "texture": "#door_iron_lower" },
        "west":  { "uv": [ 1, 3.75, 1.5, 4 ], "texture": "#door_iron_lower" },
        "east":  { "uv": [ 14.5, 3.75, 15, 4 ], "texture": "#door_iron_lower" }
    }
},
{
    "from": [ 7.5, 8.5, 11 ],
    "to": [ 8.5, 9.5, 11.25 ],
    "faces": {
        "south": { "uv": [ 7.5, 6.5, 8.5, 7.5 ], "texture": "#texture" },
        "west":  { "uv": [ 11, 6.5, 11.25, 7.5 ], "texture": "#texture" },
        "east":  { "uv": [ 4.75, 6.5, 5, 7.5 ], "texture": "#texture" }
    }
},
{
    "from": [ 7.25, 7.75, 11 ],
    "to": [ 8.75, 8.5, 11.25 ],
    "faces": {
        "up":    { "uv": [ 7.25, 11, 8.75, 11.25 ], "texture": "#door_iron_lower" },
        "south": { "uv": [ 7.25, 7.5, 8.75, 8.25 ], "texture": "#door_iron_lower" },
        "west":  { "uv": [ 11, 7.5, 11.25, 8.25 ], "texture": "#door_iron_lower" },
        "east":  { "uv": [ 4.75, 7.5, 5, 8.25 ], "texture": "#door_iron_lower" }
    }
},
{
    "from": [ 7.25, 9.5, 10 ],
    "to": [ 8.75, 9.75, 10.25 ],
    "faces": {
        "up":    { "uv": [ 7.25, 10, 8.75, 10.25 ], "texture": "#door_iron_lower" },
        "north": { "uv": [ 7.25, 6.25, 8.75, 6.5 ], "texture": "#door_iron_lower" },
        "south": { "uv": [ 7.25, 6.25, 8.75, 6.5 ], "texture": "#door_iron_lower" },
        "west":  { "uv": [ 10, 6.25, 10.25, 6.5 ], "texture": "#door_iron_lower" },
        "east":  { "uv": [ 5.75, 6.25, 6, 6.5 ], "texture": "#door_iron_lower" }
    }
},
{
    "from": [ 8.25, 12, 10.5 ],
    "to": [ 8.5, 12.25, 11 ],
    "faces": {
        "up":    { "uv": [ 8.25, 10.5, 8.5, 11 ], "texture": "#door_iron_lower" },
        "north": { "uv": [ 7.5, 3.75, 7.75, 4 ], "texture": "#door_iron_lower" },
        "south": { "uv": [ 8.25, 3.75, 8.5, 4 ], "texture": "#door_iron_lower" },
        "west":  { "uv": [ 10.5, 3.75, 11, 4 ], "texture": "#door_iron_lower" },
        "east":  { "uv": [ 5, 3.75, 5.5, 4 ], "texture": "#door_iron_lower" }
    }
},
{
    "from": [ 7.5, 12, 10.5 ],
    "to": [ 7.75, 12.25, 11 ],
    "faces": {
        "up":    { "uv": [ 7.5, 10.5, 7.75, 11 ], "texture": "#door_iron_lower" },
        "north": { "uv": [ 8.25, 3.75, 8.5, 4 ], "texture": "#door_iron_lower" },
        "south": { "uv": [ 7.5, 3.75, 7.75, 4 ], "texture": "#door_iron_lower" },
        "west":  { "uv": [ 10.5, 3.75, 11, 4 ], "texture": "#door_iron_lower" },
        "east":  { "uv": [ 5, 3.75, 5.5, 4 ], "texture": "#door_iron_lower" }
    }
},
{
    "from": [ 7.5, 11.75, 10.4413 ],
    "to": [ 7.75, 12.25, 10.9413 ],
    "rotation": { "origin": [ 7.5, 12.25, 10.4413 ], "axis": "x", "angle": 22.5 },
    "faces": {
        "up":    { "uv": [ 0, 10, 0, 10.5 ], "texture": "#door_iron_lower" },
        "north": { "uv": [ 16, 3.25, 16, 3.75 ], "texture": "#door_iron_lower" },
        "south": { "uv": [ 0, 3.25, 0, 3.75 ], "texture": "#door_iron_lower" },
        "west":  { "uv": [ 10, 3.25, 10.5, 3.75 ], "texture": "#door_iron_lower" },
        "east":  { "uv": [ 5.5, 3.25, 6, 3.75 ], "texture": "#door_iron_lower" }
    }
},
{
    "from": [ 7.75, 8.5, 8 ],
    "to": [ 8.25, 8.75, 8.25 ],
    "faces": {
        "up":    { "uv": [ 7.75, 8, 8.25, 8.25 ], "texture": "#texture" },
        "south": { "uv": [ 7.75, 7.25, 8.25, 7.5 ], "texture": "#texture" },
        "west":  { "uv": [ 8, 7.25, 8.25, 7.5 ], "texture": "#texture" },
        "east":  { "uv": [ 7.75, 7.25, 8, 7.5 ], "texture": "#texture" }
    }
}
],
"display": {
    "thirdperson": {
        "rotation": [ 90, 0, -180 ],
        "translation": [ 0, 1.8, -1.2 ],
        "scale": [ 0.85, 0.85, 0.85 ]
    },
    "ground": {
        "rotation": [ 0, 0, 0 ],
        "translation": [ 0, 0, 0 ],
        "scale": [ 3, 3, 3 ]
    },
    "fixed": {
        "rotation": [ 45, -90, 0 ],
        "translation": [ 0, -1.3, -0.7 ],
        "scale": [ 1.5, 1.5, 1.5 ]
    },
    "firstperson": {
        "rotation": [ 0, -45, 0 ],
        "translation": [ -2.5, 1.3, -0.4 ],
        "scale": [ 2, 2, 2 ]
    },
    "gui": {
        "rotation": [ 45, -160, -35 ],
        "translation": [ 0.8, 0, -0.5 ],
        "scale": [ 0.9, 0.9, 0.9 ]
    }
}
}