{"__comment":"Designed by Exmrsdarn with BDcraft Cubik PRO 0.93 Beta - http://bdcraft.net","textures":{"particle":"blocks/Cars/Aventudor/Color","texture":"blocks/Cars/Aventudor/Color","Tire":"blocks/Cars/Aventudor/Tire","CarWindshield":"blocks/Cars/Aventudor/Windshield","CarColor":"blocks/Cars/Aventudor/Interior","Seat":"blocks/Cars/Aventudor/Seat"},"elements":[{"__comment":"Frame","from":[-6,2.5,-3.5],"to":[22,3.5,19.5],"faces":{"down":{"uv":[16,16,0,0],"texture":"#texture","cullface":"east"},"up":{"uv":[0,0,16,16],"texture":"#texture","cullface":"east"},"north":{"uv":[0,12.5,16,13.5],"texture":"#texture","cullface":"east"},"south":{"uv":[0,12.5,16,13.5],"texture":"#texture","cullface":"east"},"west":{"uv":[0,12.5,16,13.5],"texture":"#texture","cullface":"east"},"east":{"uv":[0,12.5,16,13.5],"texture":"#texture","cullface":"east"}}},{"__comment":"Tire","from":[-5.5,8.5,-12],"to":[-3,9,-6],"faces":{"down":{"uv":[14,0,11.5,0],"texture":"#texture","cullface":"north"},"up":{"uv":[2.5,1,5,1.5],"texture":"#Tire","cullface":"north"},"north":{"uv":[2.5,1,5,1.5],"texture":"#Tire","cullface":"north"},"south":{"uv":[2.5,1,5,1.5],"texture":"#Tire","cullface":"north"},"west":{"uv":[2,1.5,8,2],"texture":"#Tire","cullface":"north"},"east":{"uv":[2,1.5,8,2],"texture":"#Tire","cullface":"north"}}},{"__comment":"Tire","from":[-5.5,9,22.5],"to":[-3,9.5,27.5],"faces":{"down":{"uv":[14,0,11.5,0],"texture":"#texture","cullface":"south"},"up":{"uv":[2.5,1,7.5,1.5],"texture":"#Tire","cullface":"south"},"north":{"uv":[2.5,1,7.5,1.5],"texture":"#Tire","cullface":"south"},"south":{"uv":[2.5,1,7.5,1.5],"texture":"#Tire","cullface":"south"},"west":{"uv":[2.5,1,7.5,1.5],"texture":"#Tire","cullface":"south"},"east":{"uv":[16,4,16,4.5],"texture":"#texture","cullface":"south"}}},{"__comment":"Tire","from":[-5.5,1,22],"to":[-3,1.5,28],"faces":{"down":{"uv":[6,0.5,3.5,1],"texture":"#Tire","cullface":"south"},"up":{"uv":[6,0.5,3.5,1],"texture":"#Tire","cullface":"south"},"north":{"uv":[3.5,0.5,6,1],"texture":"#Tire","cullface":"south"},"south":{"uv":[3.5,0.5,6,1],"texture":"#Tire","cullface":"south"},"west":{"uv":[2,9,8,9.5],"texture":"#Tire","cullface":"south"},"east":{"uv":[2,9,8,9.5],"texture":"#Tire","cullface":"south"}}},{"__comment":"Tire","from":[-5.5,0.5,22.5],"to":[-3,1,27.5],"faces":{"down":{"uv":[6,0.5,3.5,1],"texture":"#Tire","cullface":"south"},"up":{"uv":[6,0.5,3.5,1],"texture":"#Tire","cullface":"south"},"north":{"uv":[3.5,0.5,6,1],"texture":"#Tire","cullface":"south"},"south":{"uv":[3.5,0.5,6,1],"texture":"#Tire","cullface":"south"},"west":{"uv":[2.5,9.5,7.5,10],"texture":"#Tire","cullface":"south"},"east":{"uv":[2.5,9.5,7.5,10],"texture":"#Tire","cullface":"south"}}},{"__comment":"Tire","from":[-5.5,2,28.5],"to":[-3,8,29],"faces":{"down":{"uv":[3.5,0.5,6,1],"texture":"#Tire","cullface":"south"},"up":{"uv":[3.5,0.5,6,1],"texture":"#Tire","cullface":"south"},"north":{"uv":[3.5,0.5,5.5,1],"texture":"#Tire","cullface":"south"},"south":{"uv":[3.5,0.5,5.5,1],"texture":"#Tire","cullface":"south"},"west":{"uv":[8.5,2.5,9,8.5],"texture":"#Tire","cullface":"south"},"east":{"uv":[8.5,2.5,9,8.5],"texture":"#Tire","cullface":"south"}}},{"__comment":"Tire","from":[-5.5,2.5,29],"to":[-3,7.5,29.5],"faces":{"down":{"uv":[3.5,0.5,6,1],"texture":"#Tire","cullface":"south"},"up":{"uv":[3.5,0.5,6,1],"texture":"#Tire","cullface":"south"},"north":{"uv":[3.5,0.5,6,1],"texture":"#Tire","cullface":"south"},"south":{"uv":[3.5,0.5,6,1],"texture":"#Tire","cullface":"south"},"west":{"uv":[9,3,9.5,8],"texture":"#Tire","cullface":"south"},"east":{"uv":[9,3,9.5,8],"texture":"#Tire","cullface":"south"}}},{"__comment":"Tire","from":[-5.5,2,21],"to":[-3,8,21.5],"faces":{"down":{"uv":[3.5,0.5,6,1],"texture":"#Tire","cullface":"south"},"up":{"uv":[3.5,0.5,6,1],"texture":"#Tire","cullface":"south"},"north":{"uv":[3.5,0.5,6.5,1],"texture":"#Tire","cullface":"south"},"south":{"uv":[3.5,0.5,6.5,1],"texture":"#Tire","cullface":"south"},"west":{"uv":[1,2.5,1.5,8.5],"texture":"#Tire","cullface":"south"},"east":{"uv":[1,2.5,1.5,8.5],"texture":"#Tire","cullface":"south"}}},{"__comment":"Tire","from":[-5.5,2.5,20.5],"to":[-3,7.5,21],"faces":{"down":{"uv":[3.5,0.5,6,1],"texture":"#Tire","cullface":"south"},"up":{"uv":[3.5,0.5,6,1],"texture":"#Tire","cullface":"south"},"north":{"uv":[3.5,0.5,6,1],"texture":"#Tire","cullface":"south"},"south":{"uv":[3.5,0.5,6,1],"texture":"#Tire","cullface":"south"},"west":{"uv":[0.5,3,1,8],"texture":"#Tire","cullface":"south"},"east":{"uv":[0.5,3,1,8],"texture":"#Tire","cullface":"south"}}},{"__comment":"Tire","from":[-5.5,9.5,-10.5],"to":[-3,10,-7.5],"faces":{"down":{"uv":[14,0,11.5,0],"texture":"#texture","cullface":"north"},"up":{"uv":[3.5,0.5,6,1],"rotation":90,"texture":"#Tire","cullface":"north"},"north":{"uv":[3.5,0.5,6,1],"texture":"#Tire","cullface":"north"},"south":{"uv":[3.5,0.5,6,1],"texture":"#Tire","cullface":"north"},"west":{"uv":[3.5,0.5,6.5,1],"texture":"#Tire","cullface":"north"},"east":{"uv":[16,3.5,16,4],"texture":"#texture","cullface":"north"}}},{"__comment":"Tire","from":[-5.5,0,23.5],"to":[-3,0.5,26.5],"faces":{"down":{"uv":[6,0.5,3.5,1],"texture":"#Tire","cullface":"south"},"up":{"uv":[6,0.5,3.5,1],"texture":"#Tire","cullface":"south"},"north":{"uv":[3.5,0.5,6,1],"texture":"#Tire","cullface":"south"},"south":{"uv":[3.5,0.5,6,1],"texture":"#Tire","cullface":"south"},"west":{"uv":[3.5,10,6.5,10.5],"texture":"#Tire","cullface":"south"},"east":{"uv":[3.5,10,6.5,10.5],"texture":"#Tire","cullface":"south"}}},{"__comment":"Tire","from":[-5.5,3.5,29.5],"to":[-3,6.5,30],"faces":{"down":{"uv":[3.5,0.5,6,1],"texture":"#Tire","cullface":"south"},"up":{"uv":[3.5,0.5,6,1],"texture":"#Tire","cullface":"south"},"north":{"uv":[3.5,0.5,6,1],"texture":"#Tire","cullface":"south"},"south":{"uv":[3.5,0.5,6,1],"texture":"#Tire","cullface":"south"},"west":{"uv":[9.5,4,10,7],"texture":"#Tire","cullface":"south"},"east":{"uv":[9.5,4,10,7],"texture":"#Tire","cullface":"south"}}},{"__comment":"Tire","from":[-5.5,3.5,20],"to":[-3,6.5,20.5],"faces":{"down":{"uv":[3.5,0.5,6,1],"texture":"#Tire","cullface":"south"},"up":{"uv":[3.5,0.5,6,1],"texture":"#Tire","cullface":"south"},"north":{"uv":[0,4,0.5,6.5],"texture":"#Tire","cullface":"south"},"south":{"uv":[2,7,4.5,10],"texture":"#texture","cullface":"south"},"west":{"uv":[0,4,0.5,7],"texture":"#Tire","cullface":"south"},"east":{"uv":[16,7,16,10],"texture":"#texture","cullface":"south"}}},{"__comment":"Tire","from":[-5.5,9.5,23.5],"to":[-3,10,26.5],"faces":{"down":{"uv":[14,0,11.5,0],"texture":"#texture","cullface":"south"},"up":{"uv":[3.5,0.5,6,1],"rotation":90,"texture":"#Tire","cullface":"south"},"north":{"uv":[3.5,0.5,6,1],"texture":"#Tire","cullface":"south"},"south":{"uv":[3.5,0.5,6,1],"texture":"#Tire","cullface":"south"},"west":{"uv":[3.5,0.5,6.5,1],"texture":"#Tire","cullface":"south"},"east":{"uv":[16,3.5,16,4],"texture":"#texture","cullface":"south"}}},{"__comment":"Tire","from":[-5.5,9,-11.5],"to":[-3,9.5,-6.5],"faces":{"down":{"uv":[14,0,11.5,0],"texture":"#texture","cullface":"north"},"up":{"uv":[2.5,1,7.5,1.5],"texture":"#Tire","cullface":"north"},"north":{"uv":[2.5,1,7.5,1.5],"texture":"#Tire","cullface":"north"},"south":{"uv":[2.5,1,7.5,1.5],"texture":"#Tire","cullface":"north"},"west":{"uv":[2.5,1,7.5,1.5],"texture":"#Tire","cullface":"north"},"east":{"uv":[16,4,16,4.5],"texture":"#texture","cullface":"north"}}},{"__comment":"Rim","from":[-5.5,1.5,21.5],"to":[-3,8.5,28.5],"faces":{"down":{"uv":[3.5,0.5,6,1],"texture":"#Tire","cullface":"south"},"up":{"uv":[3.5,0.5,6,1],"texture":"#Tire","cullface":"south"},"north":{"uv":[3.5,0.5,6,1],"texture":"#Tire","cullface":"south"},"south":{"uv":[3.5,0.5,6,1],"texture":"#Tire","cullface":"south"},"west":{"uv":[1.5,2,8.5,9],"texture":"#Tire","cullface":"south"},"east":{"uv":[1.5,2,8.5,9],"texture":"#Tire","cullface":"south"}}},{"__comment":"Tire","from":[-5.5,8.5,22],"to":[-3,9,28],"faces":{"down":{"uv":[14,0,11.5,0],"texture":"#texture","cullface":"south"},"up":{"uv":[3.5,0.5,6,1],"texture":"#Tire","cullface":"south"},"north":{"uv":[3.5,0.5,6,1],"texture":"#Tire","cullface":"south"},"south":{"uv":[3.5,0.5,6,1],"texture":"#Tire","cullface":"south"},"west":{"uv":[2,1.5,8,2],"texture":"#Tire","cullface":"south"},"east":{"uv":[16,4.5,16,5],"texture":"#texture","cullface":"south"}}},{"__comment":"Tire*","from":[-5.5,2,-13],"to":[-3,8,-12.5],"faces":{"down":{"uv":[3.5,0.5,6,1],"texture":"#Tire","cullface":"north"},"up":{"uv":[3.5,0.5,6,1],"texture":"#Tire","cullface":"north"},"north":{"uv":[3.5,0.5,6.5,1],"texture":"#Tire","cullface":"north"},"south":{"uv":[3.5,0.5,6.5,1],"texture":"#Tire","cullface":"north"},"west":{"uv":[1,2.5,1.5,8.5],"texture":"#Tire","cullface":"north"},"east":{"uv":[1,2.5,1.5,8.5],"texture":"#Tire","cullface":"north"}}},{"__comment":"Tire*","from":[-5.5,2.5,-13.5],"to":[-3,7.5,-13],"faces":{"down":{"uv":[3.5,0.5,6,1],"texture":"#Tire","cullface":"north"},"up":{"uv":[3.5,0.5,6,1],"texture":"#Tire","cullface":"north"},"north":{"uv":[3.5,0.5,6,1],"texture":"#Tire","cullface":"north"},"south":{"uv":[3.5,0.5,6,1],"texture":"#Tire","cullface":"north"},"west":{"uv":[0.5,3,1,8],"texture":"#Tire","cullface":"north"},"east":{"uv":[0.5,3,1,8],"texture":"#Tire","cullface":"north"}}},{"__comment":"Tire*","from":[-5.5,3.5,-14],"to":[-3,6.5,-13.5],"faces":{"down":{"uv":[3.5,0.5,6,1],"texture":"#Tire","cullface":"north"},"up":{"uv":[3.5,0.5,6,1],"texture":"#Tire","cullface":"north"},"north":{"uv":[0,4,0.5,6.5],"texture":"#Tire","cullface":"north"},"south":{"uv":[0,4,0.5,6.5],"texture":"#Tire","cullface":"north"},"west":{"uv":[0,4,0.5,7],"texture":"#Tire","cullface":"north"},"east":{"uv":[0,4,0.5,7],"texture":"#Tire","cullface":"north"}}},{"__comment":"Tire*","from":[-5.5,1,-12],"to":[-3,1.5,-6],"faces":{"down":{"uv":[6,0.5,3.5,1],"texture":"#Tire","cullface":"north"},"up":{"uv":[6,0.5,3.5,1],"texture":"#Tire","cullface":"north"},"north":{"uv":[3.5,0.5,6,1],"texture":"#Tire","cullface":"north"},"south":{"uv":[3.5,0.5,6,1],"texture":"#Tire","cullface":"north"},"west":{"uv":[2,9,8,9.5],"texture":"#Tire","cullface":"north"},"east":{"uv":[2,9,8,9.5],"texture":"#Tire","cullface":"north"}}},{"__comment":"Tire*","from":[-5.5,0.5,-11.5],"to":[-3,1,-6.5],"faces":{"down":{"uv":[6,0.5,3.5,1],"texture":"#Tire","cullface":"north"},"up":{"uv":[6,0.5,3.5,1],"texture":"#Tire","cullface":"north"},"north":{"uv":[3.5,0.5,6,1],"texture":"#Tire","cullface":"north"},"south":{"uv":[3.5,0.5,6,1],"texture":"#Tire","cullface":"north"},"west":{"uv":[2.5,9.5,7.5,10],"texture":"#Tire","cullface":"north"},"east":{"uv":[2.5,9.5,7.5,10],"texture":"#Tire","cullface":"north"}}},{"__comment":"Tire*","from":[-5.5,0,-10.5],"to":[-3,0.5,-7.5],"faces":{"down":{"uv":[6,0.5,3.5,1],"texture":"#Tire","cullface":"north"},"up":{"uv":[6,0.5,3.5,1],"texture":"#Tire","cullface":"north"},"north":{"uv":[3.5,0.5,6,1],"texture":"#Tire","cullface":"north"},"south":{"uv":[3.5,0.5,6,1],"texture":"#Tire","cullface":"north"},"west":{"uv":[3.5,10,6.5,10.5],"texture":"#Tire","cullface":"north"},"east":{"uv":[3.5,10,6.5,10.5],"texture":"#Tire","cullface":"north"}}},{"__comment":"Tire*","from":[-5.5,2,-5.5],"to":[-3,8,-5],"faces":{"down":{"uv":[3.5,0.5,6,1],"texture":"#Tire","cullface":"north"},"up":{"uv":[3.5,0.5,6,1],"texture":"#Tire","cullface":"north"},"north":{"uv":[3.5,0.5,5.5,1],"texture":"#Tire","cullface":"north"},"south":{"uv":[3.5,0.5,5.5,1],"texture":"#Tire","cullface":"north"},"west":{"uv":[8.5,2.5,9,8.5],"texture":"#Tire","cullface":"north"},"east":{"uv":[8.5,2.5,9,8.5],"texture":"#Tire","cullface":"north"}}},{"__comment":"Tire*","from":[-5.5,2.5,-5],"to":[-3,7.5,-4.5],"faces":{"down":{"uv":[3.5,0.5,6,1],"texture":"#Tire","cullface":"north"},"up":{"uv":[3.5,0.5,6,1],"texture":"#Tire","cullface":"north"},"north":{"uv":[3.5,0.5,6,1],"texture":"#Tire","cullface":"north"},"south":{"uv":[3.5,0.5,6,1],"texture":"#Tire","cullface":"north"},"west":{"uv":[9,3,9.5,8],"texture":"#Tire","cullface":"north"},"east":{"uv":[9,3,9.5,8],"texture":"#Tire","cullface":"north"}}},{"__comment":"Tire*","from":[-5.5,3.5,-4.5],"to":[-3,6.5,-4],"faces":{"down":{"uv":[3.5,0.5,6,1],"texture":"#Tire","cullface":"north"},"up":{"uv":[3.5,0.5,6,1],"texture":"#Tire","cullface":"north"},"north":{"uv":[11.5,7,14,10],"texture":"#texture","cullface":"north"},"south":{"uv":[3.5,0.5,6,1],"texture":"#Tire","cullface":"north"},"west":{"uv":[9.5,4,10,7],"texture":"#Tire","cullface":"north"},"east":{"uv":[16,7,16,10],"texture":"#texture","cullface":"north"}}},{"from":[-6,3.5,-3.5],"to":[-2,8,-3],"faces":{"down":{"uv":[16,0,16,0],"texture":"#texture","cullface":"north"},"up":{"uv":[0,0,0,0],"texture":"#texture","cullface":"north"},"north":{"uv":[16,8,16,12.5],"texture":"#texture","cullface":"north"},"south":{"uv":[0,8,0,12.5],"texture":"#texture","cullface":"north"},"west":{"uv":[0,8,0,12.5],"texture":"#texture","cullface":"north"},"east":{"uv":[16,8,16,12.5],"texture":"#texture","cullface":"north"}}},{"from":[-6,3.5,19],"to":[-2,8,19.5],"faces":{"down":{"uv":[16,16,16,16],"texture":"#texture","cullface":"south"},"up":{"uv":[0,16,0,16],"texture":"#texture","cullface":"south"},"north":{"uv":[16,8,16,12.5],"texture":"#texture","cullface":"south"},"south":{"uv":[0,8,0,12.5],"texture":"#texture","cullface":"south"},"west":{"uv":[16,8,16,12.5],"texture":"#texture","cullface":"south"},"east":{"uv":[0,8,0,12.5],"texture":"#texture","cullface":"south"}}},{"from":[-6,8,-4],"to":[-2,8.5,-3],"faces":{"down":{"uv":[16,0,16,0],"texture":"#texture","cullface":"north"},"up":{"uv":[0,0,0,0],"texture":"#texture","cullface":"north"},"north":{"uv":[16,7.5,16,8],"texture":"#texture","cullface":"north"},"south":{"uv":[0,7.5,0,8],"texture":"#texture","cullface":"north"},"west":{"uv":[0,7.5,0,8],"texture":"#texture","cullface":"north"},"east":{"uv":[16,7.5,16,8],"texture":"#texture","cullface":"north"}}},{"from":[-6,8.5,-4.5],"to":[-2,9,-3],"faces":{"down":{"uv":[16,0,16,0],"texture":"#texture","cullface":"north"},"up":{"uv":[0,0,0,0],"texture":"#texture","cullface":"north"},"north":{"uv":[16,7,16,7.5],"texture":"#texture","cullface":"north"},"south":{"uv":[0,7,0,7.5],"texture":"#texture","cullface":"north"},"west":{"uv":[0,7,0,7.5],"texture":"#texture","cullface":"north"},"east":{"uv":[16,7,16,7.5],"texture":"#texture","cullface":"north"}}},{"from":[-6,9,-5],"to":[-2,9.5,-3],"faces":{"down":{"uv":[16,0,16,0],"texture":"#texture","cullface":"north"},"up":{"uv":[0,0,0,0],"texture":"#texture","cullface":"north"},"north":{"uv":[16,6.5,16,7],"texture":"#texture","cullface":"north"},"south":{"uv":[0,6.5,0,7],"texture":"#texture","cullface":"north"},"west":{"uv":[0,6.5,0,7],"texture":"#texture","cullface":"north"},"east":{"uv":[16,6.5,16,7],"texture":"#texture","cullface":"north"}}},{"from":[-6,9.5,-5.5],"to":[-2,10,-3],"faces":{"down":{"uv":[14.5,0,10.5,0],"texture":"#texture","cullface":"north"},"up":{"uv":[1.5,0,5.5,0],"texture":"#texture","cullface":"north"},"north":{"uv":[10.5,5.5,14.5,6.5],"texture":"#texture","cullface":"north"},"south":{"uv":[1.5,5.5,5.5,6.5],"texture":"#texture","cullface":"north"},"west":{"uv":[0,5.5,0,6.5],"texture":"#texture","cullface":"north"},"east":{"uv":[16,5.5,16,6.5],"texture":"#texture","cullface":"north"}}},{"from":[-6,10,-6.5],"to":[-2,10.5,-3],"faces":{"down":{"uv":[16,0,16,0],"texture":"#texture","cullface":"north"},"up":{"uv":[0,0,0,0],"texture":"#texture","cullface":"north"},"north":{"uv":[16,5.5,16,6],"texture":"#texture","cullface":"north"},"south":{"uv":[0,5.5,0,6],"texture":"#texture","cullface":"north"},"west":{"uv":[0,5.5,0,6],"texture":"#texture","cullface":"north"},"east":{"uv":[16,5.5,16,6],"texture":"#texture","cullface":"north"}}},{"from":[-6,10.5,-15],"to":[-2,11.5,-3],"faces":{"down":{"uv":[16,0,16,0],"texture":"#texture","cullface":"north"},"up":{"uv":[0,0,0,0],"texture":"#texture","cullface":"north"},"north":{"uv":[16,4.5,16,5.5],"texture":"#texture","cullface":"north"},"south":{"uv":[0,4.5,0,5.5],"texture":"#texture","cullface":"north"},"west":{"uv":[0,4.5,0,5.5],"texture":"#texture","cullface":"north"},"east":{"uv":[16,4.5,16,5.5],"texture":"#texture","cullface":"north"}}},{"from":[-6,8,19],"to":[-2,8.5,20],"faces":{"down":{"uv":[16,16,16,16],"texture":"#texture","cullface":"south"},"up":{"uv":[0,16,0,16],"texture":"#texture","cullface":"south"},"north":{"uv":[16,7.5,16,8],"texture":"#texture","cullface":"south"},"south":{"uv":[0,7.5,0,8],"texture":"#texture","cullface":"south"},"west":{"uv":[16,7.5,16,8],"texture":"#texture","cullface":"south"},"east":{"uv":[0,7.5,0,8],"texture":"#texture","cullface":"south"}}},{"from":[-6,8.5,19],"to":[-2,9,20.5],"faces":{"down":{"uv":[16,16,16,16],"texture":"#texture","cullface":"south"},"up":{"uv":[0,16,0,16],"texture":"#texture","cullface":"south"},"north":{"uv":[16,7,16,7.5],"texture":"#texture","cullface":"south"},"south":{"uv":[0,7,0,7.5],"texture":"#texture","cullface":"south"},"west":{"uv":[16,7,16,7.5],"texture":"#texture","cullface":"south"},"east":{"uv":[0,7,0,7.5],"texture":"#texture","cullface":"south"}}},{"from":[-6,9,19],"to":[-2,9.5,21],"faces":{"down":{"uv":[16,16,16,16],"texture":"#texture","cullface":"south"},"up":{"uv":[0,16,0,16],"texture":"#texture","cullface":"south"},"north":{"uv":[16,6.5,16,7],"texture":"#texture","cullface":"south"},"south":{"uv":[0,6.5,0,7],"texture":"#texture","cullface":"south"},"west":{"uv":[16,6.5,16,7],"texture":"#texture","cullface":"south"},"east":{"uv":[0,6.5,0,7],"texture":"#texture","cullface":"south"}}},{"from":[-6,9.5,19],"to":[-2,10,21.5],"faces":{"down":{"uv":[16,16,16,16],"texture":"#texture","cullface":"south"},"up":{"uv":[0,16,0,16],"texture":"#texture","cullface":"south"},"north":{"uv":[16,6,16,6.5],"texture":"#texture","cullface":"south"},"south":{"uv":[0,6,0,6.5],"texture":"#texture","cullface":"south"},"west":{"uv":[16,6,16,6.5],"texture":"#texture","cullface":"south"},"east":{"uv":[0,6,0,6.5],"texture":"#texture","cullface":"south"}}},{"from":[-6,10,19],"to":[-2,10.5,22.5],"faces":{"down":{"uv":[16,16,16,16],"texture":"#texture","cullface":"south"},"up":{"uv":[0,16,0,16],"texture":"#texture","cullface":"south"},"north":{"uv":[16,5.5,16,6],"texture":"#texture","cullface":"south"},"south":{"uv":[0,5.5,0,6],"texture":"#texture","cullface":"south"},"west":{"uv":[16,5.5,16,6],"texture":"#texture","cullface":"south"},"east":{"uv":[0,5.5,0,6],"texture":"#texture","cullface":"south"}}},{"from":[-6,10.5,19],"to":[-2,11.5,31],"faces":{"down":{"uv":[16,16,16,16],"texture":"#texture","cullface":"south"},"up":{"uv":[0,16,0,16],"texture":"#texture","cullface":"south"},"north":{"uv":[16,4.5,16,5.5],"texture":"#texture","cullface":"south"},"south":{"uv":[0,4.5,0,5.5],"texture":"#texture","cullface":"south"},"west":{"uv":[16,4.5,16,5.5],"texture":"#texture","cullface":"south"},"east":{"uv":[0,4.5,0,5.5],"texture":"#texture","cullface":"south"}}},{"from":[18,10.5,19],"to":[22,11.5,31],"faces":{"down":{"uv":[0,16,0,16],"texture":"#texture","cullface":"east"},"up":{"uv":[16,16,16,16],"texture":"#texture","cullface":"east"},"north":{"uv":[0,4.5,0,5.5],"texture":"#texture","cullface":"east"},"south":{"uv":[16,4.5,16,5.5],"texture":"#texture","cullface":"east"},"west":{"uv":[16,4.5,16,5.5],"texture":"#texture","cullface":"east"},"east":{"uv":[0,4.5,0,5.5],"texture":"#texture","cullface":"east"}}},{"from":[18,10.5,-15],"to":[22,11.5,-3],"faces":{"down":{"uv":[0,0,0,0],"texture":"#texture","cullface":"east"},"up":{"uv":[16,0,16,0],"texture":"#texture","cullface":"east"},"north":{"uv":[0,4.5,0,5.5],"texture":"#texture","cullface":"east"},"south":{"uv":[16,4.5,16,5.5],"texture":"#texture","cullface":"east"},"west":{"uv":[0,4.5,0,5.5],"texture":"#texture","cullface":"east"},"east":{"uv":[16,4.5,16,5.5],"texture":"#texture","cullface":"east"}}},{"from":[18,10,-6.5],"to":[22,10.5,-3],"faces":{"down":{"uv":[0,0,0,0],"texture":"#texture","cullface":"east"},"up":{"uv":[16,0,16,0],"texture":"#texture","cullface":"east"},"north":{"uv":[0,5.5,0,6],"texture":"#texture","cullface":"east"},"south":{"uv":[16,5.5,16,6],"texture":"#texture","cullface":"east"},"west":{"uv":[0,5.5,0,6],"texture":"#texture","cullface":"east"},"east":{"uv":[16,5.5,16,6],"texture":"#texture","cullface":"east"}}},{"from":[18,9.5,-5.5],"to":[22,10,-3],"faces":{"down":{"uv":[0,0,0,0],"texture":"#texture","cullface":"east"},"up":{"uv":[16,0,16,0],"texture":"#texture","cullface":"east"},"north":{"uv":[0,6,0,6.5],"texture":"#texture","cullface":"east"},"south":{"uv":[16,6,16,6.5],"texture":"#texture","cullface":"east"},"west":{"uv":[0,6,0,6.5],"texture":"#texture","cullface":"east"},"east":{"uv":[16,6,16,6.5],"texture":"#texture","cullface":"east"}}},{"from":[18,9,-5],"to":[22,9.5,-3],"faces":{"down":{"uv":[0,0,0,0],"texture":"#texture","cullface":"east"},"up":{"uv":[16,0,16,0],"texture":"#texture","cullface":"east"},"north":{"uv":[0,6.5,0,7],"texture":"#texture","cullface":"east"},"south":{"uv":[16,6.5,16,7],"texture":"#texture","cullface":"east"},"west":{"uv":[0,6.5,0,7],"texture":"#texture","cullface":"east"},"east":{"uv":[16,6.5,16,7],"texture":"#texture","cullface":"east"}}},{"from":[18,8.5,-4.5],"to":[22,9,-3],"faces":{"down":{"uv":[0,0,0,0],"texture":"#texture","cullface":"east"},"up":{"uv":[16,0,16,0],"texture":"#texture","cullface":"east"},"north":{"uv":[0,7,0,7.5],"texture":"#texture","cullface":"east"},"south":{"uv":[16,7,16,7.5],"texture":"#texture","cullface":"east"},"west":{"uv":[0,7,0,7.5],"texture":"#texture","cullface":"east"},"east":{"uv":[16,7,16,7.5],"texture":"#texture","cullface":"east"}}},{"from":[18,3.5,-3.5],"to":[22,8,-3],"faces":{"down":{"uv":[0,0,0,0],"texture":"#texture","cullface":"east"},"up":{"uv":[16,0,16,0],"texture":"#texture","cullface":"east"},"north":{"uv":[0,8,0,12.5],"texture":"#texture","cullface":"east"},"south":{"uv":[16,8,16,12.5],"texture":"#texture","cullface":"east"},"west":{"uv":[0,8,0,12.5],"texture":"#texture","cullface":"east"},"east":{"uv":[16,8,16,12.5],"texture":"#texture","cullface":"east"}}},{"from":[18,8,-4],"to":[22,8.5,-3],"faces":{"down":{"uv":[0,0,0,0],"texture":"#texture","cullface":"east"},"up":{"uv":[16,0,16,0],"texture":"#texture","cullface":"east"},"north":{"uv":[0,7.5,0,8],"texture":"#texture","cullface":"east"},"south":{"uv":[16,7.5,16,8],"texture":"#texture","cullface":"east"},"west":{"uv":[0,7.5,0,8],"texture":"#texture","cullface":"east"},"east":{"uv":[16,7.5,16,8],"texture":"#texture","cullface":"east"}}},{"from":[-6,10,-15],"to":[-2,10.5,-11.5],"faces":{"down":{"uv":[16,0,16,0],"texture":"#texture","cullface":"north"},"up":{"uv":[0,0,0,0],"texture":"#texture","cullface":"north"},"north":{"uv":[16,5.5,16,6],"texture":"#texture","cullface":"north"},"south":{"uv":[0,5.5,0,6],"texture":"#texture","cullface":"north"},"west":{"uv":[0,5.5,0,6],"texture":"#texture","cullface":"north"},"east":{"uv":[16,5.5,16,6],"texture":"#texture","cullface":"north"}}},{"from":[-6,9.5,-15],"to":[-2,10,-12.5],"faces":{"down":{"uv":[16,0,16,0],"texture":"#texture","cullface":"north"},"up":{"uv":[0,0,0,0],"texture":"#texture","cullface":"north"},"north":{"uv":[16,6,16,6.5],"texture":"#texture","cullface":"north"},"south":{"uv":[0,6,0,6.5],"texture":"#texture","cullface":"north"},"west":{"uv":[0,6,0,6.5],"texture":"#texture","cullface":"north"},"east":{"uv":[16,6,16,6.5],"texture":"#texture","cullface":"north"}}},{"from":[-6,9,-15],"to":[-2,9.5,-13],"faces":{"down":{"uv":[16,0,16,0],"texture":"#texture","cullface":"north"},"up":{"uv":[0,0,0,0],"texture":"#texture","cullface":"north"},"north":{"uv":[16,6.5,16,7],"texture":"#texture","cullface":"north"},"south":{"uv":[0,6.5,0,7],"texture":"#texture","cullface":"north"},"west":{"uv":[0,6.5,0,7],"texture":"#texture","cullface":"north"},"east":{"uv":[16,6.5,16,7],"texture":"#texture","cullface":"north"}}},{"from":[-6,8.5,-15],"to":[-2,9,-13.5],"faces":{"down":{"uv":[16,0,16,0],"texture":"#texture","cullface":"north"},"up":{"uv":[0,0,0,0],"texture":"#texture","cullface":"north"},"north":{"uv":[16,7,16,7.5],"texture":"#texture","cullface":"north"},"south":{"uv":[0,7,0,7.5],"texture":"#texture","cullface":"north"},"west":{"uv":[0,7,0,7.5],"texture":"#texture","cullface":"north"},"east":{"uv":[16,7,16,7.5],"texture":"#texture","cullface":"north"}}},{"from":[-6,8,-15],"to":[-2,8.5,-14],"faces":{"down":{"uv":[16,0,16,0],"texture":"#texture","cullface":"north"},"up":{"uv":[0,0,0,0],"texture":"#texture","cullface":"north"},"north":{"uv":[16,7.5,16,8],"texture":"#texture","cullface":"north"},"south":{"uv":[0,7.5,0,8],"texture":"#texture","cullface":"north"},"west":{"uv":[0,7.5,0,8],"texture":"#texture","cullface":"north"},"east":{"uv":[16,7.5,16,8],"texture":"#texture","cullface":"north"}}},{"from":[-6,3,-15],"to":[-2,8,-14.5],"faces":{"down":{"uv":[16,0,16,0],"texture":"#texture","cullface":"north"},"up":{"uv":[0,0,0,0],"texture":"#texture","cullface":"north"},"north":{"uv":[16,8,16,13],"texture":"#texture","cullface":"north"},"south":{"uv":[0,8,0,13],"texture":"#texture","cullface":"north"},"west":{"uv":[0,8,0,13],"texture":"#texture","cullface":"north"},"east":{"uv":[16,8,16,13],"texture":"#texture","cullface":"north"}}},{"from":[-6,10,27.5],"to":[-2,10.5,31],"faces":{"down":{"uv":[16,16,16,16],"texture":"#texture","cullface":"south"},"up":{"uv":[0,16,0,16],"texture":"#texture","cullface":"south"},"north":{"uv":[16,5.5,16,6],"texture":"#texture","cullface":"south"},"south":{"uv":[0,5.5,0,6],"texture":"#texture","cullface":"south"},"west":{"uv":[16,5.5,16,6],"texture":"#texture","cullface":"south"},"east":{"uv":[0,5.5,0,6],"texture":"#texture","cullface":"south"}}},{"from":[-6,9.5,28.5],"to":[-2,10,31],"faces":{"down":{"uv":[16,16,16,16],"texture":"#texture","cullface":"south"},"up":{"uv":[0,16,0,16],"texture":"#texture","cullface":"south"},"north":{"uv":[16,6,16,6.5],"texture":"#texture","cullface":"south"},"south":{"uv":[0,6,0,6.5],"texture":"#texture","cullface":"south"},"west":{"uv":[16,6,16,6.5],"texture":"#texture","cullface":"south"},"east":{"uv":[0,6,0,6.5],"texture":"#texture","cullface":"south"}}},{"from":[-6,9,29],"to":[-2,9.5,31],"faces":{"down":{"uv":[16,16,16,16],"texture":"#texture","cullface":"south"},"up":{"uv":[0,16,0,16],"texture":"#texture","cullface":"south"},"north":{"uv":[16,6.5,16,7],"texture":"#texture","cullface":"south"},"south":{"uv":[0,6.5,0,7],"texture":"#texture","cullface":"south"},"west":{"uv":[16,6.5,16,7],"texture":"#texture","cullface":"south"},"east":{"uv":[0,6.5,0,7],"texture":"#texture","cullface":"south"}}},{"from":[-6,8.5,29.5],"to":[-2,9,31],"faces":{"down":{"uv":[16,16,16,16],"texture":"#texture","cullface":"south"},"up":{"uv":[0,16,0,16],"texture":"#texture","cullface":"south"},"north":{"uv":[16,7,16,7.5],"texture":"#texture","cullface":"south"},"south":{"uv":[0,7,0,7.5],"texture":"#texture","cullface":"south"},"west":{"uv":[16,7,16,7.5],"texture":"#texture","cullface":"south"},"east":{"uv":[0,7,0,7.5],"texture":"#texture","cullface":"south"}}},{"from":[-6,8,30],"to":[-2,8.5,31],"faces":{"down":{"uv":[16,16,16,16],"texture":"#texture","cullface":"south"},"up":{"uv":[0,16,0,16],"texture":"#texture","cullface":"south"},"north":{"uv":[16,7.5,16,8],"texture":"#texture","cullface":"south"},"south":{"uv":[0,7.5,0,8],"texture":"#texture","cullface":"south"},"west":{"uv":[16,7.5,16,8],"texture":"#texture","cullface":"south"},"east":{"uv":[0,7.5,0,8],"texture":"#texture","cullface":"south"}}},{"from":[-6,3,30.5],"to":[18,8,31],"faces":{"down":{"uv":[16,16,0,16],"texture":"#texture","cullface":"south"},"up":{"uv":[0,16,16,16],"texture":"#texture","cullface":"south"},"north":{"uv":[0,8,16,13],"texture":"#texture","cullface":"south"},"south":{"uv":[0,8,16,13],"texture":"#texture","cullface":"south"},"west":{"uv":[16,8,16,13],"texture":"#texture","cullface":"south"},"east":{"uv":[0,8,0,13],"texture":"#texture","cullface":"south"}}},{"from":[-6,3,-15.5],"to":[22,12,-15],"faces":{"down":{"uv":[16,0,0,0],"texture":"#texture","cullface":"east"},"up":{"uv":[0,0,16,0],"texture":"#texture","cullface":"east"},"north":{"uv":[0,4,16,13],"texture":"#texture","cullface":"east"},"south":{"uv":[0,4,16,13],"texture":"#texture","cullface":"east"},"west":{"uv":[0,4,0,13],"texture":"#texture","cullface":"east"},"east":{"uv":[16,4,16,13],"texture":"#texture","cullface":"east"}}},{"from":[-5.5,11.5,-15],"to":[21.5,12,-3],"faces":{"down":{"uv":[16,0,0,0],"texture":"#texture","cullface":"east"},"up":{"uv":[0,0,16,0],"texture":"#texture","cullface":"east"},"north":{"uv":[0,4,16,4.5],"texture":"#texture","cullface":"east"},"south":{"uv":[0,4,16,4.5],"texture":"#texture","cullface":"east"},"west":{"uv":[0,4,0,4.5],"texture":"#texture","cullface":"east"},"east":{"uv":[16,4,16,4.5],"texture":"#texture","cullface":"east"}}},{"from":[-5,5,-16],"to":[21,11.5,-15.5],"faces":{"down":{"uv":[16,0,0,0],"texture":"#texture","cullface":"east"},"up":{"uv":[0,0,16,0],"texture":"#texture","cullface":"east"},"north":{"uv":[0,4.5,16,11],"texture":"#texture","cullface":"east"},"south":{"uv":[0,4.5,16,11],"texture":"#texture","cullface":"east"},"west":{"uv":[0,4.5,0,11],"texture":"#texture","cullface":"east"},"east":{"uv":[16,4.5,16,11],"texture":"#texture","cullface":"east"}}},{"from":[-5,12.5,-5.5],"to":[21,13,-3],"faces":{"down":{"uv":[16,0,0,0],"texture":"#texture","cullface":"east"},"up":{"uv":[0,0,16,0],"texture":"#texture","cullface":"east"},"north":{"uv":[0,3,16,3.5],"texture":"#texture","cullface":"east"},"south":{"uv":[0,3,16,3.5],"texture":"#texture","cullface":"east"},"west":{"uv":[0,3,0,3.5],"texture":"#texture","cullface":"east"},"east":{"uv":[16,3,16,3.5],"texture":"#texture","cullface":"east"}}},{"from":[-6,3.5,14],"to":[-5,12.5,19],"faces":{"down":{"uv":[16,16,16,14],"texture":"#texture","cullface":"south"},"up":{"uv":[0,14,0,16],"texture":"#texture","cullface":"south"},"north":{"uv":[16,3.5,16,12.5],"texture":"#texture","cullface":"south"},"south":{"uv":[0,3.5,0,12.5],"texture":"#texture","cullface":"south"},"west":{"uv":[14,3.5,16,12.5],"texture":"#texture","cullface":"south"},"east":{"uv":[0,3.5,2,12.5],"texture":"#texture","cullface":"south"}}},{"from":[21,3.5,14],"to":[22,12.5,19],"faces":{"down":{"uv":[0,16,0,14],"texture":"#texture","cullface":"east"},"up":{"uv":[16,14,16,16],"texture":"#texture","cullface":"east"},"north":{"uv":[0,3.5,0,12.5],"texture":"#texture","cullface":"east"},"south":{"uv":[16,3.5,16,12.5],"texture":"#texture","cullface":"east"},"west":{"uv":[14,3.5,16,12.5],"texture":"#texture","cullface":"east"},"east":{"uv":[0,3.5,2,12.5],"texture":"#texture","cullface":"east"}}},{"from":[18,10,-15],"to":[22,10.5,-11.5],"faces":{"down":{"uv":[0,0,0,0],"texture":"#texture","cullface":"east"},"up":{"uv":[16,0,16,0],"texture":"#texture","cullface":"east"},"north":{"uv":[0,5.5,0,6],"texture":"#texture","cullface":"east"},"south":{"uv":[16,5.5,16,6],"texture":"#texture","cullface":"east"},"west":{"uv":[0,5.5,0,6],"texture":"#texture","cullface":"east"},"east":{"uv":[16,5.5,16,6],"texture":"#texture","cullface":"east"}}},{"from":[18,9.5,-15],"to":[22,10,-12.5],"faces":{"down":{"uv":[0,0,0,0],"texture":"#texture","cullface":"east"},"up":{"uv":[16,0,16,0],"texture":"#texture","cullface":"east"},"north":{"uv":[0,6,0,6.5],"texture":"#texture","cullface":"east"},"south":{"uv":[16,6,16,6.5],"texture":"#texture","cullface":"east"},"west":{"uv":[0,6,0,6.5],"texture":"#texture","cullface":"east"},"east":{"uv":[16,6,16,6.5],"texture":"#texture","cullface":"east"}}},{"from":[18,9,-15],"to":[22,9.5,-13],"faces":{"down":{"uv":[0,0,0,0],"texture":"#texture","cullface":"east"},"up":{"uv":[16,0,16,0],"texture":"#texture","cullface":"east"},"north":{"uv":[0,6.5,0,7],"texture":"#texture","cullface":"east"},"south":{"uv":[16,6.5,16,7],"texture":"#texture","cullface":"east"},"west":{"uv":[0,6.5,0,7],"texture":"#texture","cullface":"east"},"east":{"uv":[16,6.5,16,7],"texture":"#texture","cullface":"east"}}},{"from":[18,8.5,-15],"to":[22,9,-13.5],"faces":{"down":{"uv":[0,0,0,0],"texture":"#texture","cullface":"east"},"up":{"uv":[16,0,16,0],"texture":"#texture","cullface":"east"},"north":{"uv":[0,7,0,7.5],"texture":"#texture","cullface":"east"},"south":{"uv":[16,7,16,7.5],"texture":"#texture","cullface":"east"},"west":{"uv":[0,7,0,7.5],"texture":"#texture","cullface":"east"},"east":{"uv":[16,7,16,7.5],"texture":"#texture","cullface":"east"}}},{"from":[18,8,-15],"to":[22,8.5,-14],"faces":{"down":{"uv":[0,0,0,0],"texture":"#texture","cullface":"east"},"up":{"uv":[16,0,16,0],"texture":"#texture","cullface":"east"},"north":{"uv":[0,7.5,0,8],"texture":"#texture","cullface":"east"},"south":{"uv":[16,7.5,16,8],"texture":"#texture","cullface":"east"},"west":{"uv":[0,7.5,0,8],"texture":"#texture","cullface":"east"},"east":{"uv":[16,7.5,16,8],"texture":"#texture","cullface":"east"}}},{"from":[18,3,-15],"to":[22,8,-14.5],"faces":{"down":{"uv":[0,0,0,0],"texture":"#texture","cullface":"east"},"up":{"uv":[16,0,16,0],"texture":"#texture","cullface":"east"},"north":{"uv":[0,8,0,13],"texture":"#texture","cullface":"east"},"south":{"uv":[16,8,16,13],"texture":"#texture","cullface":"east"},"west":{"uv":[0,8,0,13],"texture":"#texture","cullface":"east"},"east":{"uv":[16,8,16,13],"texture":"#texture","cullface":"east"}}},{"from":[18,3.5,19],"to":[22,8,19.5],"faces":{"down":{"uv":[0,16,0,16],"texture":"#texture","cullface":"east"},"up":{"uv":[16,16,16,16],"texture":"#texture","cullface":"east"},"north":{"uv":[0,8,0,12.5],"texture":"#texture","cullface":"east"},"south":{"uv":[16,8,16,12.5],"texture":"#texture","cullface":"east"},"west":{"uv":[16,8,16,12.5],"texture":"#texture","cullface":"east"},"east":{"uv":[0,8,0,12.5],"texture":"#texture","cullface":"east"}}},{"from":[-6,10.125,1.875],"to":[-5.125,19.625,2.875],"rotation":{"origin":[-6,19.625,1.875],"axis":"x","angle":45},"faces":{"down":{"uv":[4,0.5,5.5,1],"texture":"#Tire","cullface":"up"},"up":{"uv":[4,0.5,5.5,1],"texture":"#Tire","cullface":"up"},"north":{"uv":[4,0.5,6,1],"texture":"#Tire","cullface":"up"},"south":{"uv":[4,0.5,6,1],"texture":"#Tire","cullface":"up"},"west":{"uv":[4,0.5,6,1],"texture":"#Tire","cullface":"up"},"east":{"uv":[4,0.5,6,1],"texture":"#Tire","cullface":"up"}}},{"from":[-6,3.5,-3],"to":[-5,12.5,14],"faces":{"down":{"uv":[16,14,16,0],"texture":"#texture"},"up":{"uv":[0,0,0,14],"texture":"#texture"},"north":{"uv":[16,3.5,16,12.5],"texture":"#texture"},"south":{"uv":[0,3.5,0,12.5],"texture":"#texture"},"west":{"uv":[0,3.5,14,12.5],"texture":"#texture"},"east":{"uv":[2,3.5,16,12.5],"texture":"#texture"}}},{"from":[-6,11.5,19],"to":[-5,12.5,25],"faces":{"down":{"uv":[16,16,16,16],"texture":"#texture"},"up":{"uv":[0,16,0,16],"texture":"#texture"},"north":{"uv":[16,3.5,16,4.5],"texture":"#texture"},"south":{"uv":[0,3.5,0,4.5],"texture":"#texture"},"west":{"uv":[16,3.5,16,4.5],"texture":"#texture"},"east":{"uv":[0,3.5,0,4.5],"texture":"#texture"}}},{"from":[21,11.5,19],"to":[22,12.5,25],"faces":{"down":{"uv":[0,16,0,16],"texture":"#texture"},"up":{"uv":[16,16,16,16],"texture":"#texture"},"north":{"uv":[0,3.5,0,4.5],"texture":"#texture"},"south":{"uv":[16,3.5,16,4.5],"texture":"#texture"},"west":{"uv":[16,3.5,16,4.5],"texture":"#texture"},"east":{"uv":[0,3.5,0,4.5],"texture":"#texture"}}},{"from":[18,10,19],"to":[22,10.5,22.5],"faces":{"down":{"uv":[0,16,0,16],"texture":"#texture"},"up":{"uv":[16,16,16,16],"texture":"#texture"},"north":{"uv":[0,5.5,0,6],"texture":"#texture"},"south":{"uv":[16,5.5,16,6],"texture":"#texture"},"west":{"uv":[16,5.5,16,6],"texture":"#texture"},"east":{"uv":[0,5.5,0,6],"texture":"#texture"}}},{"from":[18,9.5,19],"to":[22,10,21.5],"faces":{"down":{"uv":[0,16,0,16],"texture":"#texture"},"up":{"uv":[16,16,16,16],"texture":"#texture"},"north":{"uv":[0,6,0,6.5],"texture":"#texture"},"south":{"uv":[16,6,16,6.5],"texture":"#texture"},"west":{"uv":[16,6,16,6.5],"texture":"#texture"},"east":{"uv":[0,6,0,6.5],"texture":"#texture"}}},{"from":[18,9,19],"to":[22,9.5,21],"faces":{"down":{"uv":[0,16,0,16],"texture":"#texture"},"up":{"uv":[16,16,16,16],"texture":"#texture"},"north":{"uv":[0,6.5,0,7],"texture":"#texture"},"south":{"uv":[16,6.5,16,7],"texture":"#texture"},"west":{"uv":[16,6.5,16,7],"texture":"#texture"},"east":{"uv":[0,6.5,0,7],"texture":"#texture"}}},{"from":[18,8.5,19],"to":[22,9,20.5],"faces":{"down":{"uv":[0,16,0,16],"texture":"#texture"},"up":{"uv":[16,16,16,16],"texture":"#texture"},"north":{"uv":[0,7,0,7.5],"texture":"#texture"},"south":{"uv":[16,7,16,7.5],"texture":"#texture"},"west":{"uv":[16,7,16,7.5],"texture":"#texture"},"east":{"uv":[0,7,0,7.5],"texture":"#texture"}}},{"from":[18,8,19],"to":[22,8.5,20],"faces":{"down":{"uv":[0,16,0,16],"texture":"#texture"},"up":{"uv":[16,16,16,16],"texture":"#texture"},"north":{"uv":[0,7.5,0,8],"texture":"#texture"},"south":{"uv":[16,7.5,16,8],"texture":"#texture"},"west":{"uv":[16,7.5,16,8],"texture":"#texture"},"east":{"uv":[0,7.5,0,8],"texture":"#texture"}}},{"from":[18,10,27.5],"to":[22,10.5,31],"faces":{"down":{"uv":[0,16,0,16],"texture":"#texture"},"up":{"uv":[16,16,16,16],"texture":"#texture"},"north":{"uv":[0,5.5,0,6],"texture":"#texture"},"south":{"uv":[16,5.5,16,6],"texture":"#texture"},"west":{"uv":[16,5.5,16,6],"texture":"#texture"},"east":{"uv":[0,5.5,0,6],"texture":"#texture"}}},{"from":[18,9.5,28.5],"to":[22,10,31],"faces":{"down":{"uv":[0,16,0,16],"texture":"#texture"},"up":{"uv":[16,16,16,16],"texture":"#texture"},"north":{"uv":[0,6,0,6.5],"texture":"#texture"},"south":{"uv":[16,6,16,6.5],"texture":"#texture"},"west":{"uv":[16,6,16,6.5],"texture":"#texture"},"east":{"uv":[0,6,0,6.5],"texture":"#texture"}}},{"from":[18,9,29],"to":[22,9.5,31],"faces":{"down":{"uv":[0,16,0,16],"texture":"#texture"},"up":{"uv":[16,16,16,16],"texture":"#texture"},"north":{"uv":[0,6.5,0,7],"texture":"#texture"},"south":{"uv":[16,6.5,16,7],"texture":"#texture"},"west":{"uv":[16,6.5,16,7],"texture":"#texture"},"east":{"uv":[0,6.5,0,7],"texture":"#texture"}}},{"from":[18,8.5,29.5],"to":[22,9,31],"faces":{"down":{"uv":[0,16,0,16],"texture":"#texture"},"up":{"uv":[16,16,16,16],"texture":"#texture"},"north":{"uv":[0,7,0,7.5],"texture":"#texture"},"south":{"uv":[16,7,16,7.5],"texture":"#texture"},"west":{"uv":[16,7,16,7.5],"texture":"#texture"},"east":{"uv":[0,7,0,7.5],"texture":"#texture"}}},{"from":[18,8,30],"to":[22,8.5,31],"faces":{"down":{"uv":[0,16,0,16],"texture":"#texture"},"up":{"uv":[16,16,16,16],"texture":"#texture"},"north":{"uv":[0,7.5,0,8],"texture":"#texture"},"south":{"uv":[16,7.5,16,8],"texture":"#texture"},"west":{"uv":[16,7.5,16,8],"texture":"#texture"},"east":{"uv":[0,7.5,0,8],"texture":"#texture"}}},{"from":[18,3,30.5],"to":[22,8,31],"faces":{"down":{"uv":[0,16,0,16],"texture":"#texture"},"up":{"uv":[16,16,16,16],"texture":"#texture"},"north":{"uv":[0,8,0,13],"texture":"#texture"},"south":{"uv":[16,8,16,13],"texture":"#texture"},"west":{"uv":[16,8,16,13],"texture":"#texture"},"east":{"uv":[0,8,0,13],"texture":"#texture"}}},{"from":[21,3.5,-3],"to":[22,12.5,14],"faces":{"down":{"uv":[0,14,0,0],"texture":"#texture"},"up":{"uv":[16,0,16,14],"texture":"#texture"},"north":{"uv":[0,3.5,0,12.5],"texture":"#texture"},"south":{"uv":[16,3.5,16,12.5],"texture":"#texture"},"west":{"uv":[0,3.5,14,12.5],"texture":"#texture"},"east":{"uv":[2,3.5,16,12.5],"texture":"#texture"}}},{"__comment":"Rim*","from":[-5.5,1.5,-12.5],"to":[-3,8.5,-5.5],"faces":{"down":{"uv":[3.5,0.5,6,1],"texture":"#Tire","cullface":"north"},"up":{"uv":[3.5,0.5,6,1],"texture":"#Tire","cullface":"north"},"north":{"uv":[3.5,0.5,6,1],"texture":"#Tire","cullface":"north"},"south":{"uv":[3.5,0.5,6,1],"texture":"#Tire","cullface":"north"},"west":{"uv":[1.5,2,8.5,9],"texture":"#Tire","cullface":"north"},"east":{"uv":[1.5,2,8.5,9],"texture":"#Tire","cullface":"north"}}},{"from":[-6,19.4375,2.1875],"to":[22,19.9375,3.1875],"rotation":{"origin":[-6,19.9375,2.1875],"axis":"x","angle":45},"faces":{"down":{"uv":[4,0.5,6,1],"texture":"#Tire"},"up":{"uv":[4,0.5,6,1],"texture":"#Tire"},"north":{"uv":[4,0.5,6,1],"texture":"#Tire"},"south":{"uv":[4,0.5,6,1],"texture":"#Tire"},"west":{"uv":[4,0.5,6,1],"texture":"#Tire"},"east":{"uv":[4,0.5,6,1],"texture":"#Tire"}}},{"from":[-5.125,8.125,1.875],"to":[-4.625,19.625,2.875],"rotation":{"origin":[-5.125,19.625,1.875],"axis":"x","angle":45},"faces":{"down":{"uv":[0,0,16,16],"texture":"#CarWindshield"},"up":{"uv":[0,0,16,16],"texture":"#CarWindshield"},"north":{"uv":[0,0,16,16],"texture":"#CarWindshield"},"south":{"uv":[0,0,16,16],"texture":"#CarWindshield"},"west":{"uv":[0,0,16,16],"texture":"#CarWindshield"},"east":{"uv":[0,0,16,16],"texture":"#CarWindshield"}}},{"from":[20.625,8.125,1.875],"to":[21.125,19.625,2.875],"rotation":{"origin":[20.625,19.625,1.875],"axis":"x","angle":45},"faces":{"down":{"uv":[0,0,16,16],"texture":"#CarWindshield"},"up":{"uv":[0,0,16,16],"texture":"#CarWindshield"},"north":{"uv":[0,0,16,16],"texture":"#CarWindshield"},"south":{"uv":[0,0,16,16],"texture":"#CarWindshield"},"west":{"uv":[0,0,16,16],"texture":"#CarWindshield"},"east":{"uv":[0,0,16,16],"texture":"#CarWindshield"}}},{"from":[-5.125,13,-4.25],"to":[21.125,13.5,-3.25],"rotation":{"origin":[-5.125,13.5,-4.25],"axis":"x","angle":45},"faces":{"down":{"uv":[0,0,16,16],"texture":"#CarWindshield"},"up":{"uv":[0,0,16,16],"texture":"#CarWindshield"},"north":{"uv":[0,0,16,16],"texture":"#CarWindshield"},"south":{"uv":[0,0,16,16],"texture":"#CarWindshield"},"west":{"uv":[0,0,16,16],"texture":"#CarWindshield"},"east":{"uv":[0,0,16,16],"texture":"#CarWindshield"}}},{"from":[-4.625,19.125,1.875],"to":[20.625,19.625,2.875],"rotation":{"origin":[-4.625,19.625,1.875],"axis":"x","angle":45},"faces":{"down":{"uv":[0,0,16,16],"texture":"#CarWindshield"},"up":{"uv":[0,0,16,16],"texture":"#CarWindshield"},"north":{"uv":[0,0,16,16],"texture":"#CarWindshield"},"south":{"uv":[0,0,16,16],"texture":"#CarWindshield"},"west":{"uv":[0,0,16,16],"texture":"#CarWindshield"},"east":{"uv":[0,0,16,16],"texture":"#CarWindshield"}}},{"from":[-2.75,3.25,19.25],"to":[18.75,10.75,30.75],"faces":{"down":{"uv":[0,0,16,16],"texture":"#CarColor"},"up":{"uv":[0,0,16,16],"texture":"#CarColor"},"north":{"uv":[0,0,16,16],"texture":"#CarColor"},"south":{"uv":[0,0,16,16],"texture":"#CarColor"},"west":{"uv":[0,0,16,16],"texture":"#CarColor"},"east":{"uv":[0,0,16,16],"texture":"#CarColor"}}},{"from":[-2.75,3.25,-14.75],"to":[18.75,10.75,-3.25],"faces":{"down":{"uv":[0,0,16,16],"texture":"#CarColor"},"up":{"uv":[0,0,16,16],"texture":"#CarColor"},"north":{"uv":[0,0,16,16],"texture":"#CarColor"},"south":{"uv":[0,0,16,16],"texture":"#CarColor"},"west":{"uv":[0,0,16,16],"texture":"#CarColor"},"east":{"uv":[0,0,16,16],"texture":"#CarColor"}}},{"from":[19,0,23.5],"to":[21.5,0.5,26.5],"faces":{"down":{"uv":[3.5,0.5,6.5,1],"texture":"#Tire"},"up":{"uv":[3.5,0.5,6.5,1],"texture":"#Tire"},"north":{"uv":[3.5,0.5,6.5,1],"texture":"#Tire"},"south":{"uv":[3.5,0.5,6.5,1],"texture":"#Tire"},"west":{"uv":[3.5,0.5,6.5,1],"texture":"#Tire"},"east":{"uv":[3.5,0.5,6.5,1],"texture":"#Tire"}}},{"from":[19,0.5,22.5],"to":[21.5,1,27.5],"faces":{"down":{"uv":[2.5,9.5,7.5,10],"texture":"#Tire"},"up":{"uv":[2.5,9.5,7.5,10],"texture":"#Tire"},"north":{"uv":[2.5,9.5,7.5,10],"texture":"#Tire"},"south":{"uv":[2.5,9.5,7.5,10],"texture":"#Tire"},"west":{"uv":[2.5,9.5,7.5,10],"texture":"#Tire"},"east":{"uv":[2.5,9.5,7.5,10],"texture":"#Tire"}}},{"from":[19,1,22],"to":[21.5,1.5,28],"faces":{"down":{"uv":[3.5,10,6.5,10.5],"texture":"#Tire"},"up":{"uv":[3.5,10,6.5,10.5],"texture":"#Tire"},"north":{"uv":[3.5,10,6.5,10.5],"texture":"#Tire"},"south":{"uv":[3.5,10,6.5,10.5],"texture":"#Tire"},"west":{"uv":[2,9,8,9.5],"texture":"#Tire"},"east":{"uv":[2,9,8,9.5],"texture":"#Tire"}}},{"from":[19,1.5,21.5],"to":[21.5,8.5,28.5],"faces":{"down":{"uv":[3.5,10,6.5,10.5],"texture":"#Tire"},"up":{"uv":[3.5,10,6.5,10.5],"texture":"#Tire"},"north":{"uv":[3.5,10,6.5,10.5],"texture":"#Tire"},"south":{"uv":[3.5,10,6.5,10.5],"texture":"#Tire"},"west":{"uv":[1.5,2,8.5,9],"texture":"#Tire"},"east":{"uv":[1.5,2,8.5,9],"texture":"#Tire"}}},{"from":[19,8.5,22],"to":[21.5,9,28],"faces":{"down":{"uv":[3.5,0.5,6.5,1],"texture":"#Tire"},"up":{"uv":[3.5,0.5,6.5,1],"texture":"#Tire"},"north":{"uv":[3.5,0.5,6.5,1],"texture":"#Tire"},"south":{"uv":[3.5,0.5,6.5,1],"texture":"#Tire"},"west":{"uv":[2,1.5,8,2],"texture":"#Tire"},"east":{"uv":[2,1.5,8,2],"texture":"#Tire"}}},{"from":[19,9,22.5],"to":[21.5,9.5,27.5],"faces":{"down":{"uv":[3.5,0.5,6.5,1],"texture":"#Tire"},"up":{"uv":[3.5,0.5,6.5,1],"texture":"#Tire"},"north":{"uv":[3.5,0.5,6.5,1],"texture":"#Tire"},"south":{"uv":[3.5,0.5,6.5,1],"texture":"#Tire"},"west":{"uv":[2.5,1,7.5,1.5],"texture":"#Tire"},"east":{"uv":[2.5,1,7.5,1.5],"texture":"#Tire"}}},{"from":[19,9.5,23.5],"to":[21.5,10,26.5],"faces":{"down":{"uv":[3.5,0.5,6.5,1],"texture":"#Tire"},"up":{"uv":[3.5,0.5,6.5,1],"texture":"#Tire"},"north":{"uv":[3.5,0.5,6.5,1],"texture":"#Tire"},"south":{"uv":[3.5,0.5,6.5,1],"texture":"#Tire"},"west":{"uv":[3.5,0.5,6.5,1],"texture":"#Tire"},"east":{"uv":[3.5,0.5,6.5,1],"texture":"#Tire"}}},{"from":[19,2,21],"to":[21.5,8,21.5],"faces":{"down":{"uv":[9.5,4,10,7],"texture":"#Tire"},"up":{"uv":[9.5,4,10,7],"texture":"#Tire"},"north":{"uv":[9.5,4,10,7],"texture":"#Tire"},"south":{"uv":[9.5,4,10,7],"texture":"#Tire"},"west":{"uv":[8.5,2.5,9,8.5],"texture":"#Tire"},"east":{"uv":[8.5,2.5,9,8.5],"texture":"#Tire"}}},{"from":[19,2.5,20.5],"to":[21.5,7.5,21],"faces":{"down":{"uv":[9.5,4,10,7],"texture":"#Tire"},"up":{"uv":[9.5,4,10,7],"texture":"#Tire"},"north":{"uv":[9.5,4,10,7],"texture":"#Tire"},"south":{"uv":[9.5,4,10,7],"texture":"#Tire"},"west":{"uv":[9,3,9.5,8],"texture":"#Tire"},"east":{"uv":[9,3,9.5,8],"texture":"#Tire"}}},{"from":[19,3.5,20],"to":[21.5,6.5,20.5],"faces":{"down":{"uv":[9,3,9.5,8],"texture":"#Tire"},"up":{"uv":[9,3,9.5,8],"texture":"#Tire"},"north":{"uv":[9,3,9.5,8],"texture":"#Tire"},"south":{"uv":[9,3,9.5,8],"texture":"#Tire"},"west":{"uv":[9,3,9.5,8],"texture":"#Tire"},"east":{"uv":[9,3,9.5,8],"texture":"#Tire"}}},{"from":[19,2,28.5],"to":[21.5,8,29],"faces":{"down":{"uv":[1,2.5,1.5,3],"texture":"#Tire"},"up":{"uv":[1,2.5,1.5,3],"texture":"#Tire"},"north":{"uv":[3.5,0.5,6.5,1],"texture":"#Tire"},"south":{"uv":[3.5,0.5,6.5,1],"texture":"#Tire"},"west":{"uv":[1,2.5,1.5,8.5],"texture":"#Tire"},"east":{"uv":[1,2.5,1.5,8.5],"texture":"#Tire"}}},{"from":[19,2.5,29],"to":[21.5,7.5,29.5],"faces":{"down":{"uv":[3.5,0.5,6.5,1],"texture":"#Tire"},"up":{"uv":[3.5,0.5,6.5,1],"texture":"#Tire"},"north":{"uv":[3.5,0.5,6.5,1],"texture":"#Tire"},"south":{"uv":[3.5,0.5,6.5,1],"texture":"#Tire"},"west":{"uv":[0.5,3,1,8],"texture":"#Tire"},"east":{"uv":[0.5,3,1,8],"texture":"#Tire"}}},{"from":[19,3.5,29.5],"to":[21.5,6.5,30],"faces":{"down":{"uv":[3.5,0.5,6.5,1],"texture":"#Tire"},"up":{"uv":[3.5,0.5,6.5,1],"texture":"#Tire"},"north":{"uv":[3.5,0.5,6.5,1],"texture":"#Tire"},"south":{"uv":[3.5,0.5,6.5,1],"texture":"#Tire"},"west":{"uv":[0,4,0.5,7],"texture":"#Tire"},"east":{"uv":[0,4,0.5,7],"texture":"#Tire"}}},{"from":[19,1.5,-12.5],"to":[21.5,8.5,-5.5],"faces":{"down":{"uv":[3.5,0.5,6.5,1],"texture":"#Tire"},"up":{"uv":[3.5,0.5,6.5,1],"texture":"#Tire"},"north":{"uv":[3.5,0.5,6.5,1],"texture":"#Tire"},"south":{"uv":[3.5,0.5,6.5,1],"texture":"#Tire"},"west":{"uv":[1.5,2,8.5,9],"texture":"#Tire"},"east":{"uv":[1.5,2,8.5,9],"texture":"#Tire"}}},{"from":[19,8.5,-12],"to":[21.5,9,-6],"faces":{"down":{"uv":[3.5,0.5,6.5,1],"texture":"#Tire"},"up":{"uv":[3.5,0.5,6.5,1],"texture":"#Tire"},"north":{"uv":[3.5,0.5,6.5,1],"texture":"#Tire"},"south":{"uv":[3.5,0.5,6.5,1],"texture":"#Tire"},"west":{"uv":[2,1.5,8,2],"texture":"#Tire"},"east":{"uv":[2,1.5,8,2],"texture":"#Tire"}}},{"from":[19,9,-11.5],"to":[21.5,9.5,-6.5],"faces":{"down":{"uv":[3.5,0.5,6.5,1],"texture":"#Tire"},"up":{"uv":[3.5,0.5,6.5,1],"texture":"#Tire"},"north":{"uv":[3.5,0.5,6.5,1],"texture":"#Tire"},"south":{"uv":[3.5,0.5,6.5,1],"texture":"#Tire"},"west":{"uv":[2.5,1,7.5,1.5],"texture":"#Tire"},"east":{"uv":[2.5,1,7.5,1.5],"texture":"#Tire"}}},{"from":[19,9.5,-10.5],"to":[21.5,10,-7.5],"faces":{"down":{"uv":[3.5,0.5,6.5,1],"texture":"#Tire"},"up":{"uv":[3.5,0.5,6.5,1],"texture":"#Tire"},"north":{"uv":[3.5,0.5,6.5,1],"texture":"#Tire"},"south":{"uv":[3.5,0.5,6.5,1],"texture":"#Tire"},"west":{"uv":[3.5,0.5,6.5,1],"texture":"#Tire"},"east":{"uv":[3.5,0.5,6.5,1],"texture":"#Tire"}}},{"from":[19,1,-12],"to":[21.5,1.5,-6],"faces":{"down":{"uv":[3.5,0.5,6.5,1],"texture":"#Tire"},"up":{"uv":[3.5,0.5,6.5,1],"texture":"#Tire"},"north":{"uv":[3.5,0.5,6.5,1],"texture":"#Tire"},"south":{"uv":[3.5,0.5,6.5,1],"texture":"#Tire"},"west":{"uv":[2,1.5,8,2],"texture":"#Tire"},"east":{"uv":[2,1.5,8,2],"texture":"#Tire"}}},{"from":[19,0.5,-11.5],"to":[21.5,1,-6.5],"faces":{"down":{"uv":[2.5,1,7.5,1.5],"texture":"#Tire"},"up":{"uv":[2.5,1,7.5,1.5],"texture":"#Tire"},"north":{"uv":[2.5,1,7.5,1.5],"texture":"#Tire"},"south":{"uv":[2.5,1,7.5,1.5],"texture":"#Tire"},"west":{"uv":[2.5,1,7.5,1.5],"texture":"#Tire"},"east":{"uv":[2.5,1,7.5,1.5],"texture":"#Tire"}}},{"from":[19,0,-10.5],"to":[21.5,0.5,-7.5],"faces":{"down":{"uv":[3.5,0.5,6.5,1],"texture":"#Tire"},"up":{"uv":[3.5,0.5,6.5,1],"texture":"#Tire"},"north":{"uv":[3.5,0.5,6.5,1],"texture":"#Tire"},"south":{"uv":[3.5,0.5,6.5,1],"texture":"#Tire"},"west":{"uv":[3.5,0.5,6.5,1],"texture":"#Tire"},"east":{"uv":[3.5,0.5,6.5,1],"texture":"#Tire"}}},{"from":[19,2,-5.5],"to":[21.5,8,-5],"faces":{"down":{"uv":[8.5,2.5,9,3],"texture":"#Tire"},"up":{"uv":[8.5,2.5,9,3],"texture":"#Tire"},"north":{"uv":[3.5,0.5,6.5,1],"texture":"#Tire"},"south":{"uv":[3.5,0.5,6.5,1],"texture":"#Tire"},"west":{"uv":[8.5,2.5,9,8.5],"texture":"#Tire"},"east":{"uv":[8.5,2.5,9,8.5],"texture":"#Tire"}}},{"from":[19,2.5,-5],"to":[21.5,7.5,-4.5],"faces":{"down":{"uv":[9,3,9.5,8],"texture":"#Tire"},"up":{"uv":[9,3,9.5,8],"texture":"#Tire"},"north":{"uv":[9,3,9.5,8],"texture":"#Tire"},"south":{"uv":[9,3,9.5,8],"texture":"#Tire"},"west":{"uv":[9,3,9.5,8],"texture":"#Tire"},"east":{"uv":[9,3,9.5,8],"texture":"#Tire"}}},{"from":[19,3.5,-4.5],"to":[21.5,6.5,-4],"faces":{"down":{"uv":[9.5,4,10,7],"texture":"#Tire"},"up":{"uv":[9.5,4,10,7],"texture":"#Tire"},"north":{"uv":[9.5,4,10,7],"texture":"#Tire"},"south":{"uv":[9.5,4,10,7],"texture":"#Tire"},"west":{"uv":[9.5,4,10,7],"texture":"#Tire"},"east":{"uv":[9.5,4,10,7],"texture":"#Tire"}}},{"from":[19,2,-13],"to":[21.5,8,-12.5],"faces":{"down":{"uv":[3.5,0.5,6.5,1],"texture":"#Tire"},"up":{"uv":[3.5,0.5,6.5,1],"texture":"#Tire"},"north":{"uv":[3.5,0.5,6.5,1],"texture":"#Tire"},"south":{"uv":[3.5,0.5,6.5,1],"texture":"#Tire"},"west":{"uv":[8.5,2.5,9,8.5],"texture":"#Tire"},"east":{"uv":[8.5,2.5,9,8.5],"texture":"#Tire"}}},{"from":[19,2.5,-13.5],"to":[21.5,7.5,-13],"faces":{"down":{"uv":[9,3,9.5,8],"texture":"#Tire"},"up":{"uv":[9,3,9.5,8],"texture":"#Tire"},"north":{"uv":[9,3,9.5,8],"texture":"#Tire"},"south":{"uv":[9,3,9.5,8],"texture":"#Tire"},"west":{"uv":[9,3,9.5,8],"texture":"#Tire"},"east":{"uv":[9,3,9.5,8],"texture":"#Tire"}}},{"from":[19,3.5,-14],"to":[21.5,6.5,-13.5],"faces":{"down":{"uv":[9.5,4,10,7],"texture":"#Tire"},"up":{"uv":[9.5,4,10,7],"texture":"#Tire"},"north":{"uv":[9.5,4,10,7],"texture":"#Tire"},"south":{"uv":[9.5,4,10,7],"texture":"#Tire"},"west":{"uv":[9.5,4,10,7],"texture":"#Tire"},"east":{"uv":[9.5,4,10,7],"texture":"#Tire"}}},{"from":[-5,3.5,19],"to":[21,12.5,19.5],"faces":{"down":{"uv":[16,16,0,16],"texture":"#texture"},"up":{"uv":[0,16,16,16],"texture":"#texture"},"north":{"uv":[0,3.5,16,12.5],"texture":"#texture"},"south":{"uv":[0,3.5,16,12.5],"texture":"#texture"},"west":{"uv":[16,3.5,16,12.5],"texture":"#texture"},"east":{"uv":[0,3.5,0,12.5],"texture":"#texture"}}},{"from":[-5.5,3.5,31],"to":[21.5,11.5,31.5],"faces":{"down":{"uv":[16,16,0,16],"texture":"#texture"},"up":{"uv":[0,16,16,16],"texture":"#texture"},"north":{"uv":[0,4.5,16,12.5],"texture":"#texture"},"south":{"uv":[0,4.5,16,12.5],"texture":"#texture"},"west":{"uv":[16,4.5,16,12.5],"texture":"#texture"},"east":{"uv":[0,4.5,0,12.5],"texture":"#texture"}}},{"from":[-5,4.5,31.5],"to":[21,11.5,32],"faces":{"down":{"uv":[16,16,0,16],"texture":"#texture"},"up":{"uv":[0,16,16,16],"texture":"#texture"},"north":{"uv":[0,4.5,16,11.5],"texture":"#texture"},"south":{"uv":[0,12.5,13,16],"texture":"#Seat"},"west":{"uv":[16,4.5,16,11.5],"texture":"#texture"},"east":{"uv":[0,4.5,0,11.5],"texture":"#texture"}}},{"from":[-5,11.5,19.5],"to":[21,12,31.5],"faces":{"down":{"uv":[16,16,0,16],"texture":"#texture"},"up":{"uv":[0,16,16,16],"texture":"#texture"},"north":{"uv":[0,4,16,4.5],"texture":"#texture"},"south":{"uv":[0,4,16,4.5],"texture":"#texture"},"west":{"uv":[16,4,16,4.5],"texture":"#texture"},"east":{"uv":[0,4,0,4.5],"texture":"#texture"}}},{"from":[-5,12,19.5],"to":[21,12.5,29],"faces":{"down":{"uv":[16,16,0,16],"texture":"#texture"},"up":{"uv":[0,16,16,16],"texture":"#texture"},"north":{"uv":[0,3.5,16,4],"texture":"#texture"},"south":{"uv":[0,3.5,16,4],"texture":"#texture"},"west":{"uv":[16,3.5,16,4],"texture":"#texture"},"east":{"uv":[0,3.5,0,4],"texture":"#texture"}}},{"from":[-5.5,11.5,25],"to":[-5,12,28.5],"faces":{"down":{"uv":[16,16,16,16],"texture":"#texture"},"up":{"uv":[0,16,0,16],"texture":"#texture"},"north":{"uv":[16,4,16,4.5],"texture":"#texture"},"south":{"uv":[0,4,0,4.5],"texture":"#texture"},"west":{"uv":[16,4,16,4.5],"texture":"#texture"},"east":{"uv":[0,4,0,4.5],"texture":"#texture"}}},{"from":[21,11.5,25],"to":[21.5,12,28.5],"faces":{"down":{"uv":[0,16,0,16],"texture":"#texture"},"up":{"uv":[16,16,16,16],"texture":"#texture"},"north":{"uv":[0,4,0,4.5],"texture":"#texture"},"south":{"uv":[16,4,16,4.5],"texture":"#texture"},"west":{"uv":[16,4,16,4.5],"texture":"#texture"},"east":{"uv":[0,4,0,4.5],"texture":"#texture"}}},{"from":[-3,7.5,5.5],"to":[6.5,9,14.5],"faces":{"down":{"uv":[7,0.5,11.75,5],"texture":"#Seat"},"up":{"uv":[7,0.5,11.75,5],"rotation":180,"texture":"#Seat"},"north":{"uv":[7,4.75,11.75,5],"texture":"#Seat"},"south":{"uv":[7,0.5,11.75,0.75],"texture":"#Seat"},"west":{"uv":[11.5,0.5,11.75,5],"texture":"#Seat"},"east":{"uv":[7,0.5,7.25,5],"texture":"#Seat"}}},{"from":[-4,4,-3],"to":[21,4.5,19],"faces":{"down":{"uv":[0,0,16,16],"texture":"#CarColor"},"up":{"uv":[0,0,16,16],"texture":"#CarColor"},"north":{"uv":[0,0,16,16],"texture":"#CarColor"},"south":{"uv":[0,0,16,16],"texture":"#CarColor"},"west":{"uv":[0,0,16,16],"texture":"#CarColor"},"east":{"uv":[0,0,16,16],"texture":"#CarColor"}}},{"from":[-5,3,18.5],"to":[21,13,19.5],"rotation":{"origin":[-5,13,18.5],"axis":"x","angle":22.5},"faces":{"down":{"uv":[16,16,0,16],"texture":"#texture"},"up":{"uv":[0,16,16,16],"texture":"#texture"},"north":{"uv":[0,0,16,11.5],"texture":"#texture"},"south":{"uv":[0,0,16,11.5],"texture":"#texture"},"west":{"uv":[16,0,16,11.5],"texture":"#texture"},"east":{"uv":[0,0,0,11.5],"texture":"#texture"}}},{"from":[9.5,6,16.5],"to":[19,15.5,18],"rotation":{"origin":[9.5,15.5,16.5],"axis":"x","angle":22.5},"faces":{"down":{"uv":[0.5,6,5.25,6.25],"texture":"#Seat"},"up":{"uv":[0.5,0.5,5.25,0.75],"texture":"#Seat"},"north":{"uv":[0.5,0.5,5.25,6.25],"texture":"#Seat"},"south":{"uv":[5.5,0.5,6.5,1.5],"texture":"#Seat"},"west":{"uv":[0.5,0.5,0.75,6.25],"texture":"#Seat"},"east":{"uv":[0.5,0.5,0.75,6.25],"texture":"#Seat"}}},{"from":[-3,6,16.5],"to":[6.5,15.5,18],"rotation":{"origin":[-3,15.5,16.5],"axis":"x","angle":22.5},"faces":{"down":{"uv":[0.5,6,5.25,6.25],"texture":"#Seat"},"up":{"uv":[0.5,0.5,5.25,0.75],"texture":"#Seat"},"north":{"uv":[0.5,0.5,5.25,6.25],"texture":"#Seat"},"south":{"uv":[5.5,0.5,6.5,1.5],"texture":"#Seat"},"west":{"uv":[0.5,0.5,0.75,6.25],"texture":"#Seat"},"east":{"uv":[0.5,0.5,0.75,6.25],"texture":"#Seat"}}},{"from":[9.5,7.5,5.5],"to":[19,9,14.5],"faces":{"down":{"uv":[7,0.5,11.75,5],"texture":"#Seat"},"up":{"uv":[7,0.5,11.75,5],"rotation":180,"texture":"#Seat"},"north":{"uv":[7,4.75,11.75,5],"texture":"#Seat"},"south":{"uv":[7,0.5,11.75,0.75],"texture":"#Seat"},"west":{"uv":[11.5,0.5,11.75,5],"texture":"#Seat"},"east":{"uv":[7,0.5,7.25,5],"texture":"#Seat"}}},{"from":[-5,12.5,-3],"to":[21,13.5,-0.5],"faces":{"down":{"uv":[0,0,16,16],"texture":"#CarColor"},"up":{"uv":[0,0,16,16],"texture":"#CarColor"},"north":{"uv":[0,0,16,16],"texture":"#CarColor"},"south":{"uv":[0,0,16,16],"texture":"#CarColor"},"west":{"uv":[0,0,16,16],"texture":"#CarColor"},"east":{"uv":[0,0,16,16],"texture":"#CarColor"}}},{"from":[-5,8.5,-0.5],"to":[21,13.5,3],"rotation":{"origin":[-5,13.5,-0.5],"axis":"x","angle":45},"faces":{"down":{"uv":[0,0,16,16],"texture":"#CarColor"},"up":{"uv":[0,0,16,16],"texture":"#CarColor"},"north":{"uv":[0,0,16,16],"texture":"#CarColor"},"south":{"uv":[0,0,16,16],"texture":"#CarColor"},"west":{"uv":[0,0,16,16],"texture":"#CarColor"},"east":{"uv":[0,0,16,16],"texture":"#CarColor"}}},{"from":[-3.5,4.5,-4],"to":[20,11,-1],"faces":{"down":{"uv":[0,0,16,16],"texture":"#CarColor"},"up":{"uv":[0,0,16,16],"texture":"#CarColor"},"north":{"uv":[0,0,16,16],"texture":"#CarColor"},"south":{"uv":[0,0,16,16],"texture":"#CarColor"},"west":{"uv":[0,0,16,16],"texture":"#CarColor"},"east":{"uv":[0,0,16,16],"texture":"#CarColor"}}},{"from":[-5,4,5.5],"to":[21,7.5,15],"faces":{"down":{"uv":[0,0,16,16],"texture":"#CarColor"},"up":{"uv":[0,0,16,16],"texture":"#CarColor"},"north":{"uv":[0,0,16,16],"texture":"#CarColor"},"south":{"uv":[0,0,16,16],"texture":"#CarColor"},"west":{"uv":[0,0,16,16],"texture":"#CarColor"},"east":{"uv":[0,0,16,16],"texture":"#CarColor"}}},{"from":[-1,11,2.5],"to":[4.5,11.5,3],"rotation":{"origin":[-1,11.5,2.5],"axis":"x","angle":-45},"faces":{"down":{"uv":[4,0.5,5,1],"texture":"#Tire"},"up":{"uv":[4,0.5,5,1],"texture":"#Tire"},"north":{"uv":[4,0.5,5,1],"texture":"#Tire"},"south":{"uv":[4,0.5,5,1],"texture":"#Tire"},"west":{"uv":[5,0.5,5.5,1],"texture":"#Tire"},"east":{"uv":[5,0.5,5.5,1],"texture":"#Tire"}}},{"from":[-1,14,-0.5],"to":[4.5,14.5,0],"rotation":{"origin":[-1,14.5,-0.5],"axis":"x","angle":-45},"faces":{"down":{"uv":[4,0.5,5.5,1],"texture":"#Tire"},"up":{"uv":[4,0.5,5.5,1],"texture":"#Tire"},"north":{"uv":[4,0.5,5,1],"texture":"#Tire"},"south":{"uv":[4,0.5,5,1],"texture":"#Tire"},"west":{"uv":[4,0.5,4.5,1],"texture":"#Tire"},"east":{"uv":[4,0.5,4.5,1],"texture":"#Tire"}}},{"from":[4,10.25,-0.25],"to":[4.5,14.25,0.25],"rotation":{"origin":[4,14.25,-0.25],"axis":"x","angle":-45},"faces":{"down":{"uv":[4,0.5,4.5,1],"texture":"#Tire"},"up":{"uv":[4,0.5,4.5,1],"texture":"#Tire"},"north":{"uv":[5,0.5,5.5,1],"texture":"#Tire"},"south":{"uv":[5,0.5,5.5,1],"texture":"#Tire"},"west":{"uv":[4,0.5,6,1],"texture":"#Tire"},"east":{"uv":[4,0.5,6,1],"texture":"#Tire"}}},{"from":[-1,10.25,-0.25],"to":[-0.5,14.25,0.25],"rotation":{"origin":[-1,14.25,-0.25],"axis":"x","angle":-45},"faces":{"down":{"uv":[5,0.5,5.5,1],"texture":"#Tire"},"up":{"uv":[5,0.5,5.5,1],"texture":"#Tire"},"north":{"uv":[4.5,0.5,6,1],"texture":"#Tire"},"south":{"uv":[4.5,0.5,6,1],"texture":"#Tire"},"west":{"uv":[4,0.5,6,1],"texture":"#Tire"},"east":{"uv":[4,0.5,6,1],"texture":"#Tire"}}},{"from":[-0.5,13,0.5],"to":[4,13.5,1],"rotation":{"origin":[-0.5,13.5,0.5],"axis":"x","angle":-45},"faces":{"down":{"uv":[4,0.5,5.5,1],"texture":"#Tire"},"up":{"uv":[4,0.5,5.5,1],"texture":"#Tire"},"north":{"uv":[4,0.5,5.5,1],"texture":"#Tire"},"south":{"uv":[4,0.5,5.5,1],"texture":"#Tire"},"west":{"uv":[4,0.5,4.5,1],"texture":"#Tire"},"east":{"uv":[4,0.5,4.5,1],"texture":"#Tire"}}},{"from":[1.5,10.75,0.75],"to":[2,13.25,1.25],"rotation":{"origin":[1.5,13.25,0.75],"axis":"x","angle":-45},"faces":{"down":{"uv":[4,0.5,5,1],"texture":"#Tire"},"up":{"uv":[4,0.5,5,1],"texture":"#Tire"},"north":{"uv":[4,0.5,6,1],"texture":"#Tire"},"south":{"uv":[4,0.5,6,1],"texture":"#Tire"},"west":{"uv":[4,0.5,6,1],"texture":"#Tire"},"east":{"uv":[4,0.5,6,1],"texture":"#Tire"}}},{"from":[11.5,15,17.5],"to":[17,17.5,18.5],"rotation":{"origin":[11.5,17.5,17.5],"axis":"x","angle":22.5},"faces":{"down":{"uv":[5.5,0.5,6.5,1.5],"texture":"#Seat"},"up":{"uv":[5.5,0.5,6.5,1.5],"texture":"#Seat"},"north":{"uv":[5.5,0.5,6.5,1.5],"texture":"#Seat"},"south":{"uv":[5.5,0.5,6.5,1.5],"texture":"#Seat"},"west":{"uv":[5.5,0.5,6.5,1.5],"texture":"#Seat"},"east":{"uv":[5.5,0.5,6.5,1.5],"texture":"#Seat"}}},{"from":[-1,15,17.5],"to":[4.5,17.5,18.5],"rotation":{"origin":[-1,17.5,17.5],"axis":"x","angle":22.5},"faces":{"down":{"uv":[5.5,0.5,6.5,1.5],"texture":"#Seat"},"up":{"uv":[5.5,0.5,6.5,1.5],"texture":"#Seat"},"north":{"uv":[5.5,0.5,6.5,1.5],"texture":"#Seat"},"south":{"uv":[5.5,0.5,6.5,1.5],"texture":"#Seat"},"west":{"uv":[5.5,0.5,6.5,1.5],"texture":"#Seat"},"east":{"uv":[5.5,0.5,6.5,1.5],"texture":"#Seat"}}},{"from":[21.125,10.125,1.875],"to":[22,19.625,2.875],"rotation":{"origin":[21.125,19.625,1.875],"axis":"x","angle":45},"faces":{"down":{"uv":[4,0.5,5.5,1],"texture":"#Tire","cullface":"up"},"up":{"uv":[4,0.5,5.5,1],"texture":"#Tire","cullface":"up"},"north":{"uv":[4,0.5,6,1],"texture":"#Tire","cullface":"up"},"south":{"uv":[4,0.5,6,1],"texture":"#Tire","cullface":"up"},"west":{"uv":[4,0.5,6,1],"texture":"#Tire","cullface":"up"},"east":{"uv":[4,0.5,6,1],"texture":"#Tire","cullface":"up"}}},{"from":[-2.5,13,-2.5],"to":[6,14,-0.5],"faces":{"down":{"uv":[0,0,16,16],"texture":"#CarColor"},"up":{"uv":[0,0,16,16],"texture":"#CarColor"},"north":{"uv":[0,0,16,16],"texture":"#CarColor"},"south":{"uv":[0,0,16,16],"texture":"#CarColor"},"west":{"uv":[0,0,16,16],"texture":"#CarColor"},"east":{"uv":[0,0,16,16],"texture":"#CarColor"}}},{"from":[-2.5,13.5,-0.5],"to":[6,14,2.5],"rotation":{"origin":[-2.5,14,-0.5],"axis":"x","angle":45},"faces":{"down":{"uv":[0,0,16,16],"texture":"#CarColor"},"up":{"uv":[0,0,16,16],"texture":"#CarColor"},"north":{"uv":[0,0,16,16],"texture":"#CarColor"},"south":{"uv":[0,0,16,16],"texture":"#CarColor"},"west":{"uv":[0,0,16,16],"texture":"#CarColor"},"east":{"uv":[0,0,16,16],"texture":"#CarColor"}}},{"from":[1.5,12.25,0.625],"to":[2,12.75,1.125],"rotation":{"origin":[1.5,12.75,0.625],"axis":"x","angle":-45},"faces":{"down":{"uv":[0,0,16,16],"texture":"#CarColor"},"up":{"uv":[0,0,16,16],"texture":"#CarColor"},"north":{"uv":[0,0,16,16],"texture":"#CarColor"},"south":{"uv":[0,0,16,16],"texture":"#CarColor"},"west":{"uv":[0,0,16,16],"texture":"#CarColor"},"east":{"uv":[0,0,16,16],"texture":"#CarColor"}}},{"from":[-2,11.5,18.5],"to":[6,16,20.5],"faces":{"down":{"uv":[16,16,10.5,16],"texture":"#texture"},"up":{"uv":[0,16,5.5,16],"texture":"#texture"},"north":{"uv":[10.5,2,16,5],"texture":"#texture"},"south":{"uv":[0,2,5.5,5],"texture":"#texture"},"west":{"uv":[16,2,16,5],"texture":"#texture"},"east":{"uv":[0,2,0,5],"texture":"#texture"}}},{"from":[10,11.5,18.5],"to":[18,16,20.5],"faces":{"down":{"uv":[6,16,0,16],"texture":"#texture"},"up":{"uv":[10,16,16,16],"texture":"#texture"},"north":{"uv":[0,0,6,4.5],"texture":"#texture"},"south":{"uv":[10,0,16,4.5],"texture":"#texture"},"west":{"uv":[16,0,16,4.5],"texture":"#texture"},"east":{"uv":[0,0,0,4.5],"texture":"#texture"}}},{"from":[-2,12.5,20.5],"to":[6,16,29.5],"rotation":{"origin":[-2,16,20.5],"axis":"x","angle":22.5},"faces":{"down":{"uv":[16,16,16,16],"texture":"#texture"},"up":{"uv":[0,16,0,16],"texture":"#texture"},"north":{"uv":[16,0,16,1],"texture":"#texture"},"south":{"uv":[0,0,0,1],"texture":"#texture"},"west":{"uv":[16,0,16,1],"texture":"#texture"},"east":{"uv":[0,0,0,1],"texture":"#texture"}}},{"from":[10,12.5,20.5],"to":[18,16,29.5],"rotation":{"origin":[10,16,20.5],"axis":"x","angle":22.5},"faces":{"down":{"uv":[16,16,16,16],"texture":"#texture"},"up":{"uv":[0,16,0,16],"texture":"#texture"},"north":{"uv":[16,0,16,1],"texture":"#texture"},"south":{"uv":[0,0,0,1],"texture":"#texture"},"west":{"uv":[16,0,16,1],"texture":"#texture"},"east":{"uv":[0,0,0,1],"texture":"#texture"}}},{"from":[6,11.5,18.5],"to":[10,15,20.5],"faces":{"down":{"uv":[10,16,6,16],"texture":"#texture"},"up":{"uv":[6,16,10,16],"texture":"#texture"},"north":{"uv":[6,1,10,4.5],"texture":"#texture"},"south":{"uv":[6,1,10,4.5],"texture":"#texture"},"west":{"uv":[16,1,16,4.5],"texture":"#texture"},"east":{"uv":[0,1,0,4.5],"texture":"#texture"}}},{"from":[18,12.5,20],"to":[20,15,27],"rotation":{"origin":[18,15,20],"axis":"x","angle":22.5},"faces":{"down":{"uv":[16,16,16,16],"texture":"#texture"},"up":{"uv":[0,16,0,16],"texture":"#texture"},"north":{"uv":[16,2,16,4.5],"texture":"#texture"},"south":{"uv":[0,2,0,4.5],"texture":"#texture"},"west":{"uv":[16,2,16,4.5],"texture":"#texture"},"east":{"uv":[0,2,0,4.5],"texture":"#texture"}}},{"from":[6,11.5,20.5],"to":[10,15,29.5],"rotation":{"origin":[6,15,20.5],"axis":"x","angle":22.5},"faces":{"down":{"uv":[16,16,16,16],"texture":"#texture"},"up":{"uv":[0,16,0,16],"texture":"#texture"},"north":{"uv":[16,0.5,16,4],"texture":"#texture"},"south":{"uv":[0,0.5,0,4],"texture":"#texture"},"west":{"uv":[16,0.5,16,4],"texture":"#texture"},"east":{"uv":[0,0.5,0,4],"texture":"#texture"}}},{"from":[-4,12.5,20],"to":[-2,15,27],"rotation":{"origin":[-4,15,20],"axis":"x","angle":22.5},"faces":{"down":{"uv":[16,16,16,16],"texture":"#texture"},"up":{"uv":[0,16,0,16],"texture":"#texture"},"north":{"uv":[16,2,16,4.5],"texture":"#texture"},"south":{"uv":[0,2,0,4.5],"texture":"#texture"},"west":{"uv":[16,2,16,4.5],"texture":"#texture"},"east":{"uv":[0,2,0,4.5],"texture":"#texture"}}},{"from":[-5,12,29],"to":[21,12.5,30.5],"rotation":{"origin":[-5,12.5,29],"axis":"x","angle":22.5},"faces":{"down":{"uv":[16,16,16,16],"texture":"#texture"},"up":{"uv":[0,16,0,16],"texture":"#texture"},"north":{"uv":[16,3.5,16,4],"texture":"#texture"},"south":{"uv":[0,3.5,0,4],"texture":"#texture"},"west":{"uv":[16,3.5,16,4],"texture":"#texture"},"east":{"uv":[0,3.5,0,4],"texture":"#texture"}}},{"from":[12,12.5,-13.5],"to":[21,13,-5.5],"faces":{"down":{"uv":[4,0,0,0],"texture":"#texture"},"up":{"uv":[12,0,16,0],"texture":"#texture"},"north":{"uv":[0,3,4,3.5],"texture":"#texture"},"south":{"uv":[12,3,16,3.5],"texture":"#texture"},"west":{"uv":[0,3,0,3.5],"texture":"#texture"},"east":{"uv":[16,3,16,3.5],"texture":"#texture"}}},{"from":[-5,12.5,-13.5],"to":[4,13,-5.5],"faces":{"down":{"uv":[16,0,12,0],"texture":"#texture"},"up":{"uv":[0,0,4,0],"texture":"#texture"},"north":{"uv":[12,3,16,3.5],"texture":"#texture"},"south":{"uv":[0,3,4,3.5],"texture":"#texture"},"west":{"uv":[0,3,0,3.5],"texture":"#texture"},"east":{"uv":[16,3,16,3.5],"texture":"#texture"}}},{"from":[-5.5,12,-13.5],"to":[21.5,12.5,-2.5],"faces":{"down":{"uv":[16,0,0,0],"texture":"#texture"},"up":{"uv":[0,0,16,0],"texture":"#texture"},"north":{"uv":[0,3.5,16,4],"texture":"#texture"},"south":{"uv":[0,3.5,16,4],"texture":"#texture"},"west":{"uv":[0,3.5,0,4],"texture":"#texture"},"east":{"uv":[16,3.5,16,4],"texture":"#texture"}}},{"from":[3.625,9.5,-15.25],"to":[12.625,10.75,-12.75],"rotation":{"origin":[3.625,10.75,-15.25],"axis":"x","angle":-45},"faces":{"down":{"uv":[16,0,12,0],"texture":"#texture"},"up":{"uv":[0,0,4,0],"texture":"#texture"},"north":{"uv":[12,2,16,2.5],"texture":"#texture"},"south":{"uv":[0,2,4,2.5],"texture":"#texture"},"west":{"uv":[0,2,0,2.5],"texture":"#texture"},"east":{"uv":[16,2,16,2.5],"texture":"#texture"}}},{"from":[12,10,-15.25],"to":[21,11.25,-12.75],"rotation":{"origin":[12,11.25,-15.25],"axis":"x","angle":-45},"faces":{"down":{"uv":[16,0,12,0],"texture":"#texture"},"up":{"uv":[0,0,4,0],"texture":"#texture"},"north":{"uv":[12,2,16,2.5],"texture":"#texture"},"south":{"uv":[0,2,4,2.5],"texture":"#texture"},"west":{"uv":[0,2,0,2.5],"texture":"#texture"},"east":{"uv":[16,2,16,2.5],"texture":"#texture"}}},{"from":[-5,10,-15.25],"to":[4,11.25,-12.75],"rotation":{"origin":[-5,11.25,-15.25],"axis":"x","angle":-45},"faces":{"down":{"uv":[16,0,12,0],"texture":"#texture"},"up":{"uv":[0,0,4,0],"texture":"#texture"},"north":{"uv":[12,2,16,2.5],"texture":"#texture"},"south":{"uv":[0,2,4,2.5],"texture":"#texture"},"west":{"uv":[0,2,0,2.5],"texture":"#texture"},"east":{"uv":[16,2,16,2.5],"texture":"#texture"}}},{"from":[0.625,12.5,-10],"to":[4.125,13,-3],"rotation":{"origin":[0.625,12.5,-10],"axis":"y","angle":22.5},"faces":{"down":{"uv":[11.5,0,4.5,0],"texture":"#texture"},"up":{"uv":[4.5,0,11.5,0],"texture":"#texture"},"north":{"uv":[4.5,0,11.5,0.5],"texture":"#texture"},"south":{"uv":[4.5,0,11.5,0.5],"texture":"#texture"},"west":{"uv":[0,0,0,0.5],"texture":"#texture"},"east":{"uv":[16,0,16,0.5],"texture":"#texture"}}},{"from":[12.125,12.5,-11.375],"to":[15.625,13,-4.375],"rotation":{"origin":[12.125,12.5,-11.375],"axis":"y","angle":-22.5},"faces":{"down":{"uv":[11.5,0,4.5,0],"texture":"#texture"},"up":{"uv":[4.5,0,11.5,0],"texture":"#texture"},"north":{"uv":[4.5,0,11.5,0.5],"texture":"#texture"},"south":{"uv":[4.5,0,11.5,0.5],"texture":"#texture"},"west":{"uv":[0,0,0,0.5],"texture":"#texture"},"east":{"uv":[16,0,16,0.5],"texture":"#texture"}}},{"from":[2.875,11.875,-11],"to":[12,12.75,-4.75],"faces":{"down":{"uv":[13.125,0,4,0],"texture":"#texture"},"up":{"uv":[2.875,0,12,0],"texture":"#texture"},"north":{"uv":[4,3.25,13.125,4.125],"texture":"#texture"},"south":{"uv":[2.875,3.25,12,4.125],"texture":"#texture"},"west":{"uv":[0,3.25,0,4.125],"texture":"#texture"},"east":{"uv":[16,3.25,16,4.125],"texture":"#texture"}}}],"display":{"gui":{"rotation":[24,-180,-40],"translation":[-0.2,-0.4,0],"scale":[0.7,0.5,0.5]}}}